Orthogroup	Insecta_Diptera_Drosophila_melanogaster	Chordata_Vertebrata_Bos_taurus
OG0000000	Drosophila_melanogaster_tr_Q9VF34_Q9VF34_DROME tr|Q9VF34|Q9VF34_DROME Fibrinogen C-terminal domain-containing protein OS=Drosophila melanogaster OX=7227 GN=FBpp0082632 PE=4 SV=2	XP_005210603.1 tenascin isoform X1 [Bos taurus], XP_010811641.2 tenascin-N isoform X1 [Bos taurus]
OG0000000	Drosophila_melanogaster_tr_Q9VME7_Q9VME7_DROME tr|Q9VME7|Q9VME7_DROME Fibrinogen C-terminal domain-containing protein OS=Drosophila melanogaster OX=7227 GN=AAF52372 PE=4 SV=4, Drosophila_melanogaster_tr_Q4V4U2_Q4V4U2_DROME tr|Q4V4U2|Q4V4U2_DROME IP08170p OS=Drosophila melanogaster OX=7227 GN=AAF46801 PE=2 SV=1, Drosophila_melanogaster_tr_A1ZAJ8_A1ZAJ8_DROME tr|A1ZAJ8|A1ZAJ8_DROME FI17311p1 OS=Drosophila melanogaster OX=7227 GN=AAL48972 PE=2 SV=1, Drosophila_melanogaster_tr_A0A0B4K7T3_A0A0B4K7T3_DROME tr|A0A0B4K7T3|A0A0B4K7T3_DROME Uncharacterized protein_ isoform B OS=Drosophila melanogaster OX=7227 GN=AAF57948 PE=4 SV=1, Drosophila_melanogaster_tr_Q8SYS3_Q8SYS3_DROME tr|Q8SYS3|Q8SYS3_DROME RE38860p OS=Drosophila melanogaster OX=7227 GN=CG5550 PE=2 SV=1	XP_005213566.1 ficolin-2 isoform X2 [Bos taurus], XP_024834735.2 LOW QUALITY PROTEIN_ ficolin-3 [Bos taurus]
OG0000000	Drosophila_melanogaster_tr_Q9VX04_Q9VX04_DROME tr|Q9VX04|Q9VX04_DROME LP06940p OS=Drosophila melanogaster OX=7227 GN=FBpp0074269 PE=2 SV=2, Drosophila_melanogaster_tr_Q9W302_Q9W302_DROME tr|Q9W302|Q9W302_DROME GH05177p OS=Drosophila melanogaster OX=7227 GN=AAF46535 PE=2 SV=2, Drosophila_melanogaster_tr_M9PHH5_M9PHH5_DROME tr|M9PHH5|M9PHH5_DROME Uncharacterized protein_ isoform C OS=Drosophila melanogaster OX=7227 GN=FBpp0071364 PE=4 SV=1, Drosophila_melanogaster_tr_Q8MR72_Q8MR72_DROME tr|Q8MR72|Q8MR72_DROME GH01991p OS=Drosophila melanogaster OX=7227 GN=AAF46535 PE=2 SV=1, Drosophila_melanogaster_tr_Q9W301_Q9W301_DROME tr|Q9W301|Q9W301_DROME GH12692p OS=Drosophila melanogaster OX=7227 GN=Dmel\CG1889 PE=2 SV=1, Drosophila_melanogaster_tr_Q8IRM2_Q8IRM2_DROME tr|Q8IRM2|Q8IRM2_DROME Uncharacterized protein_ isoform D OS=Drosophila melanogaster OX=7227 GN=AAN09619 PE=4 SV=2, Drosophila_melanogaster_tr_A1Z7G6_A1Z7G6_DROME tr|A1Z7G6|A1Z7G6_DROME Fibrinogen C-terminal domain-containing protein _Fragment_ OS=Drosophila melanogaster OX=7227 GN=AAF59068 PE=4 SV=2, Drosophila_melanogaster_tr_Q95S38_Q95S38_DROME tr|Q95S38|Q95S38_DROME GM10015p OS=Drosophila melanogaster OX=7227 GN=CG10359 PE=2 SV=1, Drosophila_melanogaster_tr_B7Z0B3_B7Z0B3_DROME tr|B7Z0B3|B7Z0B3_DROME Uncharacterized protein_ isoform G OS=Drosophila melanogaster OX=7227 GN=AAF47782 PE=1 SV=1, Drosophila_melanogaster_tr_Q9VZN7_Q9VZN7_DROME tr|Q9VZN7|Q9VZN7_DROME RE57309p OS=Drosophila melanogaster OX=7227 GN=CG10359 PE=2 SV=2, Drosophila_melanogaster_tr_B7Z0B2_B7Z0B2_DROME tr|B7Z0B2|B7Z0B2_DROME Uncharacterized protein_ isoform E OS=Drosophila melanogaster OX=7227 GN=AAF47782 PE=1 SV=1	XP_005217494.2 fibrinogen alpha chain isoform X1 [Bos taurus], sp|P02672.5|FIBA_BOVIN RecName_ Full=Fibrinogen alpha chain; Contains_ RecName_ Full=Fibrinopeptide A; Contains_ RecName_ Full=Fibrinogen alpha chain; Flags_ Precursor, sp|P02672.5|FIBA_BOVIN RecName_ Full=Fibrinogen alpha chain; Contains_ RecName_ Full=Fibrinopeptide A; Contains_ RecName_ Full=Fibrinogen alpha chain; Flags_ Precursor, XP_005226015.1 fibrinogen-like protein 1 isoform X1 [Bos taurus], NP_001103284.1 angiopoietin-related protein 2 precursor [Bos taurus], sp|Q1RMR1.1|ANGL1_BOVIN RecName_ Full=Angiopoietin-related protein 1; AltName_ Full=Angiopoietin-like protein 1; Flags_ Precursor, XP_005208819.1 angiopoietin-related protein 6 isoform X1 [Bos taurus], sp|Q5EA66.1|ANGL7_BOVIN RecName_ Full=Angiopoietin-related protein 7; AltName_ Full=Angiopoietin-like protein 7; Flags_ Precursor
OG0000000	Drosophila_melanogaster_tr_E8Z4Z6_E8Z4Z6_DROME tr|E8Z4Z6|E8Z4Z6_DROME Uncharacterized protein_ isoform D OS=Drosophila melanogaster OX=7227 GN=CG17443 PE=4 SV=1, Drosophila_melanogaster_tr_Q5BIB8_Q5BIB8_DROME tr|Q5BIB8|Q5BIB8_DROME RE19569p OS=Drosophila melanogaster OX=7227 GN=CG17443 PE=2 SV=1, Drosophila_melanogaster_tr_A8QHX1_A8QHX1_DROME tr|A8QHX1|A8QHX1_DROME Uncharacterized protein_ isoform B OS=Drosophila melanogaster OX=7227 GN=Dmel\CG41520 PE=4 SV=1	sp|Q24K15.1|ANGP4_BOVIN RecName_ Full=Angiopoietin-4; Short=ANG-4; Flags_ Precursor, sp|O77802.3|ANGP2_BOVIN RecName_ Full=Angiopoietin-2; Short=ANG-2; Flags_ Precursor, XP_059749109.1 angiopoietin-1 isoform X1 [Bos taurus]
OG0000000	Drosophila_melanogaster_sp_P21520_SCA_DROME sp|P21520|SCA_DROME Protein scabrous OS=Drosophila melanogaster OX=7227 GN=sca PE=2 SV=3	NP_001073814.1 angiopoietin-related protein 3 precursor [Bos taurus]
OG0000001	Drosophila_melanogaster_sp_P11046_LAMB1_DROME sp|P11046|LAMB1_DROME Laminin subunit beta-1 OS=Drosophila melanogaster OX=7227 GN=LanB1 PE=1 SV=4	NP_001039712.2 laminin subunit beta-2 precursor [Bos taurus], DAA30633.1 TPA_ laminin_ beta 1 [Bos taurus]
OG0000001	Drosophila_melanogaster_sp_Q24568_NETB_DROME sp|Q24568|NETB_DROME Netrin-B OS=Drosophila melanogaster OX=7227 GN=NetB PE=1 SV=1, Drosophila_melanogaster_tr_E1JJP7_E1JJP7_DROME tr|E1JJP7|E1JJP7_DROME Netrin-B_ isoform B OS=Drosophila melanogaster OX=7227 GN=NetB PE=4 SV=1, Drosophila_melanogaster_tr_M9PH47_M9PH47_DROME tr|M9PH47|M9PH47_DROME Netrin-B_ isoform G OS=Drosophila melanogaster OX=7227 GN=NetB PE=4 SV=1, Drosophila_melanogaster_tr_Q95SP5_Q95SP5_DROME tr|Q95SP5|Q95SP5_DROME GH10173p OS=Drosophila melanogaster OX=7227 GN=NetB PE=2 SV=1	NP_001193801.1 netrin-5 precursor [Bos taurus]
OG0000001	Drosophila_melanogaster_sp_Q24567_NETA_DROME sp|Q24567|NETA_DROME Netrin-A OS=Drosophila melanogaster OX=7227 GN=NetA PE=2 SV=2, Drosophila_melanogaster_tr_X2JEZ9_X2JEZ9_DROME tr|X2JEZ9|X2JEZ9_DROME Netrin-A_ isoform C OS=Drosophila melanogaster OX=7227 GN=NetA PE=4 SV=1, Drosophila_melanogaster_tr_M9NF48_M9NF48_DROME tr|M9NF48|M9NF48_DROME Netrin-A_ isoform B OS=Drosophila melanogaster OX=7227 GN=NetA PE=4 SV=1	NP_001193834.1 netrin-3 precursor [Bos taurus], NP_001179495.1 netrin-1 precursor [Bos taurus]
OG0000001	Drosophila_melanogaster_tr_X2JAW6_X2JAW6_DROME tr|X2JAW6|X2JAW6_DROME Laminin B2_ isoform B OS=Drosophila melanogaster OX=7227 GN=LanB2 PE=4 SV=1, Drosophila_melanogaster_sp_P15215_LAMC1_DROME sp|P15215|LAMC1_DROME Laminin subunit gamma-1 OS=Drosophila melanogaster OX=7227 GN=LanB2 PE=2 SV=2	NP_001193746.1 laminin subunit gamma-1 precursor [Bos taurus]
OG0000002	Drosophila_melanogaster_tr_Q968S4_Q968S4_DROME tr|Q968S4|Q968S4_DROME Putative thrombospondin OS=Drosophila melanogaster OX=7227 GN=Tsp PE=2 SV=1, Drosophila_melanogaster_tr_Q9VM97_Q9VM97_DROME tr|Q9VM97|Q9VM97_DROME Thrombospondin_ isoform A OS=Drosophila melanogaster OX=7227 GN=Tsp PE=3 SV=2, Drosophila_melanogaster_tr_B7Z030_B7Z030_DROME tr|B7Z030|B7Z030_DROME Thrombospondin_ isoform G OS=Drosophila melanogaster OX=7227 GN=Tsp PE=3 SV=1	sp|P35445.2|COMP_BOVIN RecName_ Full=Cartilage oligomeric matrix protein; Short=COMP; Flags_ Precursor, NP_001095309.1 thrombospondin-3 precursor [Bos taurus], XP_059746602.1 thrombospondin-4 isoform X1 [Bos taurus]
OG0000002	Drosophila_melanogaster_tr_Q7YU67_Q7YU67_DROME tr|Q7YU67|Q7YU67_DROME RE68041p OS=Drosophila melanogaster OX=7227 GN=Sema5c PE=2 SV=1, Drosophila_melanogaster_tr_Q9VTT0_Q9VTT0_DROME tr|Q9VTT0|Q9VTT0_DROME Semaphorin 5c_ isoform A OS=Drosophila melanogaster OX=7227 GN=Sema5c PE=4 SV=3, Drosophila_melanogaster_tr_Q9U631_Q9U631_DROME tr|Q9U631|Q9U631_DROME Semaphorin 5C OS=Drosophila melanogaster OX=7227 GN=Sema5c PE=2 SV=1	XP_010815150.2 semaphorin-5A [Bos taurus], XP_002684855.2 semaphorin-5B isoform X1 [Bos taurus]
OG0000002	Drosophila_melanogaster_sp_Q24322_SEM1A_DROME sp|Q24322|SEM1A_DROME Semaphorin-1A OS=Drosophila melanogaster OX=7227 GN=Sema1a PE=1 SV=3, Drosophila_melanogaster_tr_Q0E8S4_Q0E8S4_DROME tr|Q0E8S4|Q0E8S4_DROME Semaphorin 1a_ isoform D OS=Drosophila melanogaster OX=7227 GN=Sema1a PE=1 SV=2, Drosophila_melanogaster_tr_M9PCL7_M9PCL7_DROME tr|M9PCL7|M9PCL7_DROME Semaphorin 1a_ isoform G OS=Drosophila melanogaster OX=7227 GN=Sema1a PE=1 SV=1, Drosophila_melanogaster_tr_M9PFA5_M9PFA5_DROME tr|M9PFA5|M9PFA5_DROME Semaphorin 1a_ isoform H OS=Drosophila melanogaster OX=7227 GN=Sema1a PE=1 SV=1, Drosophila_melanogaster_tr_M9PB77_M9PB77_DROME tr|M9PB77|M9PB77_DROME Semaphorin 1a_ isoform I OS=Drosophila melanogaster OX=7227 GN=Sema1a PE=1 SV=1, Drosophila_melanogaster_tr_M9MRI2_M9MRI2_DROME tr|M9MRI2|M9MRI2_DROME Semaphorin 1a_ isoform F OS=Drosophila melanogaster OX=7227 GN=Sema1a PE=1 SV=1, Drosophila_melanogaster_tr_Q7KK54_Q7KK54_DROME tr|Q7KK54|Q7KK54_DROME MIP07328p OS=Drosophila melanogaster OX=7227 GN=Sema1b PE=1 SV=1, Drosophila_melanogaster_tr_O44253_O44253_DROME tr|O44253|O44253_DROME Similar to semaphorin-I OS=Drosophila melanogaster OX=7227 GN=Sema1b PE=2 SV=1	XP_059746380.1 semaphorin-6D isoform X1 [Bos taurus], XP_005209195.1 semaphorin-6A isoform X1 [Bos taurus], XP_024850768.2 semaphorin-6B isoform X2 [Bos taurus], XP_024845741.1 semaphorin-6C isoform X1 [Bos taurus]
OG0000003	Drosophila_melanogaster_tr_Q9W468_Q9W468_DROME tr|Q9W468|Q9W468_DROME GH28601p OS=Drosophila melanogaster OX=7227 GN=Dmel\CG15765 PE=2 SV=2	NP_001193132.1 C-type lectin domain family 5 member A [Bos taurus]
OG0000006	Drosophila_melanogaster_tr_Q058W1_Q058W1_DROME tr|Q058W1|Q058W1_DROME Hig-anchoring scaffold protein_ isoform D OS=Drosophila melanogaster OX=7227 GN=Hasp PE=1 SV=1, Drosophila_melanogaster_tr_Q9VIU9_Q9VIU9_DROME tr|Q9VIU9|Q9VIU9_DROME Hig-anchoring scaffold protein_ isoform C OS=Drosophila melanogaster OX=7227 GN=Hasp PE=1 SV=3, Drosophila_melanogaster_tr_B7YZX0_B7YZX0_DROME tr|B7YZX0|B7YZX0_DROME Hig-anchoring scaffold protein_ isoform G OS=Drosophila melanogaster OX=7227 GN=Hasp PE=1 SV=2, Drosophila_melanogaster_tr_Q8INW2_Q8INW2_DROME tr|Q8INW2|Q8INW2_DROME Hig-anchoring scaffold protein_ isoform A OS=Drosophila melanogaster OX=7227 GN=Hasp PE=1 SV=1, Drosophila_melanogaster_sp_Q09101_HIG_DROME sp|Q09101|HIG_DROME Locomotion-related protein Hikaru genki OS=Drosophila melanogaster OX=7227 GN=hig PE=1 SV=2	NP_001411858.1 CUB and sushi domain-containing protein 3 [Bos taurus], NP_001411858.1 CUB and sushi domain-containing protein 3 [Bos taurus], NP_001411858.1 CUB and sushi domain-containing protein 3 [Bos taurus], NP_001411858.1 CUB and sushi domain-containing protein 3 [Bos taurus]
OG0000007	Drosophila_melanogaster_tr_M9PHP7_M9PHP7_DROME tr|M9PHP7|M9PHP7_DROME Faulty attraction_ isoform F OS=Drosophila melanogaster OX=7227 GN=frac PE=4 SV=1, Drosophila_melanogaster_tr_Q9VS89_Q9VS89_DROME tr|Q9VS89|Q9VS89_DROME FI18763p1 OS=Drosophila melanogaster OX=7227 GN=frac PE=2 SV=4, Drosophila_melanogaster_tr_Q8MQJ4_Q8MQJ4_DROME tr|Q8MQJ4|Q8MQJ4_DROME LD32019p _Fragment_ OS=Drosophila melanogaster OX=7227 GN=frac PE=2 SV=1	XP_024855952.1 growth arrest-specific protein 6 [Bos taurus]
OG0000009	Drosophila_melanogaster_tr_Q49II5_Q49II5_DROME tr|Q49II5|Q49II5_DROME Metalloendopeptidase _Fragment_ OS=Drosophila melanogaster OX=7227 GN=tok PE=4 SV=1, Drosophila_melanogaster_tr_Q49IJ1_Q49IJ1_DROME tr|Q49IJ1|Q49IJ1_DROME Metalloendopeptidase _Fragment_ OS=Drosophila melanogaster OX=7227 GN=tok PE=4 SV=1, Drosophila_melanogaster_tr_Q49IJ0_Q49IJ0_DROME tr|Q49IJ0|Q49IJ0_DROME Metalloendopeptidase _Fragment_ OS=Drosophila melanogaster OX=7227 GN=tok PE=4 SV=1, Drosophila_melanogaster_tr_Q49II8_Q49II8_DROME tr|Q49II8|Q49II8_DROME Metalloendopeptidase _Fragment_ OS=Drosophila melanogaster OX=7227 GN=tok PE=4 SV=1, Drosophila_melanogaster_tr_Q49II0_Q49II0_DROME tr|Q49II0|Q49II0_DROME Metalloendopeptidase _Fragment_ OS=Drosophila melanogaster OX=7227 GN=tok PE=4 SV=1, Drosophila_melanogaster_tr_Q49II7_Q49II7_DROME tr|Q49II7|Q49II7_DROME Metalloendopeptidase _Fragment_ OS=Drosophila melanogaster OX=7227 GN=tok PE=4 SV=1, Drosophila_melanogaster_tr_Q49IK4_Q49IK4_DROME tr|Q49IK4|Q49IK4_DROME Metalloendopeptidase _Fragment_ OS=Drosophila melanogaster OX=7227 GN=tok PE=4 SV=1, Drosophila_melanogaster_sp_Q9VC47_TOK_DROME sp|Q9VC47|TOK_DROME Protein tolkin OS=Drosophila melanogaster OX=7227 GN=tok PE=1 SV=1, Drosophila_melanogaster_tr_Q7YU36_Q7YU36_DROME tr|Q7YU36|Q7YU36_DROME Metalloendopeptidase OS=Drosophila melanogaster OX=7227 GN=tld PE=2 SV=1, Drosophila_melanogaster_sp_P25723_TLD_DROME sp|P25723|TLD_DROME Dorsal-ventral patterning protein tolloid OS=Drosophila melanogaster OX=7227 GN=tld PE=2 SV=2	DAA14866.1 TPA_ tolloid-like 2-like [Bos taurus], XP_002698454.2 tolloid-like protein 2 isoform X1 [Bos taurus], NP_001180043.1 tolloid-like protein 1 precursor [Bos taurus]
OG0000010	Drosophila_melanogaster_tr_Q86NV3_Q86NV3_DROME tr|Q86NV3|Q86NV3_DROME Follistatin_ isoform A OS=Drosophila melanogaster OX=7227 GN=Fs PE=2 SV=1, Drosophila_melanogaster_tr_A0A0B4LFH4_A0A0B4LFH4_DROME tr|A0A0B4LFH4|A0A0B4LFH4_DROME Follistatin_ isoform B OS=Drosophila melanogaster OX=7227 GN=Fs PE=4 SV=1, Drosophila_melanogaster_tr_Q8WR59_Q8WR59_DROME tr|Q8WR59|Q8WR59_DROME Follistatin OS=Drosophila melanogaster OX=7227 GN=Fs PE=2 SV=1	sp|Q1LZB9.1|FSTL3_BOVIN RecName_ Full=Follistatin-related protein 3; AltName_ Full=Follistatin-like protein 3; Flags_ Precursor
OG0000012	Drosophila_melanogaster_tr_Q9U5D0_Q9U5D0_DROME tr|Q9U5D0|Q9U5D0_DROME Hemolectin OS=Drosophila melanogaster OX=7227 GN=Hml PE=2 SV=1, Drosophila_melanogaster_tr_Q9VU94_Q9VU94_DROME tr|Q9VU94|Q9VU94_DROME Hemolectin_ isoform A OS=Drosophila melanogaster OX=7227 GN=Hml PE=1 SV=2, Drosophila_melanogaster_tr_M9PCE5_M9PCE5_DROME tr|M9PCE5|M9PCE5_DROME Hemolectin_ isoform B OS=Drosophila melanogaster OX=7227 GN=Hml PE=1 SV=1, Drosophila_melanogaster_tr_Q8MS79_Q8MS79_DROME tr|Q8MS79|Q8MS79_DROME LP05709p OS=Drosophila melanogaster OX=7227 GN=Hml PE=2 SV=1	sp|P98091.2|MUC19_BOVIN RecName_ Full=Mucin-19; Short=MUC-19; AltName_ Full=Submaxillary mucin-like protein; Flags_ Precursor, XP_024843363.1 LOW QUALITY PROTEIN_ mucin-2 [Bos taurus], CBL80808.1 TPA_ mucin-5AC [Bos taurus], XP_059739142.1 mucin-5B [Bos taurus], sp|P98167.2|SSPO_BOVIN RecName_ Full=SCO-spondin; Flags_ Precursor, sp|P98167.2|SSPO_BOVIN RecName_ Full=SCO-spondin; Flags_ Precursor, pir||A34102 von Willebrand factor - bovine _fragments_, XP_059742803.1 otogelin-like protein [Bos taurus], DAA22321.1 TPA_ Otogelin-like [Bos taurus]
OG0000012	Drosophila_melanogaster_tr_Q9W2H2_Q9W2H2_DROME tr|Q9W2H2|Q9W2H2_DROME Crossveinless 2 OS=Drosophila melanogaster OX=7227 GN=cv-2 PE=2 SV=2, Drosophila_melanogaster_tr_Q9GYX3_Q9GYX3_DROME tr|Q9GYX3|Q9GYX3_DROME Crossveinless 2 OS=Drosophila melanogaster OX=7227 GN=cv-2 PE=2 SV=2	NP_001071465.1 BMP-binding endothelial regulator protein precursor [Bos taurus], DAA30402.1 TPA_ kielin/chordin-like protein [Bos taurus], NP_001178138.1 von Willebrand factor C and EGF domain-containing protein precursor [Bos taurus]
OG0000013	Drosophila_melanogaster_tr_Q9VM26_Q9VM26_DROME tr|Q9VM26|Q9VM26_DROME Protein Wnt OS=Drosophila melanogaster OX=7227 GN=Wnt6 PE=2 SV=3	NP_001192492.1 protein Wnt-6 precursor [Bos taurus]
OG0000013	Drosophila_melanogaster_sp_P09615_WNTG_DROME sp|P09615|WNTG_DROME Protein wingless OS=Drosophila melanogaster OX=7227 GN=wg PE=1 SV=1	NP_001107663.1 proto-oncogene Wnt-1 precursor [Bos taurus]
OG0000013	Drosophila_melanogaster_sp_P28465_WNT2_DROME sp|P28465|WNT2_DROME Protein Wnt-2 OS=Drosophila melanogaster OX=7227 GN=Wnt2 PE=2 SV=2, Drosophila_melanogaster_tr_A0A0B4LFY4_A0A0B4LFY4_DROME tr|A0A0B4LFY4|A0A0B4LFY4_DROME Protein Wnt OS=Drosophila melanogaster OX=7227 GN=Wnt2 PE=3 SV=1	NP_001179717.1 protein Wnt-7a [Bos taurus], XP_024848596.2 protein Wnt-7b isoform X1 [Bos taurus]
OG0000013	Drosophila_melanogaster_sp_Q9VFX1_WNT8_DROME sp|Q9VFX1|WNT8_DROME Wnt inhibitor of Dorsal protein OS=Drosophila melanogaster OX=7227 GN=wntD PE=1 SV=2	NP_001179299.1 protein Wnt-8a [Bos taurus], XP_059737951.1 protein Wnt-8b [Bos taurus]
OG0000013	Drosophila_melanogaster_tr_Q9VM25_Q9VM25_DROME tr|Q9VM25|Q9VM25_DROME Protein Wnt OS=Drosophila melanogaster OX=7227 GN=Wnt10 PE=3 SV=4	DAA29954.1 TPA_ wingless-type MMTV integration site family_ member 10B-like [Bos taurus], XP_005202916.1 protein Wnt-10a isoform X1 [Bos taurus]
OG0000013	Drosophila_melanogaster_tr_D2NUH8_D2NUH8_DROME tr|D2NUH8|D2NUH8_DROME Protein Wnt OS=Drosophila melanogaster OX=7227 GN=Wnt4 PE=2 SV=1, Drosophila_melanogaster_sp_P40589_WNT4_DROME sp|P40589|WNT4_DROME Protein Wnt-4 OS=Drosophila melanogaster OX=7227 GN=Wnt4 PE=2 SV=2	XP_024836921.2 protein Wnt-9b [Bos taurus], DAA28331.1 TPA_ wingless-type MMTV integration site 9A-like [Bos taurus]
OG0000014	Drosophila_melanogaster_tr_Q9VKV3_Q9VKV3_DROME tr|Q9VKV3|Q9VKV3_DROME Lonely heart_ isoform A OS=Drosophila melanogaster OX=7227 GN=loh PE=4 SV=3, Drosophila_melanogaster_tr_Q8MSF8_Q8MSF8_DROME tr|Q8MSF8|Q8MSF8_DROME GM15606p OS=Drosophila melanogaster OX=7227 GN=loh PE=2 SV=1, Drosophila_melanogaster_tr_E1JHE3_E1JHE3_DROME tr|E1JHE3|E1JHE3_DROME Lonely heart_ isoform D OS=Drosophila melanogaster OX=7227 GN=loh PE=4 SV=2, Drosophila_melanogaster_tr_M9MRI1_M9MRI1_DROME tr|M9MRI1|M9MRI1_DROME Lonely heart_ isoform C OS=Drosophila melanogaster OX=7227 GN=loh PE=4 SV=1	NP_001192863.3 ADAMTS-like protein 2 precursor [Bos taurus], XP_059746586.1 thrombospondin type-1 domain-containing protein 4 isoform X1 [Bos taurus]
OG0000014	Drosophila_melanogaster_tr_E1JHP3_E1JHP3_DROME tr|E1JHP3|E1JHP3_DROME No long nerve cord_ isoform D OS=Drosophila melanogaster OX=7227 GN=nolo PE=1 SV=1, Drosophila_melanogaster_tr_Q0E8N3_Q0E8N3_DROME tr|Q0E8N3|Q0E8N3_DROME No long nerve cord_ isoform C OS=Drosophila melanogaster OX=7227 GN=nolo PE=1 SV=1, Drosophila_melanogaster_tr_X2JAM1_X2JAM1_DROME tr|X2JAM1|X2JAM1_DROME No long nerve cord_ isoform G OS=Drosophila melanogaster OX=7227 GN=nolo PE=1 SV=1, Drosophila_melanogaster_tr_Q8MRW9_Q8MRW9_DROME tr|Q8MRW9|Q8MRW9_DROME SD16815p OS=Drosophila melanogaster OX=7227 GN=nolo PE=2 SV=1, Drosophila_melanogaster_tr_Q9V9Q7_Q9V9Q7_DROME tr|Q9V9Q7|Q9V9Q7_DROME No long nerve cord_ isoform A OS=Drosophila melanogaster OX=7227 GN=nolo PE=1 SV=2, Drosophila_melanogaster_tr_X2JEX4_X2JEX4_DROME tr|X2JEX4|X2JEX4_DROME No long nerve cord_ isoform F OS=Drosophila melanogaster OX=7227 GN=nolo PE=1 SV=1, Drosophila_melanogaster_tr_Q9V9Q9_Q9V9Q9_DROME tr|Q9V9Q9|Q9V9Q9_DROME GH19218p OS=Drosophila melanogaster OX=7227 GN=nolo PE=1 SV=2	XP_024851836.1 ADAMTS-like protein 1 isoform X1 [Bos taurus], XP_059735268.1 ADAMTS-like protein 3 isoform X1 [Bos taurus]
OG0000014	Drosophila_melanogaster_sp_Q868Z9_PPN_DROME sp|Q868Z9|PPN_DROME Papilin OS=Drosophila melanogaster OX=7227 GN=Ppn PE=1 SV=2	XP_024853897.1 papilin isoform X1 [Bos taurus]
OG0000014	Drosophila_melanogaster_tr_A0A0B4KHK4_A0A0B4KHK4_DROME tr|A0A0B4KHK4|A0A0B4KHK4_DROME ADAM metallopeptidase with thrombospondin type 1 motif A_ isoform C OS=Drosophila melanogaster OX=7227 GN=AdamTS-A PE=4 SV=1, Drosophila_melanogaster_tr_Q7KSH7_Q7KSH7_DROME tr|Q7KSH7|Q7KSH7_DROME ADAM metallopeptidase with thrombospondin type 1 motif A_ isoform E OS=Drosophila melanogaster OX=7227 GN=AdamTS-A PE=4 SV=1, Drosophila_melanogaster_tr_Q8SXB0_Q8SXB0_DROME tr|Q8SXB0|Q8SXB0_DROME ADAM metallopeptidase with thrombospondin type 1 motif A_ isoform B OS=Drosophila melanogaster OX=7227 GN=AdamTS-A PE=2 SV=1	NP_001193022.1 A disintegrin and metalloproteinase with thrombospondin motifs 20 precursor [Bos taurus], NP_001193502.1 A disintegrin and metalloproteinase with thrombospondin motifs 9 precursor [Bos taurus]
OG0000016	Drosophila_melanogaster_sp_Q8MPP3_D2MP_DROME sp|Q8MPP3|D2MP_DROME Matrix metalloproteinase-2 OS=Drosophila melanogaster OX=7227 GN=Mmp2 PE=2 SV=1	NP_001193569.1 macrophage metalloelastase precursor [Bos taurus], NP_001193566.1 stromelysin-1 precursor [Bos taurus], XP_059730713.1 matrix metalloproteinase-27 isoform X1 [Bos taurus], sp|O77656.1|MMP13_BOVIN RecName_ Full=Collagenase 3; AltName_ Full=Matrix metalloproteinase-13; Short=MMP-13; Flags_ Precursor, sp|O18767.1|MMP20_BOVIN RecName_ Full=Matrix metalloproteinase-20; Short=MMP-20; AltName_ Full=Enamel metalloproteinase; AltName_ Full=Enamelysin; Flags_ Precursor, XP_024833618.1 stromelysin-3 [Bos taurus], sp|Q9GLE4.1|MMP14_BOVIN RecName_ Full=Matrix metalloproteinase-14; Short=MMP-14; AltName_ Full=Membrane-type matrix metalloproteinase 1; Short=MT-MMP 1; Short=MTMMP1; AltName_ Full=Membrane-type-1 matrix metalloproteinase; Short=MT1-MMP; Short=MT1MMP; Flags_ Precursor, XP_024856667.1 matrix metalloproteinase-24 [Bos taurus], NP_001179551.1 matrix metalloproteinase-16 [Bos taurus], NP_001178363.1 matrix metalloproteinase-15 precursor [Bos taurus], DAA15654.1 TPA_ matrix metalloproteinase 25 preproprotein-like [Bos taurus], XP_002694502.1 matrix metalloproteinase-17 isoform X1 [Bos taurus]
OG0000017	Drosophila_melanogaster_tr_Q8MPN6_Q8MPN6_DROME tr|Q8MPN6|Q8MPN6_DROME Serpin 4 OS=Drosophila melanogaster OX=7227 GN=Spn42Da PE=1 SV=1, Drosophila_melanogaster_tr_Q8MPN8_Q8MPN8_DROME tr|Q8MPN8|Q8MPN8_DROME Serpin 4 OS=Drosophila melanogaster OX=7227 GN=Spn42Da PE=1 SV=1, Drosophila_melanogaster_tr_Q8MPN7_Q8MPN7_DROME tr|Q8MPN7|Q8MPN7_DROME GH08104p OS=Drosophila melanogaster OX=7227 GN=Spn42Da PE=1 SV=1, Drosophila_melanogaster_tr_Q8MPN5_Q8MPN5_DROME tr|Q8MPN5|Q8MPN5_DROME Serpin 4 OS=Drosophila melanogaster OX=7227 GN=Spn42Da PE=1 SV=1, Drosophila_melanogaster_tr_Q9U1I5_Q9U1I5_DROME tr|Q9U1I5|Q9U1I5_DROME Serine protease inhibitor _Serpin-4_ OS=Drosophila melanogaster OX=7227 GN=Spn42Da PE=2 SV=1, Drosophila_melanogaster_tr_Q7K8Y3_Q7K8Y3_DROME tr|Q7K8Y3|Q7K8Y3_DROME IP16419p OS=Drosophila melanogaster OX=7227 GN=Spn42Da PE=1 SV=1, Drosophila_melanogaster_tr_Q7K8Y5_Q7K8Y5_DROME tr|Q7K8Y5|Q7K8Y5_DROME Serpin 4 OS=Drosophila melanogaster OX=7227 GN=Spn42Da PE=1 SV=1, Drosophila_melanogaster_tr_Q8MM39_Q8MM39_DROME tr|Q8MM39|Q8MM39_DROME RE31022p OS=Drosophila melanogaster OX=7227 GN=Spn42Da PE=1 SV=1, Drosophila_melanogaster_tr_Q8MM49_Q8MM49_DROME tr|Q8MM49|Q8MM49_DROME Serpin 4 OS=Drosophila melanogaster OX=7227 GN=Spn42Da PE=1 SV=1, Drosophila_melanogaster_tr_Q8T0M5_Q8T0M5_DROME tr|Q8T0M5|Q8T0M5_DROME GH21896p OS=Drosophila melanogaster OX=7227 GN=Spn42Da PE=2 SV=1, Drosophila_melanogaster_tr_Q7JV69_Q7JV69_DROME tr|Q7JV69|Q7JV69_DROME SD11922p OS=Drosophila melanogaster OX=7227 GN=Spn55B PE=1 SV=1, Drosophila_melanogaster_tr_A1Z6R4_A1Z6R4_DROME tr|A1Z6R4|A1Z6R4_DROME Serpin 42Dc_ isoform A OS=Drosophila melanogaster OX=7227 GN=Spn42Dc PE=1 SV=1, Drosophila_melanogaster_tr_Q8T3Z2_Q8T3Z2_DROME tr|Q8T3Z2|Q8T3Z2_DROME AT24862p OS=Drosophila melanogaster OX=7227 GN=Spn42Dc PE=2 SV=1, Drosophila_melanogaster_tr_Q8SZF4_Q8SZF4_DROME tr|Q8SZF4|Q8SZF4_DROME RE02548p OS=Drosophila melanogaster OX=7227 GN=Spn42De PE=2 SV=1, Drosophila_melanogaster_tr_A0A0B4K6Q4_A0A0B4K6Q4_DROME tr|A0A0B4K6Q4|A0A0B4K6Q4_DROME Serpin 42De_ isoform B OS=Drosophila melanogaster OX=7227 GN=Spn42De PE=3 SV=1, Drosophila_melanogaster_tr_Q6V6U3_Q6V6U3_DROME tr|Q6V6U3|Q6V6U3_DROME Spn43Ac _Fragment_ OS=Drosophila melanogaster OX=7227 GN=nec PE=3 SV=1, Drosophila_melanogaster_tr_Q6V6U5_Q6V6U5_DROME tr|Q6V6U5|Q6V6U5_DROME Spn43Ac _Fragment_ OS=Drosophila melanogaster OX=7227 GN=nec PE=3 SV=1, Drosophila_melanogaster_tr_Q6V6U7_Q6V6U7_DROME tr|Q6V6U7|Q6V6U7_DROME Spn43Ac _Fragment_ OS=Drosophila melanogaster OX=7227 GN=nec PE=3 SV=1, Drosophila_melanogaster_tr_Q6V6V0_Q6V6V0_DROME tr|Q6V6V0|Q6V6V0_DROME Spn43Ac _Fragment_ OS=Drosophila melanogaster OX=7227 GN=nec PE=3 SV=1, Drosophila_melanogaster_tr_Q6V6U8_Q6V6U8_DROME tr|Q6V6U8|Q6V6U8_DROME Spn43Ac _Fragment_ OS=Drosophila melanogaster OX=7227 GN=nec PE=3 SV=1, Drosophila_melanogaster_tr_Q6V6U4_Q6V6U4_DROME tr|Q6V6U4|Q6V6U4_DROME Spn43Ac _Fragment_ OS=Drosophila melanogaster OX=7227 GN=nec PE=3 SV=1, Drosophila_melanogaster_tr_Q6V6U2_Q6V6U2_DROME tr|Q6V6U2|Q6V6U2_DROME Spn43Ac _Fragment_ OS=Drosophila melanogaster OX=7227 GN=nec PE=3 SV=1, Drosophila_melanogaster_tr_Q6V6U1_Q6V6U1_DROME tr|Q6V6U1|Q6V6U1_DROME Spn43Ac _Fragment_ OS=Drosophila melanogaster OX=7227 GN=nec PE=3 SV=1, Drosophila_melanogaster_tr_Q6V6U9_Q6V6U9_DROME tr|Q6V6U9|Q6V6U9_DROME Spn43Ac _Fragment_ OS=Drosophila melanogaster OX=7227 GN=nec PE=3 SV=1, Drosophila_melanogaster_tr_Q6V6U6_Q6V6U6_DROME tr|Q6V6U6|Q6V6U6_DROME Spn43Ac _Fragment_ OS=Drosophila melanogaster OX=7227 GN=nec PE=3 SV=1, Drosophila_melanogaster_tr_Q7JWX3_Q7JWX3_DROME tr|Q7JWX3|Q7JWX3_DROME GH10112p OS=Drosophila melanogaster OX=7227 GN=nec PE=1 SV=1, Drosophila_melanogaster_tr_Q9U5W7_Q9U5W7_DROME tr|Q9U5W7|Q9U5W7_DROME Serpin_ putative OS=Drosophila melanogaster OX=7227 GN=nec PE=2 SV=1, Drosophila_melanogaster_tr_Q7KA66_Q7KA66_DROME tr|Q7KA66|Q7KA66_DROME Serpin 43Aa OS=Drosophila melanogaster OX=7227 GN=Spn43Aa PE=1 SV=1, Drosophila_melanogaster_tr_Q8MQZ7_Q8MQZ7_DROME tr|Q8MQZ7|Q8MQZ7_DROME LP08647p _Fragment_ OS=Drosophila melanogaster OX=7227 GN=Spn43Aa PE=2 SV=1, Drosophila_melanogaster_tr_Q0E8V6_Q0E8V6_DROME tr|Q0E8V6|Q0E8V6_DROME Serpin 28Da OS=Drosophila melanogaster OX=7227 GN=Spn28Da PE=3 SV=1, Drosophila_melanogaster_tr_X2JAJ8_X2JAJ8_DROME tr|X2JAJ8|X2JAJ8_DROME Serpin 38F_ isoform B OS=Drosophila melanogaster OX=7227 GN=Spn38F PE=3 SV=1, Drosophila_melanogaster_tr_Q8MSJ3_Q8MSJ3_DROME tr|Q8MSJ3|Q8MSJ3_DROME GH09216p OS=Drosophila melanogaster OX=7227 GN=Spn38F PE=2 SV=1, Drosophila_melanogaster_tr_Q9VII7_Q9VII7_DROME tr|Q9VII7|Q9VII7_DROME Serpin 38F_ isoform A OS=Drosophila melanogaster OX=7227 GN=Spn38F PE=3 SV=3, Drosophila_melanogaster_tr_Q9U1I6_Q9U1I6_DROME tr|Q9U1I6|Q9U1I6_DROME Serine protease inhibitor _Serpin-3_ OS=Drosophila melanogaster OX=7227 GN=Spn38F PE=2 SV=1, Drosophila_melanogaster_tr_Q9VLQ7_Q9VLQ7_DROME tr|Q9VLQ7|Q9VLQ7_DROME Serpin 28F OS=Drosophila melanogaster OX=7227 GN=Spn28F PE=3 SV=2, Drosophila_melanogaster_tr_Q8MSJ4_Q8MSJ4_DROME tr|Q8MSJ4|Q8MSJ4_DROME GH08778p OS=Drosophila melanogaster OX=7227 GN=Spn28F PE=2 SV=1, Drosophila_melanogaster_tr_Q9U1I7_Q9U1I7_DROME tr|Q9U1I7|Q9U1I7_DROME Serine protease inhibitor _Serpin-2_ OS=Drosophila melanogaster OX=7227 GN=Spn28F PE=2 SV=1, Drosophila_melanogaster_tr_Q9VLZ8_Q9VLZ8_DROME tr|Q9VLZ8|Q9VLZ8_DROME Serpin 28B_ isoform A OS=Drosophila melanogaster OX=7227 GN=Spn28B PE=3 SV=2, Drosophila_melanogaster_sp_Q7YTY6_SP42D_DROME sp|Q7YTY6|SP42D_DROME Serine protease inhibitor 42Dd OS=Drosophila melanogaster OX=7227 GN=Spn42Dd PE=2 SV=1	NP_001179167.1 neuroserpin precursor [Bos taurus], NP_001095524.1 serpin I2 precursor [Bos taurus], sp|P13909.1|PAI1_BOVIN RecName_ Full=Plasminogen activator inhibitor 1; Short=PAI; Short=PAI-1; AltName_ Full=Endothelial plasminogen activator inhibitor; AltName_ Full=Serpin E1; Flags_ Precursor, XP_059748012.1 serpin E3 isoform X1 [Bos taurus], sp|P41361.2|ANT3_BOVIN RecName_ Full=Antithrombin-III; Short=ATIII; AltName_ Full=Serpin C1; Flags_ Precursor, XP_024839237.1 leukocyte elastase inhibitor isoform X1 [Bos taurus], XP_059736204.1 serpin B6 isoform X1 [Bos taurus], NP_001069327.1 serpin B9 [Bos taurus], XP_015315532.1 serpin B8 isoform X1 [Bos taurus], XP_024840088.1 serpin B5 isoform X1 [Bos taurus], sp|A5PJK0.1|SPB10_BOVIN RecName_ Full=Serpin B10, NP_001178980.1 plasminogen activator inhibitor 2 [Bos taurus], XP_024840297.1 serpin B12 [Bos taurus], NP_001095792.2 serpin B4 [Bos taurus], XP_059737104.1 LOW QUALITY PROTEIN_ serpin B11 [Bos taurus], XP_010799074.2 serpin B7 isoform X1 [Bos taurus]
OG0000017	Drosophila_melanogaster_sp_Q9V3N1_SP27A_DROME sp|Q9V3N1|SP27A_DROME Serine protease inhibitor 27A OS=Drosophila melanogaster OX=7227 GN=Spn27A PE=1 SV=1, Drosophila_melanogaster_sp_Q0E8C8_SP77B_DROME sp|Q0E8C8|SP77B_DROME Serine protease inhibitor 77Ba OS=Drosophila melanogaster OX=7227 GN=Spn77Ba PE=2 SV=1	NP_001092467.1 protein Z-dependent protease inhibitor precursor [Bos taurus], sp|P34955.1|A1AT_BOVIN RecName_ Full=Alpha-1-antiproteinase; AltName_ Full=Alpha-1-antitrypsin; AltName_ Full=Alpha-1-proteinase inhibitor; AltName_ Full=Serpin A1; Flags_ Precursor, sp|P34955.1|A1AT_BOVIN RecName_ Full=Alpha-1-antiproteinase; AltName_ Full=Alpha-1-antitrypsin; AltName_ Full=Alpha-1-proteinase inhibitor; AltName_ Full=Serpin A1; Flags_ Precursor, XP_059735117.1 serpin A11 isoform X1 [Bos taurus], sp|Q9TT36.1|THBG_BOVIN RecName_ Full=Thyroxine-binding globulin; AltName_ Full=Serpin A7; AltName_ Full=T4-binding globulin; Flags_ Precursor, XP_024838010.2 LOW QUALITY PROTEIN_ kallistatin [Bos taurus], sp|Q9N2I2.1|IPSP_BOVIN RecName_ Full=Plasma serine protease inhibitor; AltName_ Full=Protein C inhibitor; Short=PCI; AltName_ Full=Serpin A5; Flags_ Precursor, sp|A6QPQ2.1|SPA38_BOVIN RecName_ Full=Serpin A3-8; Flags_ Precursor, sp|A6QPQ2.1|SPA38_BOVIN RecName_ Full=Serpin A3-8; Flags_ Precursor, sp|A2I7M9.1|SPA32_BOVIN RecName_ Full=Serpin A3-2; Flags_ Precursor, DAA17272.1 TPA_ serpin A3-6 [Bos taurus], sp|E1BF81.1|CBG_BOVIN RecName_ Full=Corticosteroid-binding globulin; Short=CBG; AltName_ Full=Serpin A6; AltName_ Full=Transcortin; Flags_ Precursor, NP_001070985.1 serpin A12 precursor [Bos taurus], NP_001098516.1 heparin cofactor 2 precursor [Bos taurus], NP_777246.1 factor XIIa inhibitor precursor [Bos taurus], sp|P28800.2|A2AP_BOVIN RecName_ Full=Alpha-2-antiplasmin; Short=Alpha-2-AP; AltName_ Full=Alpha-2-plasmin inhibitor; Short=Alpha-2-PI; AltName_ Full=Serpin F2; Flags_ Precursor
OG0000019	Drosophila_melanogaster_tr_Q9XZ62_Q9XZ62_DROME tr|Q9XZ62|Q9XZ62_DROME Myoglianin OS=Drosophila melanogaster OX=7227 GN=myo PE=2 SV=1, Drosophila_melanogaster_tr_Q9V4F4_Q9V4F4_DROME tr|Q9V4F4|Q9V4F4_DROME LD29161p OS=Drosophila melanogaster OX=7227 GN=myo PE=2 SV=1	XP_002687467.2 growth/differentiation factor 11 [Bos taurus]
OG0000019	Drosophila_melanogaster_sp_O61643_INHB_DROME sp|O61643|INHB_DROME Inhibin beta chain OS=Drosophila melanogaster OX=7227 GN=Actbeta PE=1 SV=2	NP_001192912.1 inhibin beta C chain precursor [Bos taurus], NP_001192771.1 inhibin beta E chain precursor [Bos taurus]
OG0000019	Drosophila_melanogaster_tr_X2JB15_X2JB15_DROME tr|X2JB15|X2JB15_DROME Screw_ isoform B OS=Drosophila melanogaster OX=7227 GN=scw PE=3 SV=1, Drosophila_melanogaster_sp_P54631_SCW_DROME sp|P54631|SCW_DROME Protein screw OS=Drosophila melanogaster OX=7227 GN=scw PE=2 SV=2, Drosophila_melanogaster_sp_P27091_60A_DROME sp|P27091|60A_DROME Protein 60A OS=Drosophila melanogaster OX=7227 GN=gbb PE=1 SV=1, Drosophila_melanogaster_tr_A0A0B4LGA7_A0A0B4LGA7_DROME tr|A0A0B4LGA7|A0A0B4LGA7_DROME Glass bottom boat_ isoform B OS=Drosophila melanogaster OX=7227 GN=gbb PE=3 SV=1	XP_024845991.1 bone morphogenetic protein 8B [Bos taurus], NP_001193798.2 bone morphogenetic protein 8A precursor [Bos taurus], NP_001291945.1 bone morphogenetic protein 5 precursor [Bos taurus], NP_001192944.1 bone morphogenetic protein 7 precursor [Bos taurus]
OG0000021	Drosophila_melanogaster_sp_A1Z877_NDG_DROME sp|A1Z877|NDG_DROME Nidogen OS=Drosophila melanogaster OX=7227 GN=Ndg PE=1 SV=1	NP_001095535.1 nidogen-2 precursor [Bos taurus], NP_001094625.1 nidogen-1 precursor [Bos taurus]
OG0000022	Drosophila_melanogaster_sp_Q9VXG4_ANX11_DROME sp|Q9VXG4|ANX11_DROME Annexin B11 OS=Drosophila melanogaster OX=7227 GN=AnxB11 PE=2 SV=2, Drosophila_melanogaster_tr_A0A0B4KH34_A0A0B4KH34_DROME tr|A0A0B4KH34|A0A0B4KH34_DROME Annexin OS=Drosophila melanogaster OX=7227 GN=AnxB9 PE=1 SV=1, Drosophila_melanogaster_sp_P22464_ANXB9_DROME sp|P22464|ANXB9_DROME Annexin B9 OS=Drosophila melanogaster OX=7227 GN=AnxB9 PE=1 SV=2, Drosophila_melanogaster_sp_P22465_ANX10_DROME sp|P22465|ANX10_DROME Annexin B10 OS=Drosophila melanogaster OX=7227 GN=AnxB10 PE=2 SV=3	sp|P81287.3|ANXA5_BOVIN RecName_ Full=Annexin A5; AltName_ Full=Anchorin CII; AltName_ Full=Annexin V; AltName_ Full=Annexin-5; AltName_ Full=Calphobindin I; Short=CPB-I; AltName_ Full=Endonexin II; AltName_ Full=Lipocortin V; AltName_ Full=Placental anticoagulant protein 4; AltName_ Full=Placental anticoagulant protein I; Short=PAP-I; AltName_ Full=Thromboplastin inhibitor; AltName_ Full=Vascular anticoagulant-alpha; Short=VAC-alpha, sp|P79134.2|ANXA6_BOVIN RecName_ Full=Annexin A6; AltName_ Full=Annexin VI; AltName_ Full=Annexin-6, NP_776666.1 annexin A8 [Bos taurus], sp|Q95L54.1|ANXA8_BOVIN RecName_ Full=Annexin A8; AltName_ Full=Annexin VIII; AltName_ Full=Annexin-8, pdb|4X9P|A Chain A_ Annexin A2, sp|P04272.2|ANXA2_BOVIN RecName_ Full=Annexin A2; AltName_ Full=Annexin II; AltName_ Full=Annexin-2; AltName_ Full=Calpactin I heavy chain; AltName_ Full=Calpactin-1 heavy chain; AltName_ Full=Chromobindin-8; AltName_ Full=Lipocortin II; AltName_ Full=Placental anticoagulant protein IV; Short=PAP-IV; AltName_ Full=Protein I; AltName_ Full=p36, sp|P46193.2|ANXA1_BOVIN RecName_ Full=Annexin A1; AltName_ Full=Annexin I; AltName_ Full=Annexin-1; AltName_ Full=Calpactin II; AltName_ Full=Calpactin-2; AltName_ Full=Chromobindin-9; AltName_ Full=Lipocortin I; AltName_ Full=Phospholipase A2 inhibitory protein; AltName_ Full=p35; Contains_ RecName_ Full=Annexin Ac2-26, sp|P13214.2|ANXA4_BOVIN RecName_ Full=Annexin A4; AltName_ Full=35-beta calcimedin; AltName_ Full=Annexin IV; AltName_ Full=Annexin-4; AltName_ Full=Carbohydrate-binding protein p33/p41; AltName_ Full=Chromobindin-4; AltName_ Full=Endonexin I; AltName_ Full=Lipocortin IV; AltName_ Full=P32.5; AltName_ Full=PP4-X; AltName_ Full=Placental anticoagulant protein II; Short=PAP-II; AltName_ Full=Protein II, sp|P13214.2|ANXA4_BOVIN RecName_ Full=Annexin A4; AltName_ Full=35-beta calcimedin; AltName_ Full=Annexin IV; AltName_ Full=Annexin-4; AltName_ Full=Carbohydrate-binding protein p33/p41; AltName_ Full=Chromobindin-4; AltName_ Full=Endonexin I; AltName_ Full=Lipocortin IV; AltName_ Full=P32.5; AltName_ Full=PP4-X; AltName_ Full=Placental anticoagulant protein II; Short=PAP-II; AltName_ Full=Protein II, NP_776927.1 annexin A11 [Bos taurus], sp|Q3SWX7.3|ANXA3_BOVIN RecName_ Full=Annexin A3; AltName_ Full=Annexin III; AltName_ Full=Annexin-3, NP_001178987.1 annexin A10 [Bos taurus]
OG0000023	Drosophila_melanogaster_tr_B7Z0Y2_B7Z0Y2_DROME tr|B7Z0Y2|B7Z0Y2_DROME Mind-meld_ isoform D OS=Drosophila melanogaster OX=7227 GN=mmd PE=4 SV=1, Drosophila_melanogaster_tr_Q9VXL1_Q9VXL1_DROME tr|Q9VXL1|Q9VXL1_DROME Mind-meld_ isoform F OS=Drosophila melanogaster OX=7227 GN=mmd PE=4 SV=6, Drosophila_melanogaster_tr_X2JE21_X2JE21_DROME tr|X2JE21|X2JE21_DROME Mind-meld_ isoform J OS=Drosophila melanogaster OX=7227 GN=mmd PE=4 SV=1, Drosophila_melanogaster_tr_M9PER2_M9PER2_DROME tr|M9PER2|M9PER2_DROME Mind-meld_ isoform H OS=Drosophila melanogaster OX=7227 GN=mmd PE=4 SV=1, Drosophila_melanogaster_tr_M9PH86_M9PH86_DROME tr|M9PH86|M9PH86_DROME Mind-meld_ isoform I OS=Drosophila melanogaster OX=7227 GN=mmd PE=4 SV=1, Drosophila_melanogaster_tr_M9NDY9_M9NDY9_DROME tr|M9NDY9|M9NDY9_DROME Mind-meld_ isoform G OS=Drosophila melanogaster OX=7227 GN=mmd PE=4 SV=1, Drosophila_melanogaster_tr_M9NH46_M9NH46_DROME tr|M9NH46|M9NH46_DROME Mind-meld_ isoform E OS=Drosophila melanogaster OX=7227 GN=mmd PE=4 SV=1, Drosophila_melanogaster_tr_Q7KUY7_Q7KUY7_DROME tr|Q7KUY7|Q7KUY7_DROME Mind-meld_ isoform B OS=Drosophila melanogaster OX=7227 GN=mmd PE=4 SV=2, Drosophila_melanogaster_tr_Q9GZ15_Q9GZ15_DROME tr|Q9GZ15|Q9GZ15_DROME MIND-MELD _Fragment_ OS=Drosophila melanogaster OX=7227 GN=mmd PE=2 SV=1	XP_005225761.2 disintegrin and metalloproteinase domain-containing protein 8 isoform X1 [Bos taurus], XP_024852023.1 disintegrin and metalloproteinase domain-containing protein 7 isoform X1 [Bos taurus], DAA26695.1 TPA_ Disintegrin and metalloproteinase domain-containing protein 28-like [Bos taurus], XP_010806362.2 ADAM DEC1 isoform X1 [Bos taurus], NP_001039715.1 disintegrin and metalloproteinase domain-containing protein 32 precursor [Bos taurus], DAA14469.1 TPA_ ADAM metallopeptidase domain 18 [Bos taurus], XP_024841956.1 disintegrin and metalloproteinase domain-containing protein 2 isoform X1 [Bos taurus], NP_001193401.1 a disintegrin and metallopeptidase domain 1a [Bos taurus], XP_024845019.1 disintegrin and metalloproteinase domain-containing protein 1b [Bos taurus], DAA27082.1 TPA_ ADAM metallopeptidase domain 21 [Bos taurus], XP_024851812.1 disintegrin and metalloproteinase domain-containing protein 29 isoform X1 [Bos taurus], XP_015328761.2 disintegrin and metalloproteinase domain-containing protein 20 [Bos taurus], DAA31603.1 TPA_ ADAM metallopeptidase domain 30-like [Bos taurus], NP_001179747.2 disintegrin and metalloproteinase domain-containing protein 9 precursor [Bos taurus], NP_001001156.1 disintegrin and metalloproteinase domain-containing protein 12 precursor [Bos taurus], DAA23365.1 TPA_ ADAM metallopeptidase domain 33 [Bos taurus], NP_001192371.3 disintegrin and metalloproteinase domain-containing protein 15 precursor [Bos taurus], NP_001076927.1 disintegrin and metalloproteinase domain-containing protein 23 [Bos taurus], XP_059741591.1 disintegrin and metalloproteinase domain-containing protein 22 isoform X1 [Bos taurus], DAA18315.1 TPA_ ADAM metallopeptidase domain 11 preproprotein-like [Bos taurus]
OG0000024	Drosophila_melanogaster_tr_A0A0B4KH80_A0A0B4KH80_DROME tr|A0A0B4KH80|A0A0B4KH80_DROME Carrier of wingless_ isoform E OS=Drosophila melanogaster OX=7227 GN=Cow PE=4 SV=1, Drosophila_melanogaster_sp_Q9VCR3_COW_DROME sp|Q9VCR3|COW_DROME Proteoglycan Cow OS=Drosophila melanogaster OX=7227 GN=Cow PE=1 SV=3	XP_024849863.1 testican-1 isoform X1 [Bos taurus], NP_001094585.1 testican-2 precursor [Bos taurus]
OG0000028	Drosophila_melanogaster_tr_O18407_O18407_DROME tr|O18407|O18407_DROME Collagen type IV alpha 2 OS=Drosophila melanogaster OX=7227 GN=vkg PE=2 SV=1, Drosophila_melanogaster_tr_Q9VMV5_Q9VMV5_DROME tr|Q9VMV5|Q9VMV5_DROME Viking_ isoform A OS=Drosophila melanogaster OX=7227 GN=vkg PE=1 SV=1	sp|Q7SIB2.2|CO4A1_BOVIN RecName_ Full=Collagen alpha-1_IV_ chain; Contains_ RecName_ Full=Arresten; Flags_ Precursor, sp|Q7SIB2.2|CO4A1_BOVIN RecName_ Full=Collagen alpha-1_IV_ chain; Contains_ RecName_ Full=Arresten; Flags_ Precursor, DAA13054.1 TPA_ type IV collagen alpha 5-like isoform 1 [Bos taurus], NP_001160001.2 collagen alpha-3_IV_ chain precursor [Bos taurus]
OG0000028	Drosophila_melanogaster_sp_P08120_CO4A1_DROME sp|P08120|CO4A1_DROME Collagen alpha-1_IV_ chain OS=Drosophila melanogaster OX=7227 GN=Col4a1 PE=1 SV=3	XP_024855939.1 collagen alpha-2_IV_ chain isoform X1 [Bos taurus], XP_005227954.1 collagen alpha-6_IV_ chain isoform X1 [Bos taurus], XP_024837496.1 collagen alpha-4_IV_ chain isoform X1 [Bos taurus]
OG0000030	Drosophila_melanogaster_sp_Q9VAC5_ADA17_DROME sp|Q9VAC5|ADA17_DROME ADAM 17-like protease OS=Drosophila melanogaster OX=7227 GN=Tace PE=2 SV=2	XP_002691532.1 disintegrin and metalloproteinase domain-containing protein 17 isoform X1 [Bos taurus]
OG0000030	Drosophila_melanogaster_tr_Q9VAI2_Q9VAI2_DROME tr|Q9VAI2|Q9VAI2_DROME Kuzbanian-like_ isoform A OS=Drosophila melanogaster OX=7227 GN=Kul PE=4 SV=1, Drosophila_melanogaster_tr_A0A0B4LHU2_A0A0B4LHU2_DROME tr|A0A0B4LHU2|A0A0B4LHU2_DROME Kuzbanian-like_ isoform C OS=Drosophila melanogaster OX=7227 GN=Kul PE=4 SV=1, Drosophila_melanogaster_tr_Q59DZ3_Q59DZ3_DROME tr|Q59DZ3|Q59DZ3_DROME FI21209p1 OS=Drosophila melanogaster OX=7227 GN=kuz PE=1 SV=1, Drosophila_melanogaster_tr_A8DZ03_A8DZ03_DROME tr|A8DZ03|A8DZ03_DROME Kuzbanian_ isoform G OS=Drosophila melanogaster OX=7227 GN=kuz PE=1 SV=2, Drosophila_melanogaster_tr_A8DZ02_A8DZ02_DROME tr|A8DZ02|A8DZ02_DROME Kuzbanian_ isoform F OS=Drosophila melanogaster OX=7227 GN=kuz PE=1 SV=2, Drosophila_melanogaster_tr_Q9VJW9_Q9VJW9_DROME tr|Q9VJW9|Q9VJW9_DROME Kuzbanian_ isoform A OS=Drosophila melanogaster OX=7227 GN=kuz PE=1 SV=1, Drosophila_melanogaster_tr_Q94902_Q94902_DROME tr|Q94902|Q94902_DROME Kuzbanian OS=Drosophila melanogaster OX=7227 GN=kuz PE=2 SV=1	sp|Q10741.1|ADA10_BOVIN RecName_ Full=Disintegrin and metalloproteinase domain-containing protein 10; Short=ADAM 10; AltName_ Full=Kuzbanian protein homolog; AltName_ Full=Mammalian disintegrin-metalloprotease; AltName_ Full=Myelin-associated metalloproteinase; AltName_ CD_antigen=CD156c; Flags_ Precursor, sp|Q10741.1|ADA10_BOVIN RecName_ Full=Disintegrin and metalloproteinase domain-containing protein 10; Short=ADAM 10; AltName_ Full=Kuzbanian protein homolog; AltName_ Full=Mammalian disintegrin-metalloprotease; AltName_ Full=Myelin-associated metalloproteinase; AltName_ CD_antigen=CD156c; Flags_ Precursor
OG0000034	Drosophila_melanogaster_tr_Q9VLT6_Q9VLT6_DROME tr|Q9VLT6|Q9VLT6_DROME Multiple EGF like domains 8_ isoform B OS=Drosophila melanogaster OX=7227 GN=Megf8 PE=4 SV=4, Drosophila_melanogaster_tr_X2J9V1_X2J9V1_DROME tr|X2J9V1|X2J9V1_DROME Multiple EGF like domains 8_ isoform C OS=Drosophila melanogaster OX=7227 GN=Megf8 PE=4 SV=1, Drosophila_melanogaster_tr_Q8T0D8_Q8T0D8_DROME tr|Q8T0D8|Q8T0D8_DROME LD09511p OS=Drosophila melanogaster OX=7227 GN=Megf8 PE=2 SV=1	XP_024834866.1 multiple epidermal growth factor-like domains protein 8 [Bos taurus]
OG0000036	Drosophila_melanogaster_tr_Q95RQ1_Q95RQ1_DROME tr|Q95RQ1|Q95RQ1_DROME LD16414p OS=Drosophila melanogaster OX=7227 GN=slow PE=2 SV=1	XP_059731736.1 multiple epidermal growth factor-like domains protein 6 isoform X1 [Bos taurus], NP_001092657.1 epidermal growth factor-like protein 8 precursor [Bos taurus], XP_059747443.1 epidermal growth factor-like protein 7 isoform X1 [Bos taurus], XP_059739882.1 LOW QUALITY PROTEIN_ epidermal growth factor-like protein 6 [Bos taurus], XP_024849279.1 nephronectin isoform X1 [Bos taurus]
OG0000038	Drosophila_melanogaster_sp_Q8MUJ1_EIGER_DROME sp|Q8MUJ1|EIGER_DROME Protein eiger OS=Drosophila melanogaster OX=7227 GN=egr PE=1 SV=1	sp|Q9BEG5.2|EDA_BOVIN RecName_ Full=Ectodysplasin-A; AltName_ Full=Ectodermal dysplasia protein; AltName_ Full=Ectodysplasin-1; Contains_ RecName_ Full=Ectodysplasin-A_ membrane form; Contains_ RecName_ Full=Ectodysplasin-A_ secreted form, NP_001107978.1 tumor necrosis factor ligand superfamily member 13B [Bos taurus], NP_001029819.1 tumor necrosis factor ligand superfamily member 13 [Bos taurus]
OG0000044	Drosophila_melanogaster_tr_Q8IPH0_Q8IPH0_DROME tr|Q8IPH0|Q8IPH0_DROME Transglutaminase_ isoform B OS=Drosophila melanogaster OX=7227 GN=Tg PE=1 SV=1, Drosophila_melanogaster_tr_Q9VLU2_Q9VLU2_DROME tr|Q9VLU2|Q9VLU2_DROME RE08173p OS=Drosophila melanogaster OX=7227 GN=Tg PE=2 SV=2	sp|P51176.1|TGM2_BOVIN RecName_ Full=Protein-glutamine gamma-glutamyltransferase 2; AltName_ Full=Isopeptidase TGM2; AltName_ Full=Protein-glutamine deamidase TGM2; AltName_ Full=Protein-glutamine dopaminyltransferase TGM2; AltName_ Full=Protein-glutamine histaminyltransferase TGM2; AltName_ Full=Protein-glutamine noradrenalinyltransferase TGM2; AltName_ Full=Protein-glutamine serotonyltransferase TGM2; AltName_ Full=Tissue transglutaminase; Short=TG; AltName_ Full=Transglutaminase-2; Short=TGase-2, sp|A6QP57.1|TGM3_BOVIN RecName_ Full=Protein-glutamine gamma-glutamyltransferase E; AltName_ Full=Transglutaminase E; Short=TG_E_; Short=TGE; Short=TGase E; AltName_ Full=Transglutaminase-3; Short=TGase-3; Contains_ RecName_ Full=Protein-glutamine gamma-glutamyltransferase E 50 kDa catalytic chain; Contains_ RecName_ Full=Protein-glutamine gamma-glutamyltransferase E 27 kDa non-catalytic chain; Flags_ Precursor, sp|A6QP57.1|TGM3_BOVIN RecName_ Full=Protein-glutamine gamma-glutamyltransferase E; AltName_ Full=Transglutaminase E; Short=TG_E_; Short=TGE; Short=TGase E; AltName_ Full=Transglutaminase-3; Short=TGase-3; Contains_ RecName_ Full=Protein-glutamine gamma-glutamyltransferase E 50 kDa catalytic chain; Contains_ RecName_ Full=Protein-glutamine gamma-glutamyltransferase E 27 kDa non-catalytic chain; Flags_ Precursor, XP_059748950.1 protein-glutamine gamma-glutamyltransferase 6 [Bos taurus], XP_010815593.1 protein-glutamine gamma-glutamyltransferase Z [Bos taurus], XP_005222254.2 protein-glutamine gamma-glutamyltransferase 5 isoform X1 [Bos taurus], NP_001161366.2 coagulation factor XIII A chain [Bos taurus], XP_005211321.1 protein-glutamine gamma-glutamyltransferase K isoform X1 [Bos taurus]
OG0000045	Drosophila_melanogaster_sp_Q00174_LAMA_DROME sp|Q00174|LAMA_DROME Laminin subunit alpha OS=Drosophila melanogaster OX=7227 GN=LanA PE=1 SV=2	XP_024840205.1 laminin subunit alpha-3 isoform X1 [Bos taurus], DAA23013.1 TPA_ laminin alpha 5-like [Bos taurus]
OG0000045	Drosophila_melanogaster_tr_M9MRU0_M9MRU0_DROME tr|M9MRU0|M9MRU0_DROME Wing blister_ isoform C OS=Drosophila melanogaster OX=7227 GN=wb PE=4 SV=1	NP_001192894.1 laminin subunit alpha-4 precursor [Bos taurus]
OG0000049	Drosophila_melanogaster_tr_Q9V491_Q9V491_DROME tr|Q9V491|Q9V491_DROME Plexin A_ isoform A OS=Drosophila melanogaster OX=7227 GN=PlexA PE=1 SV=1, Drosophila_melanogaster_tr_Q7YU07_Q7YU07_DROME tr|Q7YU07|Q7YU07_DROME LD15833p OS=Drosophila melanogaster OX=7227 GN=PlexA PE=2 SV=1, Drosophila_melanogaster_tr_Q0KIF1_Q0KIF1_DROME tr|Q0KIF1|Q0KIF1_DROME Plexin A_ isoform B OS=Drosophila melanogaster OX=7227 GN=PlexA PE=1 SV=1, Drosophila_melanogaster_tr_O96681_O96681_DROME tr|O96681|O96681_DROME Plexin A OS=Drosophila melanogaster OX=7227 GN=PlexA PE=2 SV=1, Drosophila_melanogaster_tr_H9XVP3_H9XVP3_DROME tr|H9XVP3|H9XVP3_DROME Plexin A_ isoform F OS=Drosophila melanogaster OX=7227 GN=PlexA PE=1 SV=1	XP_024838889.2 plexin-A1 isoform X1 [Bos taurus], XP_059739547.1 plexin-A3 isoform X1 [Bos taurus], NP_001193586.1 plexin-A2 precursor [Bos taurus], NP_001178433.1 plexin-A4 precursor [Bos taurus]
OG0000049	Drosophila_melanogaster_sp_Q9V4A7_PLXB_DROME sp|Q9V4A7|PLXB_DROME Plexin-B OS=Drosophila melanogaster OX=7227 GN=PlexB PE=1 SV=2, Drosophila_melanogaster_tr_H9XVL5_H9XVL5_DROME tr|H9XVL5|H9XVL5_DROME Plexin B_ isoform B OS=Drosophila melanogaster OX=7227 GN=PlexB PE=3 SV=1	XP_024839049.1 plexin-B1 isoform X1 [Bos taurus], DAA13207.1 TPA_ plexin B3-like [Bos taurus], XP_059742216.1 plexin-B2 isoform X2 [Bos taurus], DAA16814.1 TPA_ plexin D1-like [Bos taurus], XP_059742393.1 plexin-C1 isoform X1 [Bos taurus]
OG0000065	Drosophila_melanogaster_tr_Q53XG2_Q53XG2_DROME tr|Q53XG2|Q53XG2_DROME Division abnormally delayed_ isoform B OS=Drosophila melanogaster OX=7227 GN=dally PE=1 SV=1, Drosophila_melanogaster_sp_Q24114_DALY_DROME sp|Q24114|DALY_DROME Division abnormally delayed protein OS=Drosophila melanogaster OX=7227 GN=dally PE=1 SV=1, Drosophila_melanogaster_tr_Q966V5_Q966V5_DROME tr|Q966V5|Q966V5_DROME Dally OS=Drosophila melanogaster OX=7227 GN=dally PE=3 SV=1	NP_001095540.1 glypican-5 precursor [Bos taurus], NP_001030540.1 glypican-3 precursor [Bos taurus]
OG0000065	Drosophila_melanogaster_tr_Q7KUL1_Q7KUL1_DROME tr|Q7KUL1|Q7KUL1_DROME Dally-like_ isoform C OS=Drosophila melanogaster OX=7227 GN=dlp PE=1 SV=2, Drosophila_melanogaster_tr_Q9VUG1_Q9VUG1_DROME tr|Q9VUG1|Q9VUG1_DROME Dally-like_ isoform A OS=Drosophila melanogaster OX=7227 GN=dlp PE=1 SV=2, Drosophila_melanogaster_tr_Q9GPL5_Q9GPL5_DROME tr|Q9GPL5|Q9GPL5_DROME Dally-like protein OS=Drosophila melanogaster OX=7227 GN=dlp PE=2 SV=1	NP_001192713.1 glypican-4 precursor [Bos taurus], NP_001075199.2 glypican-6 precursor [Bos taurus], XP_059737420.1 glypican-2 isoform X1 [Bos taurus], sp|G3X745.1|GPC1_BOVIN RecName_ Full=Glypican-1; Contains_ RecName_ Full=Secreted glypican-1; Flags_ Precursor
OG0000068	Drosophila_melanogaster_tr_E1JHQ0_E1JHQ0_DROME tr|E1JHQ0|E1JHQ0_DROME Galectin OS=Drosophila melanogaster OX=7227 GN=galectin PE=1 SV=1, Drosophila_melanogaster_tr_M9NCX9_M9NCX9_DROME tr|M9NCX9|M9NCX9_DROME Galectin OS=Drosophila melanogaster OX=7227 GN=galectin PE=1 SV=1, Drosophila_melanogaster_tr_Q9VPI6_Q9VPI6_DROME tr|Q9VPI6|Q9VPI6_DROME Galectin OS=Drosophila melanogaster OX=7227 GN=galectin PE=1 SV=1, Drosophila_melanogaster_tr_E1JHP9_E1JHP9_DROME tr|E1JHP9|E1JHP9_DROME Galectin OS=Drosophila melanogaster OX=7227 GN=galectin PE=1 SV=1, Drosophila_melanogaster_tr_C0PUZ0_C0PUZ0_DROME tr|C0PUZ0|C0PUZ0_DROME Galectin OS=Drosophila melanogaster OX=7227 GN=galectin PE=1 SV=1, Drosophila_melanogaster_tr_Q9VPI7_Q9VPI7_DROME tr|Q9VPI7|Q9VPI7_DROME Galectin OS=Drosophila melanogaster OX=7227 GN=Dmel\CG11374 PE=4 SV=3	XP_002695021.1 galectin-7 [Bos taurus], DAA15163.1 TPA_ galectin-related inter-fiber protein-like [Bos taurus], NP_001192760.1 galectin-related protein [Bos taurus], sp|Q3T0D6.1|LEG4_BOVIN RecName_ Full=Galectin-4; Short=Gal-4, XP_002699418.1 galectin-12 [Bos taurus]
OG0000068	Drosophila_melanogaster_sp_Q9VWB0_TECPR_DROME sp|Q9VWB0|TECPR_DROME Tectonin beta-propeller repeat-containing protein OS=Drosophila melanogaster OX=7227 GN=Pex23 PE=2 SV=2	NP_001244020.1 galectin-2 isoform 1 [Bos taurus]
OG0000074	Drosophila_melanogaster_sp_P24014_SLIT_DROME sp|P24014|SLIT_DROME Protein slit OS=Drosophila melanogaster OX=7227 GN=sli PE=1 SV=2, Drosophila_melanogaster_tr_A0A0B4KES0_A0A0B4KES0_DROME tr|A0A0B4KES0|A0A0B4KES0_DROME Slit_ isoform F OS=Drosophila melanogaster OX=7227 GN=sli PE=4 SV=1	NP_001178445.2 slit homolog 2 protein precursor [Bos taurus], DAA18060.1 TPA_ slit homolog 3 [Bos taurus], XP_002698459.1 slit homolog 1 protein [Bos taurus]
OG0000078	Drosophila_melanogaster_tr_Q95S79_Q95S79_DROME tr|Q95S79|Q95S79_DROME GM06507p OS=Drosophila melanogaster OX=7227 GN=Swim PE=2 SV=1, Drosophila_melanogaster_tr_Q7JWQ7_Q7JWQ7_DROME tr|Q7JWQ7|Q7JWQ7_DROME RE01730p OS=Drosophila melanogaster OX=7227 GN=Swim PE=1 SV=1	sp|P05689.2|CATZ_BOVIN RecName_ Full=Cathepsin Z; Flags_ Precursor, XP_010816338.1 tubulointerstitial nephritis antigen isoform X1 [Bos taurus], DAA32345.1 TPA_ tubulointerstitial nephritis antigen-like 1-like [Bos taurus]
OG0000080	Drosophila_melanogaster_sp_Q9VH14_TIMP_DROME sp|Q9VH14|TIMP_DROME Tissue inhibitor of metalloproteinase OS=Drosophila melanogaster OX=7227 GN=Timp PE=1 SV=1	sp|P79121.1|TIMP3_BOVIN RecName_ Full=Metalloproteinase inhibitor 3; AltName_ Full=Tissue inhibitor of metalloproteinases 3; Short=TIMP-3; Flags_ Precursor, sp|O97563.2|TIMP4_BOVIN RecName_ Full=Metalloproteinase inhibitor 4; AltName_ Full=Tissue inhibitor of metalloproteinases 4; Short=TIMP-4; Flags_ Precursor, sp|P20414.1|TIMP1_BOVIN RecName_ Full=Metalloproteinase inhibitor 1; AltName_ Full=Embryogenin-1; Short=EG-1; AltName_ Full=Tissue inhibitor of metalloproteinases 1; Short=TIMP-1; Flags_ Precursor
OG0000084	Drosophila_melanogaster_tr_Q86BH1_Q86BH1_DROME tr|Q86BH1|Q86BH1_DROME Multiplexin_ isoform E OS=Drosophila melanogaster OX=7227 GN=Mp PE=4 SV=1, Drosophila_melanogaster_tr_E1JI50_E1JI50_DROME tr|E1JI50|E1JI50_DROME Multiplexin_ isoform F OS=Drosophila melanogaster OX=7227 GN=Mp PE=4 SV=1, Drosophila_melanogaster_tr_Q8MT89_Q8MT89_DROME tr|Q8MT89|Q8MT89_DROME GH14382p OS=Drosophila melanogaster OX=7227 GN=Mp PE=2 SV=1, Drosophila_melanogaster_tr_X2JGC3_X2JGC3_DROME tr|X2JGC3|X2JGC3_DROME Multiplexin_ isoform S OS=Drosophila melanogaster OX=7227 GN=Mp PE=4 SV=1, Drosophila_melanogaster_tr_E1JI49_E1JI49_DROME tr|E1JI49|E1JI49_DROME Multiplexin_ isoform H OS=Drosophila melanogaster OX=7227 GN=Mp PE=4 SV=1, Drosophila_melanogaster_tr_X2JC42_X2JC42_DROME tr|X2JC42|X2JC42_DROME Multiplexin_ isoform T OS=Drosophila melanogaster OX=7227 GN=Mp PE=4 SV=1, Drosophila_melanogaster_tr_E1JIE0_E1JIE0_DROME tr|E1JIE0|E1JIE0_DROME Multiplexin_ isoform M OS=Drosophila melanogaster OX=7227 GN=Mp PE=4 SV=1, Drosophila_melanogaster_tr_M9ND55_M9ND55_DROME tr|M9ND55|M9ND55_DROME Multiplexin_ isoform R OS=Drosophila melanogaster OX=7227 GN=Mp PE=4 SV=1, Drosophila_melanogaster_tr_E1JIE3_E1JIE3_DROME tr|E1JIE3|E1JIE3_DROME Multiplexin_ isoform O OS=Drosophila melanogaster OX=7227 GN=Mp PE=4 SV=2, Drosophila_melanogaster_tr_E1JID9_E1JID9_DROME tr|E1JID9|E1JID9_DROME Multiplexin_ isoform G OS=Drosophila melanogaster OX=7227 GN=Mp PE=4 SV=1, Drosophila_melanogaster_tr_E1JIE1_E1JIE1_DROME tr|E1JIE1|E1JIE1_DROME Multiplexin_ isoform B OS=Drosophila melanogaster OX=7227 GN=Mp PE=4 SV=1, Drosophila_melanogaster_tr_E1JIE2_E1JIE2_DROME tr|E1JIE2|E1JIE2_DROME Multiplexin_ isoform L OS=Drosophila melanogaster OX=7227 GN=Mp PE=4 SV=1, Drosophila_melanogaster_tr_X2JCL0_X2JCL0_DROME tr|X2JCL0|X2JCL0_DROME Multiplexin_ isoform U OS=Drosophila melanogaster OX=7227 GN=Mp PE=4 SV=1, Drosophila_melanogaster_tr_E1JI52_E1JI52_DROME tr|E1JI52|E1JI52_DROME Multiplexin_ isoform J OS=Drosophila melanogaster OX=7227 GN=Mp PE=4 SV=1	NP_001178214.2 collagen alpha-1_XV_ chain precursor [Bos taurus], XP_024830782.1 collagen alpha-1_XVIII_ chain isoform X1 [Bos taurus]
OG0000088	Drosophila_melanogaster_tr_O02029_O02029_DROME tr|O02029|O02029_DROME M-spondin OS=Drosophila melanogaster OX=7227 GN=mspo PE=2 SV=1, Drosophila_melanogaster_tr_Q7JY80_Q7JY80_DROME tr|Q7JY80|Q7JY80_DROME M-spondin_ isoform A OS=Drosophila melanogaster OX=7227 GN=mspo PE=2 SV=1	NP_001039622.1 spondin-2 precursor [Bos taurus]
OG0000088	Drosophila_melanogaster_tr_Q8T988_Q8T988_DROME tr|Q8T988|Q8T988_DROME SD07907p OS=Drosophila melanogaster OX=7227 GN=CG17740 PE=2 SV=1, Drosophila_melanogaster_tr_A1Z8W6_A1Z8W6_DROME tr|A1Z8W6|A1Z8W6_DROME Spondin-1 OS=Drosophila melanogaster OX=7227 GN=CG17740 PE=2 SV=1, Drosophila_melanogaster_tr_Q3ZAL6_Q3ZAL6_DROME tr|Q3ZAL6|Q3ZAL6_DROME Spondin-1 OS=Drosophila melanogaster OX=7227 GN=CG17740 PE=2 SV=1, Drosophila_melanogaster_tr_Q7K3Y9_Q7K3Y9_DROME tr|Q7K3Y9|Q7K3Y9_DROME Spondin-1 OS=Drosophila melanogaster OX=7227 GN=Dmel\CG17739 PE=2 SV=1, Drosophila_melanogaster_tr_Q95S22_Q95S22_DROME tr|Q95S22|Q95S22_DROME HL01082p OS=Drosophila melanogaster OX=7227 GN=fat-spondin PE=2 SV=1, Drosophila_melanogaster_tr_Q7KN04_Q7KN04_DROME tr|Q7KN04|Q7KN04_DROME Spondin-1 OS=Drosophila melanogaster OX=7227 GN=fat-spondin PE=1 SV=1	sp|Q9GLX9.1|SPON1_BOVIN RecName_ Full=Spondin-1; AltName_ Full=F-spondin; AltName_ Full=Vascular smooth muscle cell growth-promoting factor; Flags_ Precursor
OG0000089	Drosophila_melanogaster_sp_Q24025_SOG_DROME sp|Q24025|SOG_DROME Dorsal-ventral patterning protein Sog OS=Drosophila melanogaster OX=7227 GN=sog PE=1 SV=1, Drosophila_melanogaster_tr_M9PH73_M9PH73_DROME tr|M9PH73|M9PH73_DROME Dorsal-ventral patterning protein Sog OS=Drosophila melanogaster OX=7227 GN=sog PE=3 SV=1	DAA33329.1 TPA_ chordin-like [Bos taurus]
OG0000095	Drosophila_melanogaster_tr_A4UZB1_A4UZB1_DROME tr|A4UZB1|A4UZB1_DROME Magu_ isoform F OS=Drosophila melanogaster OX=7227 GN=magu PE=4 SV=1, Drosophila_melanogaster_tr_Q95TQ2_Q95TQ2_DROME tr|Q95TQ2|Q95TQ2_DROME LD30894p OS=Drosophila melanogaster OX=7227 GN=magu PE=2 SV=1, Drosophila_melanogaster_tr_Q0E9E0_Q0E9E0_DROME tr|Q0E9E0|Q0E9E0_DROME FI05255p OS=Drosophila melanogaster OX=7227 GN=magu PE=2 SV=1, Drosophila_melanogaster_tr_Q86MK1_Q86MK1_DROME tr|Q86MK1|Q86MK1_DROME CG2264A OS=Drosophila melanogaster OX=7227 GN=magu PE=2 SV=1	XP_024852606.1 SPARC-related modular calcium-binding protein 2 isoform X1 [Bos taurus], XP_005212006.1 SPARC-related modular calcium-binding protein 1 isoform X1 [Bos taurus]
OG0000120	Drosophila_melanogaster_tr_B7YZN0_B7YZN0_DROME tr|B7YZN0|B7YZN0_DROME Syndecan OS=Drosophila melanogaster OX=7227 GN=Sdc PE=1 SV=2, Drosophila_melanogaster_tr_E1JGQ9_E1JGQ9_DROME tr|E1JGQ9|E1JGQ9_DROME Syndecan OS=Drosophila melanogaster OX=7227 GN=Sdc PE=1 SV=2, Drosophila_melanogaster_sp_P49415_SDC_DROME sp|P49415|SDC_DROME Syndecan OS=Drosophila melanogaster OX=7227 GN=Sdc PE=2 SV=2, Drosophila_melanogaster_tr_B7YZM9_B7YZM9_DROME tr|B7YZM9|B7YZM9_DROME Syndecan OS=Drosophila melanogaster OX=7227 GN=Sdc PE=1 SV=1, Drosophila_melanogaster_tr_A0A0B4LG79_A0A0B4LG79_DROME tr|A0A0B4LG79|A0A0B4LG79_DROME Syndecan OS=Drosophila melanogaster OX=7227 GN=Sdc PE=1 SV=1, Drosophila_melanogaster_tr_A0A0B4K862_A0A0B4K862_DROME tr|A0A0B4K862|A0A0B4K862_DROME Syndecan OS=Drosophila melanogaster OX=7227 GN=Sdc PE=3 SV=1	XP_002692376.1 syndecan-4 [Bos taurus], sp|Q58DD4.1|SDC2_BOVIN RecName_ Full=Syndecan-2; Short=SYND2; AltName_ CD_antigen=CD362; Flags_ Precursor, sp|Q08DZ5.1|SDC1_BOVIN RecName_ Full=Syndecan-1; Short=SYND1; AltName_ CD_antigen=CD138; Flags_ Precursor, DAA32372.1 TPA_ syndecan 3-like [Bos taurus]
OG0000141	Drosophila_melanogaster_tr_Q9VVK3_Q9VVK3_DROME tr|Q9VVK3|Q9VVK3_DROME Ccn OS=Drosophila melanogaster OX=7227 GN=Ccn PE=2 SV=2	NP_001095646.1 CCN family member 5 precursor [Bos taurus], DAA22835.1 TPA_ WNT1 inducible signaling pathway protein 1-like [Bos taurus], NP_001029512.1 CCN family member 1 precursor [Bos taurus]
OG0000236	Drosophila_melanogaster_tr_Q9BLX1_Q9BLX1_DROME tr|Q9BLX1|Q9BLX1_DROME PDGF-and VEGF-related factor 1_ isoform B OS=Drosophila melanogaster OX=7227 GN=Pvf1 PE=2 SV=1, Drosophila_melanogaster_tr_Q9VWP6_Q9VWP6_DROME tr|Q9VWP6|Q9VWP6_DROME LD28763p OS=Drosophila melanogaster OX=7227 GN=Pvf1 PE=2 SV=3, Drosophila_melanogaster_tr_X2JCH3_X2JCH3_DROME tr|X2JCH3|X2JCH3_DROME PDGF-and VEGF-related factor 1_ isoform C OS=Drosophila melanogaster OX=7227 GN=Pvf1 PE=3 SV=1	XP_059737173.1 platelet-derived growth factor subunit A isoform X1 [Bos taurus]
OG0000248	Drosophila_melanogaster_tr_Q9VCC7_Q9VCC7_DROME tr|Q9VCC7|Q9VCC7_DROME FI03681p OS=Drosophila melanogaster OX=7227 GN=Kal1 PE=2 SV=2, Drosophila_melanogaster_tr_Q95SS0_Q95SS0_DROME tr|Q95SS0|Q95SS0_DROME GH04611p OS=Drosophila melanogaster OX=7227 GN=Kal1 PE=2 SV=1	DAA12529.1 TPA_ Kallmann syndrome 1 protein [Bos taurus]
OG0000269	Drosophila_melanogaster_tr_Q8IGN3_Q8IGN3_DROME tr|Q8IGN3|Q8IGN3_DROME RE59052p OS=Drosophila melanogaster OX=7227 GN=CG6867 PE=2 SV=1, Drosophila_melanogaster_tr_Q9VWZ7_Q9VWZ7_DROME tr|Q9VWZ7|Q9VWZ7_DROME FI21454p1 OS=Drosophila melanogaster OX=7227 GN=CT21241 PE=2 SV=2	XP_002690971.1 gliomedin isoform X1 [Bos taurus], sp|Q9XTA3.1|MYOC_BOVIN RecName_ Full=Myocilin; AltName_ Full=Myocilin 55 kDa subunit; AltName_ Full=Trabecular meshwork-induced glucocorticoid response protein; Contains_ RecName_ Full=Myocilin_ N-terminal fragment; AltName_ Full=Myocilin 20 kDa N-terminal fragment; Contains_ RecName_ Full=Myocilin_ C-terminal fragment; AltName_ Full=Myocilin 35 kDa N-terminal fragment; Flags_ Precursor
OG0000353	Drosophila_melanogaster_tr_E1JIM8_E1JIM8_DROME tr|E1JIM8|E1JIM8_DROME Uncharacterized protein_ isoform Q OS=Drosophila melanogaster OX=7227 GN=CG14889 PE=4 SV=2, Drosophila_melanogaster_tr_A0A0B4KH90_A0A0B4KH90_DROME tr|A0A0B4KH90|A0A0B4KH90_DROME Uncharacterized protein_ isoform R OS=Drosophila melanogaster OX=7227 GN=CG14890 PE=4 SV=1, Drosophila_melanogaster_tr_A0A0B4JDA4_A0A0B4JDA4_DROME tr|A0A0B4JDA4|A0A0B4JDA4_DROME Uncharacterized protein_ isoform P OS=Drosophila melanogaster OX=7227 GN=CG11769 PE=4 SV=1, Drosophila_melanogaster_tr_A0A0B4K7C8_A0A0B4K7C8_DROME tr|A0A0B4K7C8|A0A0B4K7C8_DROME Uncharacterized protein_ isoform L OS=Drosophila melanogaster OX=7227 GN=CG42243 PE=4 SV=1, Drosophila_melanogaster_tr_A0A0B4KGA1_A0A0B4KGA1_DROME tr|A0A0B4KGA1|A0A0B4KGA1_DROME Uncharacterized protein_ isoform T OS=Drosophila melanogaster OX=7227 GN=CG14890 PE=4 SV=1, Drosophila_melanogaster_sp_B7Z0K8_COLL1_DROME sp|B7Z0K8|COLL1_DROME Collagen alpha chain CG42342 OS=Drosophila melanogaster OX=7227 GN=CG42342 PE=2 SV=1, Drosophila_melanogaster_tr_A0A0B4JDF5_A0A0B4JDF5_DROME tr|A0A0B4JDF5|A0A0B4JDF5_DROME Uncharacterized protein_ isoform H OS=Drosophila melanogaster OX=7227 GN=CG14890 PE=4 SV=1, Drosophila_melanogaster_tr_A0A0B4K668_A0A0B4K668_DROME tr|A0A0B4K668|A0A0B4K668_DROME Uncharacterized protein_ isoform S OS=Drosophila melanogaster OX=7227 GN=CG14888 PE=4 SV=1, Drosophila_melanogaster_tr_A0A0B4K6A0_A0A0B4K6A0_DROME tr|A0A0B4K6A0|A0A0B4K6A0_DROME Uncharacterized protein_ isoform K OS=Drosophila melanogaster OX=7227 GN=CG42243 PE=4 SV=1	XP_002689082.4 collagen alpha-1_XXIII_ chain [Bos taurus]
OG0000686	Drosophila_melanogaster_tr_Q9W142_Q9W142_DROME tr|Q9W142|Q9W142_DROME C-type lectin domain-containing protein OS=Drosophila melanogaster OX=7227 GN=Dmel\CG13587 PE=4 SV=2	NP_001091941.1 proteoglycan 3 precursor [Bos taurus]
OG0001113	Drosophila_melanogaster_tr_Q9W3D8_Q9W3D8_DROME tr|Q9W3D8|Q9W3D8_DROME AT17652p OS=Drosophila melanogaster OX=7227 GN=Dmel\CG12111 PE=2 SV=1	NP_001091523.1 C-type lectin domain family 11 member A precursor [Bos taurus]
OG0001115	Drosophila_melanogaster_tr_A0A0B4KEZ3_A0A0B4KEZ3_DROME tr|A0A0B4KEZ3|A0A0B4KEZ3_DROME C-type lectin domain-containing protein _Fragment_ OS=Drosophila melanogaster OX=7227 GN=CR14499 PE=4 SV=3, Drosophila_melanogaster_tr_Q5BIF1_Q5BIF1_DROME tr|Q5BIF1|Q5BIF1_DROME RE45003p _Fragment_ OS=Drosophila melanogaster OX=7227 GN=CG14500 PE=2 SV=1, Drosophila_melanogaster_tr_A1ZB48_A1ZB48_DROME tr|A1ZB48|A1ZB48_DROME FI01427p OS=Drosophila melanogaster OX=7227 GN=Dmel\CG14500 PE=2 SV=1	NP_001178439.1 C-type lectin domain family 4 member A [Bos taurus]
