Orthogroup	Platyhelminthes_Tricladida_Schmidtea_mediterranea	Cnidaria_Scyphozoa_Aurelia_aurita
OG0000000	Schmidtea_mediterranea_maker-scaffold9678-snap-gene-0.37-mRNA-1 maker-scaffold9678-snap-gene-0.37-mRNA-1 protein AED_0.36 eAED_0.36 QI_0|0.25|0.11|0.66|0.5|0.55|9|0|2056	Aurelia_aurita_Seg1515.1 Seg1515.1 transcript_id=Seg1515.1_GoldUCD_mRNA.D3Y31 product=Tenascin-R protein_id=Seg1515.1_GoldUCD_D3Y31, Aurelia_aurita_Seg1515.2 Seg1515.2 transcript_id=Seg1515.2_GoldUCD_mRNA.D3Y31 product=Ryncolin-4 protein_id=Seg1515.2_GoldUCD_D3Y31, Aurelia_aurita_Seg144.2 Seg144.2 transcript_id=Seg144.2_GoldUCD_mRNA.D3Y31 product=Tenascin-R protein_id=Seg144.2_GoldUCD_D3Y31, Aurelia_aurita_Seg451.5 Seg451.5 transcript_id=Seg451.5_GoldUCD_mRNA.D3Y31 product=Ryncolin-3 protein_id=Seg451.5_GoldUCD_D3Y31, Aurelia_aurita_Seg2318.1 Seg2318.1 transcript_id=Seg2318.1_GoldUCD_mRNA.D3Y31 product=Ficolin-1 protein_id=Seg2318.1_GoldUCD_D3Y31, Aurelia_aurita_Seg2243.3 Seg2243.3 transcript_id=Seg2243.3_GoldUCD_mRNA.D3Y31 product=Ficolin-1 protein_id=Seg2243.3_GoldUCD_D3Y31, Aurelia_aurita_Seg4227.2 Seg4227.2 transcript_id=Seg4227.2_GoldUCD_mRNA.D3Y31 product=Ficolin-3 protein_id=Seg4227.2_GoldUCD_D3Y31, Aurelia_aurita_Seg983.3 Seg983.3 transcript_id=Seg983.3_GoldUCD_mRNA.D3Y31 product=Fibroleukin protein_id=Seg983.3_GoldUCD_D3Y31, Aurelia_aurita_Seg1964.7 Seg1964.7 transcript_id=Seg1964.7_GoldUCD_mRNA.D3Y31 product="Fibrinogen C domain-containing protein 1" protein_id=Seg1964.7_GoldUCD_D3Y31, Aurelia_aurita_Seg349.4 Seg349.4 transcript_id=Seg349.4_GoldUCD_mRNA.D3Y31 product="Fibrinogen C domain-containing protein 1" protein_id=Seg349.4_GoldUCD_D3Y31
OG0000001	Schmidtea_mediterranea_maker-scaffold14005-snap-gene-0.42-mRNA-1 maker-scaffold14005-snap-gene-0.42-mRNA-1 protein AED_0.02 eAED_0.04 QI_10|0|0|0.83|0.8|0.83|6|0|258	Aurelia_aurita_Seg1378.3 Seg1378.3 transcript_id=Seg1378.3_GoldUCD_mRNA.D3Y31 product="Laminin subunit beta-1" protein_id=Seg1378.3_GoldUCD_D3Y31 partial=true, Aurelia_aurita_Seg2403.1 Seg2403.1 transcript_id=Seg2403.1_GoldUCD_mRNA.D3Y31 product="Laminin subunit beta-1" protein_id=Seg2403.1_GoldUCD_D3Y31
OG0000001	Schmidtea_mediterranea_maker-scaffold10162-snap-gene-1.78-mRNA-1 maker-scaffold10162-snap-gene-1.78-mRNA-1 protein AED_0.24 eAED_0.24 QI_0|0.46|0.55|0.65|0.5|0.75|29|0|1241	Aurelia_aurita_Seg436.1 Seg436.1 transcript_id=Seg436.1_GoldUCD_mRNA.D3Y31 product=Neogenin protein_id=Seg436.1_GoldUCD_D3Y31 partial=true
OG0000001	Schmidtea_mediterranea_maker-scaffold10153-augustus-gene-0.51-mRNA-1 maker-scaffold10153-augustus-gene-0.51-mRNA-1 protein AED_0.09 eAED_0.09 QI_141|0.86|0.95|1|0.65|0.70|24|255|1751	Aurelia_aurita_Seg9198.1 Seg9198.1 transcript_id=Seg9198.1_GoldUCD_mRNA.D3Y31 product="Laminin subunit gamma-1" protein_id=Seg9198.1_GoldUCD_D3Y31, Aurelia_aurita_Seg80.10 Seg80.10 transcript_id=Seg80.10_GoldUCD_mRNA.D3Y31 product="Laminin subunit gamma-1" protein_id=Seg80.10_GoldUCD_D3Y31, Aurelia_aurita_Seg80.9 Seg80.9 transcript_id=Seg80.9_GoldUCD_mRNA.D3Y31 product="Laminin subunit gamma-1" protein_id=Seg80.9_GoldUCD_D3Y31 partial=true
OG0000002	Schmidtea_mediterranea_snap_masked-scaffold13326-processed-gene-0.6-mRNA-1 snap_masked-scaffold13326-processed-gene-0.6-mRNA-1 protein AED_0.69 eAED_0.69 QI_0|0|0|0.07|1|1|14|0|375	Aurelia_aurita_Seg1454.5 Seg1454.5 transcript_id=Seg1454.5_GoldUCD_mRNA.D3Y31 product=SCO-spondin protein_id=Seg1454.5_GoldUCD_D3Y31 partial=true, Aurelia_aurita_Seg3614.3 Seg3614.3 transcript_id=Seg3614.3_GoldUCD_mRNA.D3Y31 product=Thrombospondin-2 protein_id=Seg3614.3_GoldUCD_D3Y31 partial=true
OG0000002	Schmidtea_mediterranea_maker-scaffold19530-augustus-gene-0.11-mRNA-1 maker-scaffold19530-augustus-gene-0.11-mRNA-1 protein AED_0.24 eAED_0.24 QI_650|0.75|0.8|1|0|0.2|5|325|316	Aurelia_aurita_Seg1153.2 Seg1153.2 transcript_id=Seg1153.2_GoldUCD_mRNA.D3Y31 product="hypothetical protein" protein_id=Seg1153.2_GoldUCD_D3Y31 partial=true
OG0000002	Schmidtea_mediterranea_maker-scaffold4046-augustus-gene-0.24-mRNA-1 maker-scaffold4046-augustus-gene-0.24-mRNA-1 protein AED_0.06 eAED_0.06 QI_0|0.77|0.6|0.9|0.66|0.9|10|0|531, Schmidtea_mediterranea_maker-scaffold4046-augustus-gene-0.23-mRNA-1 maker-scaffold4046-augustus-gene-0.23-mRNA-1 protein AED_0.41 eAED_0.41 QI_0|0.66|0.57|0.85|0.66|0.57|7|0|420, Schmidtea_mediterranea_maker-scaffold36975-augustus-gene-0.59-mRNA-1 maker-scaffold36975-augustus-gene-0.59-mRNA-1 protein AED_0.08 eAED_0.13 QI_0|0|0|0.66|0|0.33|3|0|216	Aurelia_aurita_Seg1505.2 Seg1505.2 transcript_id=Seg1505.2_GoldUCD_mRNA.D3Y31 product=Hemicentin-1 protein_id=Seg1505.2_GoldUCD_D3Y31, Aurelia_aurita_Seg4965.1 Seg4965.1 transcript_id=Seg4965.1_GoldUCD_mRNA.D3Y31 product=Hemicentin-1 protein_id=Seg4965.1_GoldUCD_D3Y31, Aurelia_aurita_Seg1296.4 Seg1296.4 transcript_id=Seg1296.4_GoldUCD_mRNA.D3Y31 product=Coadhesin protein_id=Seg1296.4_GoldUCD_D3Y31 partial=true, Aurelia_aurita_Seg1147.11 Seg1147.11 transcript_id=Seg1147.11_GoldUCD_mRNA.D3Y31 product=Hemicentin-1 protein_id=Seg1147.11_GoldUCD_D3Y31, Aurelia_aurita_Seg1581.4 Seg1581.4 transcript_id=Seg1581.4_GoldUCD_mRNA.D3Y31 product=Hemicentin-1 protein_id=Seg1581.4_GoldUCD_D3Y31, Aurelia_aurita_Seg4492.1 Seg4492.1 transcript_id=Seg4492.1_GoldUCD_mRNA.D3Y31 product=Coadhesin protein_id=Seg4492.1_GoldUCD_D3Y31, Aurelia_aurita_Seg1121.9 Seg1121.9 transcript_id=Seg1121.9_GoldUCD_mRNA.D3Y31 product=Hemicentin-1 protein_id=Seg1121.9_GoldUCD_D3Y31 partial=true
OG0000002	Schmidtea_mediterranea_maker-scaffold2935-snap-gene-0.8-mRNA-1 maker-scaffold2935-snap-gene-0.8-mRNA-1 protein AED_0.03 eAED_0.03 QI_32|0|0|0.66|0|0|3|0|521	Aurelia_aurita_Seg3290.3 Seg3290.3 transcript_id=Seg3290.3_GoldUCD_mRNA.D3Y31 product=Thrombospondin-1 protein_id=Seg3290.3_GoldUCD_D3Y31 partial=true
OG0000003	Schmidtea_mediterranea_maker-scaffold22079-snap-gene-0.19-mRNA-1 maker-scaffold22079-snap-gene-0.19-mRNA-1 protein AED_0.20 eAED_0.20 QI_59|0.78|0.8|0.93|0.14|0.2|15|1145|184, Schmidtea_mediterranea_maker-scaffold8335-snap-gene-0.57-mRNA-1 maker-scaffold8335-snap-gene-0.57-mRNA-1 protein AED_0.07 eAED_0.07 QI_494|0.92|0.92|1|0.53|0.57|14|102|483, Schmidtea_mediterranea_snap_masked-scaffold8335-processed-gene-0.36-mRNA-1 snap_masked-scaffold8335-processed-gene-0.36-mRNA-1 protein AED_0.25 eAED_0.25 QI_180|0.92|0.85|0.92|0.53|0.78|14|0|512, Schmidtea_mediterranea_maker-scaffold8443-snap-gene-2.42-mRNA-1 maker-scaffold8443-snap-gene-2.42-mRNA-1 protein AED_0.07 eAED_0.07 QI_0|0.9|0.90|0.97|0.72|0.87|41|63|1657, Schmidtea_mediterranea_maker-scaffold29222-snap-gene-0.14-mRNA-1 maker-scaffold29222-snap-gene-0.14-mRNA-1 protein AED_0.81 eAED_0.81 QI_0|0|0|0.09|0.8|0.81|11|0|342, Schmidtea_mediterranea_maker-scaffold9334-augustus-gene-0.7-mRNA-1 maker-scaffold9334-augustus-gene-0.7-mRNA-1 protein AED_0.01 eAED_0.00 QI_23|1|0.92|1|0.66|0.76|13|47|550, Schmidtea_mediterranea_augustus_masked-scaffold25022-processed-gene-0.0-mRNA-1 augustus_masked-scaffold25022-processed-gene-0.0-mRNA-1 protein AED_0.49 eAED_0.49 QI_44|1|0.66|1|1|1|3|0|112, Schmidtea_mediterranea_snap_masked-scaffold25022-processed-gene-0.5-mRNA-1 snap_masked-scaffold25022-processed-gene-0.5-mRNA-1 protein AED_0.79 eAED_0.79 QI_0|0.14|0.12|0.25|1|1|8|0|217, Schmidtea_mediterranea_snap_masked-scaffold25022-processed-gene-0.12-mRNA-1 snap_masked-scaffold25022-processed-gene-0.12-mRNA-1 protein AED_0.20 eAED_0.20 QI_37|1|0.95|1|0.40|0.56|23|0|853, Schmidtea_mediterranea_maker-scaffold37438-snap-gene-0.19-mRNA-1 maker-scaffold37438-snap-gene-0.19-mRNA-1 protein AED_0.14 eAED_0.14 QI_44|0.82|0.79|0.96|0.57|0.55|29|0|1049, Schmidtea_mediterranea_maker-scaffold30903-augustus-gene-0.24-mRNA-1 maker-scaffold30903-augustus-gene-0.24-mRNA-1 protein AED_0.03 eAED_0.03 QI_0|0.66|0.25|0.75|0.66|0.5|4|0|126, Schmidtea_mediterranea_snap_masked-scaffold37438-processed-gene-0.15-mRNA-1 snap_masked-scaffold37438-processed-gene-0.15-mRNA-1 protein AED_0.72 eAED_0.72 QI_0|0.25|0.11|0.33|1|1|9|0|254, Schmidtea_mediterranea_maker-scaffold30903-augustus-gene-0.23-mRNA-1 maker-scaffold30903-augustus-gene-0.23-mRNA-1 protein AED_0.02 eAED_0.02 QI_0|1|0.33|1|1|0.66|3|0|124, Schmidtea_mediterranea_maker-scaffold30903-snap-gene-0.31-mRNA-1 maker-scaffold30903-snap-gene-0.31-mRNA-1 protein AED_0.05 eAED_0.05 QI_0|0.7|0.45|0.81|0.9|0.81|11|689|152, Schmidtea_mediterranea_snap_masked-scaffold37438-processed-gene-0.14-mRNA-1 snap_masked-scaffold37438-processed-gene-0.14-mRNA-1 protein AED_0.75 eAED_0.87 QI_0|0|0.16|0.5|1|1|6|0|195, Schmidtea_mediterranea_maker-scaffold30903-snap-gene-0.29-mRNA-1 maker-scaffold30903-snap-gene-0.29-mRNA-1 protein AED_0.01 eAED_0.01 QI_41|0.66|0.5|0.75|0.66|0.75|4|0|109, Schmidtea_mediterranea_maker-scaffold1029-augustus-gene-0.4-mRNA-1 maker-scaffold1029-augustus-gene-0.4-mRNA-1 protein AED_0.15 eAED_0.15 QI_0|0.75|0.6|1|1|1|5|32|152, Schmidtea_mediterranea_maker-scaffold11604-augustus-gene-0.49-mRNA-1 maker-scaffold11604-augustus-gene-0.49-mRNA-1 protein AED_0.23 eAED_0.23 QI_421|1|0.66|1|1|1|3|0|99	Aurelia_aurita_Seg5572.2 Seg5572.2 transcript_id=Seg5572.2_GoldUCD_mRNA.D3Y31 product="hypothetical protein" protein_id=Seg5572.2_GoldUCD_D3Y31 partial=true, Aurelia_aurita_Seg53.7 Seg53.7 transcript_id=Seg53.7_GoldUCD_mRNA.D3Y31 product="C-type mannose receptor 2" protein_id=Seg53.7_GoldUCD_D3Y31
OG0000003	Schmidtea_mediterranea_augustus_masked-scaffold1092-processed-gene-0.0-mRNA-1 augustus_masked-scaffold1092-processed-gene-0.0-mRNA-1 protein AED_0.18 eAED_0.18 QI_0|0|0|0.33|1|1|3|0|189	Aurelia_aurita_Seg1040.6 Seg1040.6 transcript_id=Seg1040.6_GoldUCD_mRNA.D3Y31 product="hypothetical protein" protein_id=Seg1040.6_GoldUCD_D3Y31 partial=true
OG0000003	Schmidtea_mediterranea_maker-scaffold6567-snap-gene-1.79-mRNA-1 maker-scaffold6567-snap-gene-1.79-mRNA-1 protein AED_0.41 eAED_0.44 QI_0|0.66|0.57|1|0.5|0.57|7|0|334	Aurelia_aurita_Seg2695.2 Seg2695.2 transcript_id=Seg2695.2_GoldUCD_mRNA.D3Y31 product=Fibrillin-3 protein_id=Seg2695.2_GoldUCD_D3Y31
OG0000003	Schmidtea_mediterranea_snap_masked-scaffold6567-processed-gene-1.12-mRNA-1 snap_masked-scaffold6567-processed-gene-1.12-mRNA-1 protein AED_0.27 eAED_0.27 QI_78|0.87|0.82|1|0.43|0.64|17|0|870	Aurelia_aurita_Seg841.23 Seg841.23 transcript_id=Seg841.23_GoldUCD_mRNA.D3Y31 product="Sushi von Willebrand factor type A EGF and pentraxin domain-containing protein 1" protein_id=Seg841.23_GoldUCD_D3Y31 partial=true, Aurelia_aurita_Seg729.4 Seg729.4 transcript_id=Seg729.4_GoldUCD_mRNA.D3Y31 product=Fibrillin-1 protein_id=Seg729.4_GoldUCD_D3Y31 partial=true
OG0000006	Schmidtea_mediterranea_maker-scaffold12128-augustus-gene-0.36-mRNA-1 maker-scaffold12128-augustus-gene-0.36-mRNA-1 protein AED_0.17 eAED_0.17 QI_0|0.63|0.66|0.75|0.81|0.91|12|157|713	Aurelia_aurita_Seg8820.2 Seg8820.2 transcript_id=Seg8820.2_GoldUCD_mRNA.D3Y31 product="Protein lev-9" protein_id=Seg8820.2_GoldUCD_D3Y31 partial=true, Aurelia_aurita_Seg4596.1 Seg4596.1 transcript_id=Seg4596.1_GoldUCD_mRNA.D3Y31 product="CUB and sushi domain-containing protein 3" protein_id=Seg4596.1_GoldUCD_D3Y31, Aurelia_aurita_Seg4426.1 Seg4426.1 transcript_id=Seg4426.1_GoldUCD_mRNA.D3Y31 product="Sushi von Willebrand factor type A EGF and pentraxin domain-containing protein 1" protein_id=Seg4426.1_GoldUCD_D3Y31
OG0000006	Schmidtea_mediterranea_maker-scaffold14099-augustus-gene-0.5-mRNA-1 maker-scaffold14099-augustus-gene-0.5-mRNA-1 protein AED_0.59 eAED_0.59 QI_170|0.33|0.5|0.5|0.66|0.75|4|0|159	Aurelia_aurita_Seg5645.2 Seg5645.2 transcript_id=Seg5645.2_GoldUCD_mRNA.D3Y31 product="hypothetical protein" protein_id=Seg5645.2_GoldUCD_D3Y31 partial=true
OG0000008	Schmidtea_mediterranea_maker-scaffold781-snap-gene-0.36-mRNA-1 maker-scaffold781-snap-gene-0.36-mRNA-1 protein AED_0.17 eAED_0.17 QI_8|0.42|0.5|0.75|0|0.75|8|0|574	Aurelia_aurita_Seg19.3 Seg19.3 transcript_id=Seg19.3_GoldUCD_mRNA.D3Y31 product=Fibropellin-1 protein_id=Seg19.3_GoldUCD_D3Y31 partial=true
OG0000008	Schmidtea_mediterranea_maker-scaffold7249-snap-gene-2.63-mRNA-1 maker-scaffold7249-snap-gene-2.63-mRNA-1 protein AED_0.53 eAED_0.56 QI_0|0|0|0.6|0.75|0.8|5|0|138, Schmidtea_mediterranea_maker-scaffold7249-snap-gene-2.72-mRNA-1 maker-scaffold7249-snap-gene-2.72-mRNA-1 protein AED_0.53 eAED_0.56 QI_0|0|0|0.6|0.75|0.8|5|0|138, Schmidtea_mediterranea_maker-scaffold7249-snap-gene-2.70-mRNA-1 maker-scaffold7249-snap-gene-2.70-mRNA-1 protein AED_0.37 eAED_0.37 QI_0|0|0|0.88|1|1|9|0|637, Schmidtea_mediterranea_maker-scaffold7249-snap-gene-2.65-mRNA-1 maker-scaffold7249-snap-gene-2.65-mRNA-1 protein AED_0.52 eAED_0.52 QI_0|0|0|0.66|0.5|0.66|3|0|374	Aurelia_aurita_Seg3522.1 Seg3522.1 transcript_id=Seg3522.1_GoldUCD_mRNA.D3Y31 product=Fibropellin-1 protein_id=Seg3522.1_GoldUCD_D3Y31 partial=true, Aurelia_aurita_Seg5732.1 Seg5732.1 transcript_id=Seg5732.1_GoldUCD_mRNA.D3Y31 product=Fibropellin-1 protein_id=Seg5732.1_GoldUCD_D3Y31 partial=true, Aurelia_aurita_Seg1571.3 Seg1571.3 transcript_id=Seg1571.3_GoldUCD_mRNA.D3Y31 product="hypothetical protein" protein_id=Seg1571.3_GoldUCD_D3Y31 partial=true, Aurelia_aurita_Seg275.10 Seg275.10 transcript_id=Seg275.10_GoldUCD_mRNA.D3Y31 product=Fibropellin-1 protein_id=Seg275.10_GoldUCD_D3Y31 partial=true, Aurelia_aurita_Seg5012.1 Seg5012.1 transcript_id=Seg5012.1_GoldUCD_mRNA.D3Y31 product=Ficolin-2 protein_id=Seg5012.1_GoldUCD_D3Y31
OG0000008	Schmidtea_mediterranea_maker-scaffold7249-snap-gene-2.67-mRNA-1 maker-scaffold7249-snap-gene-2.67-mRNA-1 protein AED_0.64 eAED_0.64 QI_0|0|0|0.25|0.66|0.5|4|0|132, Schmidtea_mediterranea_maker-scaffold7249-snap-gene-2.61-mRNA-1 maker-scaffold7249-snap-gene-2.61-mRNA-1 protein AED_0.45 eAED_0.45 QI_0|0|0|0.16|1|1|12|0|321	Aurelia_aurita_Seg3969.1 Seg3969.1 transcript_id=Seg3969.1_GoldUCD_mRNA.D3Y31 product="hypothetical protein" pseudo=true protein_id=Seg3969.1_GoldUCD_D3Y31 partial=true
OG0000009	Schmidtea_mediterranea_maker-scaffold7935-augustus-gene-0.39-mRNA-1 maker-scaffold7935-augustus-gene-0.39-mRNA-1 protein AED_0.10 eAED_0.10 QI_422|1|1|1|0.35|0.72|18|100|1068	Aurelia_aurita_Seg1446.4 Seg1446.4 transcript_id=Seg1446.4_GoldUCD_mRNA.D3Y31 product=Cubilin protein_id=Seg1446.4_GoldUCD_D3Y31 partial=true, Aurelia_aurita_Seg1404.2 Seg1404.2 transcript_id=Seg1404.2_GoldUCD_mRNA.D3Y31 product="Tolloid-like protein 2" protein_id=Seg1404.2_GoldUCD_D3Y31 partial=true
OG0000009	Schmidtea_mediterranea_maker-scaffold5831-snap-gene-1.66-mRNA-1 maker-scaffold5831-snap-gene-1.66-mRNA-1 protein AED_0.56 eAED_0.56 QI_0|0|0|0.22|1|1|9|0|397, Schmidtea_mediterranea_maker-scaffold5831-snap-gene-1.67-mRNA-1 maker-scaffold5831-snap-gene-1.67-mRNA-1 protein AED_0.58 eAED_0.58 QI_0|0|0|0.5|0.66|1|4|0|254, Schmidtea_mediterranea_maker-scaffold5831-snap-gene-1.65-mRNA-1 maker-scaffold5831-snap-gene-1.65-mRNA-1 protein AED_0.69 eAED_0.69 QI_0|0|0|0.2|1|1|5|0|244	Aurelia_aurita_Seg1882.13 Seg1882.13 transcript_id=Seg1882.13_GoldUCD_mRNA.D3Y31 product=Cubilin protein_id=Seg1882.13_GoldUCD_D3Y31
OG0000010	Schmidtea_mediterranea_maker-scaffold40828-augustus-gene-0.30-mRNA-1 maker-scaffold40828-augustus-gene-0.30-mRNA-1 protein AED_0.00 eAED_0.00 QI_82|1|0.66|1|1|1|3|0|1101	Aurelia_aurita_Seg241.1 Seg241.1 transcript_id=Seg241.1_GoldUCD_mRNA.D3Y31 product="Roundabout 1" protein_id=Seg241.1_GoldUCD_D3Y31
OG0000011	Schmidtea_mediterranea_maker-scaffold19804-snap-gene-0.12-mRNA-1 maker-scaffold19804-snap-gene-0.12-mRNA-1 protein AED_0.04 eAED_0.04 QI_37|0.5|0.66|1|0|0|3|77|99, Schmidtea_mediterranea_maker-scaffold15368-augustus-gene-0.16-mRNA-1 maker-scaffold15368-augustus-gene-0.16-mRNA-1 protein AED_0.04 eAED_0.04 QI_0|1|0.5|1|1|1|2|80|186	Aurelia_aurita_Seg1575.4 Seg1575.4 transcript_id=Seg1575.4_GoldUCD_mRNA.D3Y31 product=Plasminogen protein_id=Seg1575.4_GoldUCD_D3Y31 partial=true
OG0000013	Schmidtea_mediterranea_maker-scaffold1075-snap-gene-0.46-mRNA-1 maker-scaffold1075-snap-gene-0.46-mRNA-1 protein AED_0.12 eAED_0.12 QI_109|0.66|0.42|1|0.33|0|7|0|511, Schmidtea_mediterranea_maker-scaffold4491-snap-gene-0.19-mRNA-1 maker-scaffold4491-snap-gene-0.19-mRNA-1 protein AED_0.08 eAED_0.08 QI_0|0|0|0.5|0.2|0.16|6|0|372, Schmidtea_mediterranea_maker-scaffold14654-snap-gene-0.26-mRNA-1 maker-scaffold14654-snap-gene-0.26-mRNA-1 protein AED_0.15 eAED_0.15 QI_0|0|0|0.33|0.8|0.83|6|0|309, Schmidtea_mediterranea_maker-scaffold24568-augustus-gene-0.47-mRNA-1 maker-scaffold24568-augustus-gene-0.47-mRNA-1 protein AED_0.00 eAED_0.00 QI_16|1|1|1|0.5|0.33|3|124|372	Aurelia_aurita_Seg3321.1 Seg3321.1 transcript_id=Seg3321.1_GoldUCD_mRNA.D3Y31 product="Protein Wnt-16" protein_id=Seg3321.1_GoldUCD_D3Y31 partial=true
OG0000013	Schmidtea_mediterranea_maker-scaffold19449-augustus-gene-0.32-mRNA-1 maker-scaffold19449-augustus-gene-0.32-mRNA-1 protein AED_0.40 eAED_0.40 QI_0|0|0|0.5|0|0|2|0|137	Aurelia_aurita_Seg915.2 Seg915.2 transcript_id=Seg915.2_GoldUCD_mRNA.D3Y31 product="Protein Wnt-4" protein_id=Seg915.2_GoldUCD_D3Y31
OG0000013	Schmidtea_mediterranea_maker-scaffold5858-augustus-gene-1.57-mRNA-1 maker-scaffold5858-augustus-gene-1.57-mRNA-1 protein AED_0.19 eAED_0.19 QI_722|0.83|0.85|0.85|0.16|0.71|7|0|346	Aurelia_aurita_Seg145.5 Seg145.5 transcript_id=Seg145.5_GoldUCD_mRNA.D3Y31 product="Protein Wnt-2b" protein_id=Seg145.5_GoldUCD_D3Y31
OG0000013	Schmidtea_mediterranea_augustus_masked-scaffold13353-processed-gene-0.2-mRNA-1 augustus_masked-scaffold13353-processed-gene-0.2-mRNA-1 protein AED_0.33 eAED_0.33 QI_0|0|0|0.5|1|1|4|0|184, Schmidtea_mediterranea_maker-scaffold19449-snap-gene-0.36-mRNA-1 maker-scaffold19449-snap-gene-0.36-mRNA-1 protein AED_0.62 eAED_0.62 QI_0|0|0|0.33|1|0.66|3|0|96	Aurelia_aurita_Seg3175.2 Seg3175.2 transcript_id=Seg3175.2_GoldUCD_mRNA.D3Y31 product="Protein Wnt-5a" protein_id=Seg3175.2_GoldUCD_D3Y31 partial=true
OG0000014	Schmidtea_mediterranea_maker-scaffold38150-augustus-gene-0.12-mRNA-1 maker-scaffold38150-augustus-gene-0.12-mRNA-1 protein AED_0.12 eAED_0.12 QI_0|0.75|0.8|0.8|0.75|0.2|5|686|436, Schmidtea_mediterranea_maker-scaffold6098-augustus-gene-0.23-mRNA-1 maker-scaffold6098-augustus-gene-0.23-mRNA-1 protein AED_0.35 eAED_0.35 QI_1104|1|1|1|0.5|0.33|3|21|136, Schmidtea_mediterranea_maker-scaffold38150-augustus-gene-0.13-mRNA-1 maker-scaffold38150-augustus-gene-0.13-mRNA-1 protein AED_0.39 eAED_0.39 QI_140|1|0.75|1|0.33|0.5|4|0|166, Schmidtea_mediterranea_maker-scaffold6098-augustus-gene-0.24-mRNA-1 maker-scaffold6098-augustus-gene-0.24-mRNA-1 protein AED_0.31 eAED_0.31 QI_670|0.6|0.83|0.83|0.4|0.5|6|1063|719	Aurelia_aurita_Seg856.9 Seg856.9 transcript_id=Seg856.9_GoldUCD_mRNA.D3Y31 product="hypothetical protein" protein_id=Seg856.9_GoldUCD_D3Y31 partial=true
OG0000017	Schmidtea_mediterranea_maker-scaffold10433-augustus-gene-0.12-mRNA-1 maker-scaffold10433-augustus-gene-0.12-mRNA-1 protein AED_0.12 eAED_0.12 QI_0|1|0.8|1|1|1|5|58|370	Aurelia_aurita_Seg1738.13 Seg1738.13 transcript_id=Seg1738.13_GoldUCD_mRNA.D3Y31 product="Serpin B6" protein_id=Seg1738.13_GoldUCD_D3Y31, Aurelia_aurita_Seg2208.2 Seg2208.2 transcript_id=Seg2208.2_GoldUCD_mRNA.D3Y31 product="Serpin B6" protein_id=Seg2208.2_GoldUCD_D3Y31, Aurelia_aurita_Seg659.5 Seg659.5 transcript_id=Seg659.5_GoldUCD_mRNA.D3Y31 product="Serpin B6" protein_id=Seg659.5_GoldUCD_D3Y31, Aurelia_aurita_Seg453.9 Seg453.9 transcript_id=Seg453.9_GoldUCD_mRNA.D3Y31 product="Serpin B10" protein_id=Seg453.9_GoldUCD_D3Y31
OG0000018	Schmidtea_mediterranea_maker-scaffold2109-augustus-gene-0.18-mRNA-1 maker-scaffold2109-augustus-gene-0.18-mRNA-1 protein AED_0.33 eAED_0.33 QI_39|0.62|0.66|0.88|0.37|0.66|9|50|645, Schmidtea_mediterranea_maker-scaffold11314-snap-gene-0.19-mRNA-1 maker-scaffold11314-snap-gene-0.19-mRNA-1 protein AED_0.45 eAED_0.50 QI_0|0|0|0.5|0|0|2|0|360, Schmidtea_mediterranea_maker-scaffold11314-snap-gene-0.20-mRNA-1 maker-scaffold11314-snap-gene-0.20-mRNA-1 protein AED_0.45 eAED_0.50 QI_0|0|0|0.5|1|1|2|0|360	Aurelia_aurita_Seg4118.1 Seg4118.1 transcript_id=Seg4118.1_GoldUCD_mRNA.D3Y31 product="Lysyl oxidase 4" protein_id=Seg4118.1_GoldUCD_D3Y31 partial=true
OG0000019	Schmidtea_mediterranea_maker-scaffold6043-augustus-gene-0.26-mRNA-1 maker-scaffold6043-augustus-gene-0.26-mRNA-1 protein AED_0.00 eAED_0.00 QI_219|1|1|1|0.33|0.75|4|544|374, Schmidtea_mediterranea_maker-scaffold8614-snap-gene-1.51-mRNA-1 maker-scaffold8614-snap-gene-1.51-mRNA-1 protein AED_0.33 eAED_0.34 QI_0|0.66|0.75|1|0|0.25|4|201|247	Aurelia_aurita_Seg381.25 Seg381.25 transcript_id=Seg381.25_GoldUCD_mRNA.D3Y31 product="Inhibin beta A chain" protein_id=Seg381.25_GoldUCD_D3Y31, Aurelia_aurita_Seg3698.1 Seg3698.1 transcript_id=Seg3698.1_GoldUCD_mRNA.D3Y31 product="Inhibin beta B chain" protein_id=Seg3698.1_GoldUCD_D3Y31
OG0000019	Schmidtea_mediterranea_maker-scaffold34701-augustus-gene-0.6-mRNA-1 maker-scaffold34701-augustus-gene-0.6-mRNA-1 protein AED_0.00 eAED_0.00 QI_51|1|1|1|1|1|2|116|143, Schmidtea_mediterranea_maker-scaffold4731-augustus-gene-0.23-mRNA-1 maker-scaffold4731-augustus-gene-0.23-mRNA-1 protein AED_0.40 eAED_0.40 QI_0|0.14|0.12|0.25|1|1|8|64|556, Schmidtea_mediterranea_maker-scaffold34701-augustus-gene-0.5-mRNA-1 maker-scaffold34701-augustus-gene-0.5-mRNA-1 protein AED_0.05 eAED_0.05 QI_0|0.5|0.33|0.66|1|0.66|3|116|165, Schmidtea_mediterranea_maker-scaffold2542-augustus-gene-0.6-mRNA-1 maker-scaffold2542-augustus-gene-0.6-mRNA-1 protein AED_0.24 eAED_0.24 QI_0|0.5|0.33|0.66|1|1|3|116|310	Aurelia_aurita_Seg36.3 Seg36.3 transcript_id=Seg36.3_GoldUCD_mRNA.D3Y31 product="Bone morphogenetic protein 10" protein_id=Seg36.3_GoldUCD_D3Y31, Aurelia_aurita_Seg1073.3 Seg1073.3 transcript_id=Seg1073.3_GoldUCD_mRNA.D3Y31 product="Bone morphogenetic protein 10" protein_id=Seg1073.3_GoldUCD_D3Y31, Aurelia_aurita_Seg3305.2 Seg3305.2 transcript_id=Seg3305.2_GoldUCD_mRNA.D3Y31 product="Bone morphogenetic protein 5" protein_id=Seg3305.2_GoldUCD_D3Y31, Aurelia_aurita_Seg2319.3 Seg2319.3 transcript_id=Seg2319.3_GoldUCD_mRNA.D3Y31 product="Bone morphogenetic protein 5" protein_id=Seg2319.3_GoldUCD_D3Y31, Aurelia_aurita_Seg630.3 Seg630.3 transcript_id=Seg630.3_GoldUCD_mRNA.D3Y31 product="Bone morphogenetic protein 2-B" protein_id=Seg630.3_GoldUCD_D3Y31, Aurelia_aurita_Seg4745.1 Seg4745.1 transcript_id=Seg4745.1_GoldUCD_mRNA.D3Y31 product="Growth_differentiation factor 6-A" protein_id=Seg4745.1_GoldUCD_D3Y31, Aurelia_aurita_Seg562.17 Seg562.17 transcript_id=Seg562.17_GoldUCD_mRNA.D3Y31 product="Growth_differentiation factor 6-A" protein_id=Seg562.17_GoldUCD_D3Y31
OG0000020	Schmidtea_mediterranea_maker-scaffold19303-augustus-gene-0.58-mRNA-1 maker-scaffold19303-augustus-gene-0.58-mRNA-1 protein AED_0.22 eAED_0.31 QI_0|0.74|0.78|1|0.77|0.85|28|191|2030	Aurelia_aurita_Seg376.12 Seg376.12 transcript_id=Seg376.12_GoldUCD_mRNA.D3Y31 product="Collagen alpha-2" protein_id=Seg376.12_GoldUCD_D3Y31 partial=true, Aurelia_aurita_Seg1274.1 Seg1274.1 transcript_id=Seg1274.1_GoldUCD_mRNA.D3Y31 product="Collagen alpha-2" protein_id=Seg1274.1_GoldUCD_D3Y31 partial=true, Aurelia_aurita_Seg6278.2 Seg6278.2 transcript_id=Seg6278.2_GoldUCD_mRNA.D3Y31 product="Collagen alpha-1" protein_id=Seg6278.2_GoldUCD_D3Y31
OG0000020	Schmidtea_mediterranea_augustus_masked-scaffold13202-processed-gene-0.4-mRNA-1 augustus_masked-scaffold13202-processed-gene-0.4-mRNA-1 protein AED_0.12 eAED_0.12 QI_0|0|0|0.9|1|1|20|0|2163, Schmidtea_mediterranea_maker-scaffold10673-snap-gene-0.70-mRNA-1 maker-scaffold10673-snap-gene-0.70-mRNA-1 protein AED_0.27 eAED_0.27 QI_0|0.35|0.47|1|0.65|0.80|21|0|2053	Aurelia_aurita_Seg2225.1 Seg2225.1 transcript_id=Seg2225.1_GoldUCD_mRNA.D3Y31 product="hypothetical protein" protein_id=Seg2225.1_GoldUCD_D3Y31 partial=true, Aurelia_aurita_Seg308.7 Seg308.7 transcript_id=Seg308.7_GoldUCD_mRNA.D3Y31 product="hypothetical protein" protein_id=Seg308.7_GoldUCD_D3Y31 partial=true
OG0000022	Schmidtea_mediterranea_maker-scaffold17507-augustus-gene-0.9-mRNA-1 maker-scaffold17507-augustus-gene-0.9-mRNA-1 protein AED_0.22 eAED_0.22 QI_471|1|1|1|0.5|0.55|9|69|339, Schmidtea_mediterranea_snap_masked-scaffold46263-processed-gene-0.1-mRNA-1 snap_masked-scaffold46263-processed-gene-0.1-mRNA-1 protein AED_0.25 eAED_0.25 QI_0|0|0|1|1|1|4|0|149, Schmidtea_mediterranea_maker-scaffold1449-augustus-gene-0.17-mRNA-1 maker-scaffold1449-augustus-gene-0.17-mRNA-1 protein AED_0.20 eAED_0.20 QI_63|0.52|0.55|0.83|0.76|0.66|18|0|1431	Aurelia_aurita_Seg940.20 Seg940.20 transcript_id=Seg940.20_GoldUCD_mRNA.D3Y31 product="Annexin A7" protein_id=Seg940.20_GoldUCD_D3Y31 partial=true, Aurelia_aurita_Seg6005.1 Seg6005.1 transcript_id=Seg6005.1_GoldUCD_mRNA.D3Y31 product="Annexin A7" protein_id=Seg6005.1_GoldUCD_D3Y31
OG0000028	Schmidtea_mediterranea_maker-scaffold11455-augustus-gene-0.21-mRNA-1 maker-scaffold11455-augustus-gene-0.21-mRNA-1 protein AED_0.05 eAED_0.08 QI_0|0|0|1|1|1|2|0|135, Schmidtea_mediterranea_maker-scaffold17765-snap-gene-0.7-mRNA-1 maker-scaffold17765-snap-gene-0.7-mRNA-1 protein AED_0.08 eAED_0.08 QI_46|0.92|0.89|0.96|0.96|0.96|29|0|1699, Schmidtea_mediterranea_maker-scaffold7038-augustus-gene-0.53-mRNA-1 maker-scaffold7038-augustus-gene-0.53-mRNA-1 protein AED_0.08 eAED_0.08 QI_168|0.93|0.86|1|1|1|30|0|2199, Schmidtea_mediterranea_maker-scaffold1323-snap-gene-0.42-mRNA-1 maker-scaffold1323-snap-gene-0.42-mRNA-1 protein AED_0.11 eAED_0.13 QI_0|0.91|0.88|1|0.88|0.94|36|391|2129, Schmidtea_mediterranea_maker-scaffold32825-augustus-gene-0.19-mRNA-1 maker-scaffold32825-augustus-gene-0.19-mRNA-1 protein AED_0.05 eAED_0.05 QI_61|0.92|0.96|0.96|0.96|0.96|27|28|1813	Aurelia_aurita_Seg2083.3 Seg2083.3 transcript_id=Seg2083.3_GoldUCD_mRNA.D3Y31 product="Collagen alpha-1 chain" protein_id=Seg2083.3_GoldUCD_D3Y31 partial=true
OG0000029	Schmidtea_mediterranea_maker-scaffold3932-snap-gene-0.36-mRNA-1 maker-scaffold3932-snap-gene-0.36-mRNA-1 protein AED_0.21 eAED_0.29 QI_0|0.75|0.69|1|0.58|0.92|13|170|790	Aurelia_aurita_Seg4996.2 Seg4996.2 transcript_id=Seg4996.2_GoldUCD_mRNA.D3Y31 product=Neurexin-3 protein_id=Seg4996.2_GoldUCD_D3Y31 partial=true, Aurelia_aurita_Seg1818.7 Seg1818.7 transcript_id=Seg1818.7_GoldUCD_mRNA.D3Y31 product="Contactin-associated protein-like 2" protein_id=Seg1818.7_GoldUCD_D3Y31, Aurelia_aurita_Seg2969.1 Seg2969.1 transcript_id=Seg2969.1_GoldUCD_mRNA.D3Y31 product="Contactin-associated protein-like 2" protein_id=Seg2969.1_GoldUCD_D3Y31, Aurelia_aurita_Seg2478.3 Seg2478.3 transcript_id=Seg2478.3_GoldUCD_mRNA.D3Y31 product="Contactin-associated protein-like 2" protein_id=Seg2478.3_GoldUCD_D3Y31 partial=true, Aurelia_aurita_Seg2030.7 Seg2030.7 transcript_id=Seg2030.7_GoldUCD_mRNA.D3Y31 product="Contactin-associated protein-like 2" protein_id=Seg2030.7_GoldUCD_D3Y31
OG0000030	Schmidtea_mediterranea_maker-scaffold6061-augustus-gene-1.43-mRNA-1 maker-scaffold6061-augustus-gene-1.43-mRNA-1 protein AED_0.27 eAED_0.28 QI_0|0.64|0.61|0.94|0.58|0.88|18|137|784	Aurelia_aurita_Seg1709.3 Seg1709.3 transcript_id=Seg1709.3_GoldUCD_mRNA.D3Y31 product="ADAM 17-like protease" protein_id=Seg1709.3_GoldUCD_D3Y31
OG0000030	Schmidtea_mediterranea_maker-scaffold4771-augustus-gene-0.17-mRNA-1 maker-scaffold4771-augustus-gene-0.17-mRNA-1 protein AED_0.15 eAED_0.19 QI_0|0|0|0.83|0.8|1|6|0|430	Aurelia_aurita_Seg5003.4 Seg5003.4 transcript_id=Seg5003.4_GoldUCD_mRNA.D3Y31 product="Disintegrin and metalloproteinase domain-containing protein 10" protein_id=Seg5003.4_GoldUCD_D3Y31 partial=true, Aurelia_aurita_Seg604.5 Seg604.5 transcript_id=Seg604.5_GoldUCD_mRNA.D3Y31 product="Disintegrin and metalloproteinase domain-containing protein 10" protein_id=Seg604.5_GoldUCD_D3Y31
OG0000037	Schmidtea_mediterranea_maker-scaffold1349-snap-gene-0.22-mRNA-1 maker-scaffold1349-snap-gene-0.22-mRNA-1 protein AED_0.18 eAED_0.18 QI_852|0.66|0.8|1|0.33|0.5|10|122|453, Schmidtea_mediterranea_maker-scaffold11908-augustus-gene-0.10-mRNA-1 maker-scaffold11908-augustus-gene-0.10-mRNA-1 protein AED_0.18 eAED_0.18 QI_147|0.69|0.71|0.85|0.69|0.78|14|207|914	Aurelia_aurita_Seg2414.3 Seg2414.3 transcript_id=Seg2414.3_GoldUCD_mRNA.D3Y31 product=Zonadhesin protein_id=Seg2414.3_GoldUCD_D3Y31, Aurelia_aurita_Seg6931.1 Seg6931.1 transcript_id=Seg6931.1_GoldUCD_mRNA.D3Y31 product="Transforming growth factor-beta-induced protein ig-h3" protein_id=Seg6931.1_GoldUCD_D3Y31
OG0000040	Schmidtea_mediterranea_maker-scaffold15378-augustus-gene-0.52-mRNA-1 maker-scaffold15378-augustus-gene-0.52-mRNA-1 protein AED_0.00 eAED_0.00 QI_181|1|1|1|1|1|2|39|130, Schmidtea_mediterranea_maker-scaffold7562-augustus-gene-0.11-mRNA-1 maker-scaffold7562-augustus-gene-0.11-mRNA-1 protein AED_0.00 eAED_0.00 QI_55|1|1|1|1|1|2|285|121, Schmidtea_mediterranea_maker-scaffold2624-snap-gene-0.62-mRNA-1 maker-scaffold2624-snap-gene-0.62-mRNA-1 protein AED_0.00 eAED_0.00 QI_163|1|1|1|1|1|3|260|253	Aurelia_aurita_Seg1962.2 Seg1962.2 transcript_id=Seg1962.2_GoldUCD_mRNA.D3Y31 product="Venom protein 302" protein_id=Seg1962.2_GoldUCD_D3Y31
OG0000041	Schmidtea_mediterranea_snap_masked-scaffold19108-processed-gene-0.1-mRNA-1 snap_masked-scaffold19108-processed-gene-0.1-mRNA-1 protein AED_0.91 eAED_0.96 QI_0|0|0|0.41|1|1|12|0|406	Aurelia_aurita_Seg65.4 Seg65.4 transcript_id=Seg65.4_GoldUCD_mRNA.D3Y31 product="von Willebrand factor A domain-containing protein 5B1" protein_id=Seg65.4_GoldUCD_D3Y31
OG0000053	Schmidtea_mediterranea_augustus_masked-scaffold16533-processed-gene-0.1-mRNA-1 augustus_masked-scaffold16533-processed-gene-0.1-mRNA-1 protein AED_0.08 eAED_0.08 QI_0|-1|0|1|-1|1|1|0|877	Aurelia_aurita_Seg752.5 Seg752.5 transcript_id=Seg752.5_GoldUCD_mRNA.D3Y31 product="Malignant fibrous histiocytoma-amplified sequence 1-like" protein_id=Seg752.5_GoldUCD_D3Y31, Aurelia_aurita_Seg6940.1 Seg6940.1 transcript_id=Seg6940.1_GoldUCD_mRNA.D3Y31 product="Malignant fibrous histiocytoma-amplified sequence 1" protein_id=Seg6940.1_GoldUCD_D3Y31
OG0000056	Schmidtea_mediterranea_maker-scaffold6014-snap-gene-0.37-mRNA-1 maker-scaffold6014-snap-gene-0.37-mRNA-1 protein AED_0.00 eAED_0.00 QI_166|0.85|0.87|1|0.42|0.5|8|407|786	Aurelia_aurita_Seg4832.2 Seg4832.2 transcript_id=Seg4832.2_GoldUCD_mRNA.D3Y31 product="E3 ubiquitin-protein ligase TRIM9" protein_id=Seg4832.2_GoldUCD_D3Y31
OG0000064	Schmidtea_mediterranea_maker-scaffold2473-augustus-gene-0.58-mRNA-1 maker-scaffold2473-augustus-gene-0.58-mRNA-1 protein AED_0.13 eAED_0.13 QI_0|0.66|0.25|1|0.33|0.5|4|0|143	Aurelia_aurita_Seg1569.4 Seg1569.4 transcript_id=Seg1569.4_GoldUCD_mRNA.D3Y31 product=Fibrillin-2 protein_id=Seg1569.4_GoldUCD_D3Y31
OG0000088	Schmidtea_mediterranea_maker-scaffold2562-augustus-gene-0.30-mRNA-1 maker-scaffold2562-augustus-gene-0.30-mRNA-1 protein AED_0.31 eAED_0.32 QI_0|1|0.75|1|0.66|0.5|4|179|609, Schmidtea_mediterranea_maker-scaffold2562-snap-gene-0.37-mRNA-1 maker-scaffold2562-snap-gene-0.37-mRNA-1 protein AED_0.07 eAED_0.09 QI_0|0.33|0.14|1|0.66|0.57|7|0|1127, Schmidtea_mediterranea_maker-scaffold2562-snap-gene-0.38-mRNA-1 maker-scaffold2562-snap-gene-0.38-mRNA-1 protein AED_0.62 eAED_0.63 QI_0|0|0|0.16|1|1|6|0|510, Schmidtea_mediterranea_maker-scaffold4198-snap-gene-0.24-mRNA-1 maker-scaffold4198-snap-gene-0.24-mRNA-1 protein AED_0.16 eAED_0.16 QI_0|0.5|0.2|0.8|0.75|0.8|5|0|730	Aurelia_aurita_Seg3345.1 Seg3345.1 transcript_id=Seg3345.1_GoldUCD_mRNA.D3Y31 product=Spondin-1 protein_id=Seg3345.1_GoldUCD_D3Y31
OG0000093	Schmidtea_mediterranea_maker-scaffold13106-augustus-gene-0.13-mRNA-1 maker-scaffold13106-augustus-gene-0.13-mRNA-1 protein AED_0.40 eAED_0.40 QI_0|0|0|0.66|1|1|3|0|99, Schmidtea_mediterranea_maker-scaffold13106-augustus-gene-0.14-mRNA-1 maker-scaffold13106-augustus-gene-0.14-mRNA-1 protein AED_0.40 eAED_0.40 QI_0|0|0|0.66|1|1|3|0|99, Schmidtea_mediterranea_maker-scaffold9678-snap-gene-0.36-mRNA-1 maker-scaffold9678-snap-gene-0.36-mRNA-1 protein AED_0.24 eAED_0.24 QI_0|0.4|0.33|0.5|0.8|0.83|6|359|259, Schmidtea_mediterranea_augustus_masked-scaffold17106-processed-gene-0.0-mRNA-1 augustus_masked-scaffold17106-processed-gene-0.0-mRNA-1 protein AED_0.07 eAED_0.07 QI_0|0|0|1|1|1|2|0|77	Aurelia_aurita_Seg1903.2 Seg1903.2 transcript_id=Seg1903.2_GoldUCD_mRNA.D3Y31 product=Cystatin-B protein_id=Seg1903.2_GoldUCD_D3Y31
OG0000101	Schmidtea_mediterranea_maker-scaffold1238-augustus-gene-0.40-mRNA-1 maker-scaffold1238-augustus-gene-0.40-mRNA-1 protein AED_0.10 eAED_0.10 QI_905|0.66|0.74|0.80|0.63|0.64|31|1053|2217	Aurelia_aurita_Seg2436.3 Seg2436.3 transcript_id=Seg2436.3_GoldUCD_mRNA.D3Y31 product=Hemicentin-2 protein_id=Seg2436.3_GoldUCD_D3Y31 partial=true
OG0000113	Schmidtea_mediterranea_snap_masked-scaffold2036-processed-gene-0.23-mRNA-1 snap_masked-scaffold2036-processed-gene-0.23-mRNA-1 protein AED_0.14 eAED_0.14 QI_2086|0.25|0.23|0.28|1|1|21|0|917	Aurelia_aurita_Seg888.6 Seg888.6 transcript_id=Seg888.6_GoldUCD_mRNA.D3Y31 product="hypothetical protein" protein_id=Seg888.6_GoldUCD_D3Y31 partial=true, Aurelia_aurita_Seg888.7 Seg888.7 transcript_id=Seg888.7_GoldUCD_mRNA.D3Y31 product="hypothetical protein" protein_id=Seg888.7_GoldUCD_D3Y31 partial=true, Aurelia_aurita_Seg8511.1 Seg8511.1 transcript_id=Seg8511.1_GoldUCD_mRNA.D3Y31 product="hypothetical protein" protein_id=Seg8511.1_GoldUCD_D3Y31 partial=true
OG0000120	Schmidtea_mediterranea_maker-scaffold913-augustus-gene-0.3-mRNA-1 maker-scaffold913-augustus-gene-0.3-mRNA-1 protein AED_0.01 eAED_0.01 QI_1098|1|1|1|0.5|0.33|3|511|65	Aurelia_aurita_Seg1734.12 Seg1734.12 transcript_id=Seg1734.12_GoldUCD_mRNA.D3Y31 product=Syndecan protein_id=Seg1734.12_GoldUCD_D3Y31
OG0000129	Schmidtea_mediterranea_maker-scaffold7616-snap-gene-0.60-mRNA-1 maker-scaffold7616-snap-gene-0.60-mRNA-1 protein AED_0.03 eAED_0.03 QI_28|0.94|0.94|1|0.62|0.75|36|74|3676	Aurelia_aurita_Seg2632.1 Seg2632.1 transcript_id=Seg2632.1_GoldUCD_mRNA.D3Y31 product=Apolipophorins protein_id=Seg2632.1_GoldUCD_D3Y31 partial=true, Aurelia_aurita_Seg2418.1 Seg2418.1 transcript_id=Seg2418.1_GoldUCD_mRNA.D3Y31 product=Apolipophorins protein_id=Seg2418.1_GoldUCD_D3Y31 partial=true, Aurelia_aurita_Seg2945.1 Seg2945.1 transcript_id=Seg2945.1_GoldUCD_mRNA.D3Y31 product=Apolipophorins protein_id=Seg2945.1_GoldUCD_D3Y31, Aurelia_aurita_Seg289.9 Seg289.9 transcript_id=Seg289.9_GoldUCD_mRNA.D3Y31 product=Apolipophorins protein_id=Seg289.9_GoldUCD_D3Y31 partial=true
OG0000133	Schmidtea_mediterranea_maker-scaffold38628-augustus-gene-0.4-mRNA-1 maker-scaffold38628-augustus-gene-0.4-mRNA-1 protein AED_0.06 eAED_0.06 QI_0|0|0|0.5|1|1|2|0|1488, Schmidtea_mediterranea_maker-scaffold11278-augustus-gene-0.66-mRNA-1 maker-scaffold11278-augustus-gene-0.66-mRNA-1 protein AED_0.11 eAED_0.12 QI_0|0.44|0.4|0.9|0.88|0.9|10|504|578	Aurelia_aurita_Seg1842.5 Seg1842.5 transcript_id=Seg1842.5_GoldUCD_mRNA.D3Y31 product="Leucine-rich repeat-containing protein 9" protein_id=Seg1842.5_GoldUCD_D3Y31
OG0000178	Schmidtea_mediterranea_maker-scaffold16961-snap-gene-0.42-mRNA-1 maker-scaffold16961-snap-gene-0.42-mRNA-1 protein AED_0.11 eAED_0.11 QI_44|0.85|0.77|0.95|0.71|0.95|22|0|1896, Schmidtea_mediterranea_maker-scaffold1813-snap-gene-1.37-mRNA-1 maker-scaffold1813-snap-gene-1.37-mRNA-1 protein AED_0.01 eAED_0.01 QI_361|0.9|0.81|1|0.7|0.81|11|154|1476	Aurelia_aurita_Seg5686.2 Seg5686.2 transcript_id=Seg5686.2_GoldUCD_mRNA.D3Y31 product="Kyphoscoliosis peptidase" protein_id=Seg5686.2_GoldUCD_D3Y31
OG0000192	Schmidtea_mediterranea_snap_masked-scaffold10663-processed-gene-0.9-mRNA-1 snap_masked-scaffold10663-processed-gene-0.9-mRNA-1 protein AED_0.09 eAED_0.09 QI_518|1|1|1|0.5|0.63|11|203|1281	Aurelia_aurita_Seg1524.6 Seg1524.6 transcript_id=Seg1524.6_GoldUCD_mRNA.D3Y31 product="Protein flightless-1-like" protein_id=Seg1524.6_GoldUCD_D3Y31 partial=true
OG0000199	Schmidtea_mediterranea_augustus_masked-scaffold9704-processed-gene-0.0-mRNA-1 augustus_masked-scaffold9704-processed-gene-0.0-mRNA-1 protein AED_0.13 eAED_0.13 QI_0|0|0|0.5|1|1|2|0|354, Schmidtea_mediterranea_maker-scaffold9367-augustus-gene-0.26-mRNA-1 maker-scaffold9367-augustus-gene-0.26-mRNA-1 protein AED_0.12 eAED_0.12 QI_0|0|0.5|1|0|0.5|2|132|286, Schmidtea_mediterranea_maker-scaffold8689-snap-gene-0.34-mRNA-1 maker-scaffold8689-snap-gene-0.34-mRNA-1 protein AED_0.22 eAED_0.22 QI_0|0|0|0.22|1|1|9|0|350	Aurelia_aurita_Seg1662.4 Seg1662.4 transcript_id=Seg1662.4_GoldUCD_mRNA.D3Y31 product="26S proteasome non-ATPase regulatory subunit 4" protein_id=Seg1662.4_GoldUCD_D3Y31
OG0000210	Schmidtea_mediterranea_maker-scaffold25626-augustus-gene-0.17-mRNA-1 maker-scaffold25626-augustus-gene-0.17-mRNA-1 protein AED_0.19 eAED_0.19 QI_57|0.77|0.7|0.8|0.77|0.9|10|0|792	Aurelia_aurita_Seg1703.3 Seg1703.3 transcript_id=Seg1703.3_GoldUCD_mRNA.D3Y31 product="X-ray radiation resistance-associated protein 1" protein_id=Seg1703.3_GoldUCD_D3Y31
OG0000282	Schmidtea_mediterranea_maker-scaffold3815-snap-gene-1.62-mRNA-1 maker-scaffold3815-snap-gene-1.62-mRNA-1 protein AED_0.17 eAED_0.21 QI_7|0.25|0.4|0.8|0.25|0.4|5|37|540	Aurelia_aurita_Seg557.11 Seg557.11 transcript_id=Seg557.11_GoldUCD_mRNA.D3Y31 product="Plant intracellular Ras-group-related LRR protein 7" protein_id=Seg557.11_GoldUCD_D3Y31 partial=true
OG0001597	Schmidtea_mediterranea_snap_masked-scaffold20750-processed-gene-0.2-mRNA-1 snap_masked-scaffold20750-processed-gene-0.2-mRNA-1 protein AED_0.88 eAED_0.88 QI_0|0|0|0.5|1|0|2|0|1324	Aurelia_aurita_Seg1741.9 Seg1741.9 transcript_id=Seg1741.9_GoldUCD_mRNA.D3Y31 product=Thrombospondin-2 protein_id=Seg1741.9_GoldUCD_D3Y31
