Orthogroup	Cnidaria_Cubozoa_Morbakka_virulenta	Placozoa_Trichoplacidae_Tricoplax_adhaerens
OG0000001	Morbakka_virulenta_scaffold19.g85.t2 scaffold19.g85.t2, Morbakka_virulenta_scaffold19.g85.t4 scaffold19.g85.t4, Morbakka_virulenta_scaffold19.g85.t3 scaffold19.g85.t3, Morbakka_virulenta_scaffold19.g85.t1 scaffold19.g85.t1	Tricoplax_adhaerens_tr_B3RUG1_B3RUG1_TRIAD tr_B3RUG1_B3RUG1_TRIAD Uncharacterized protein _Fragment_ OS=Trichoplax adhaerens OX=10228 GN=TRIADDRAFT_24524 PE=4 SV=1
OG0000001	Morbakka_virulenta_scaffold137.g22.t2 scaffold137.g22.t2, Morbakka_virulenta_scaffold137.g22.t5 scaffold137.g22.t5, Morbakka_virulenta_scaffold137.g22.t1 scaffold137.g22.t1, Morbakka_virulenta_scaffold137.g22.t3 scaffold137.g22.t3, Morbakka_virulenta_scaffold137.g22.t4 scaffold137.g22.t4	Tricoplax_adhaerens_tr_B3RXC1_B3RXC1_TRIAD tr_B3RXC1_B3RXC1_TRIAD Uncharacterized protein OS=Trichoplax adhaerens OX=10228 GN=TRIADDRAFT_56157 PE=4 SV=1
OG0000001	Morbakka_virulenta_scaffold68.g48.t2 scaffold68.g48.t2, Morbakka_virulenta_scaffold68.g48.t1 scaffold68.g48.t1	Tricoplax_adhaerens_tr_B3RQ47_B3RQ47_TRIAD tr_B3RQ47_B3RQ47_TRIAD Uncharacterized protein OS=Trichoplax adhaerens OX=10228 GN=TRIADDRAFT_53774 PE=4 SV=1
OG0000001	Morbakka_virulenta_scaffold37.g39.t1 scaffold37.g39.t1	Tricoplax_adhaerens_tr_B3RIT3_B3RIT3_TRIAD tr_B3RIT3_B3RIT3_TRIAD Uncharacterized protein OS=Trichoplax adhaerens OX=10228 GN=TRIADDRAFT_51357 PE=4 SV=1
OG0000001	Morbakka_virulenta_scaffold186.g13.t1 scaffold186.g13.t1	Tricoplax_adhaerens_tr_B3S795_B3S795_TRIAD tr_B3S795_B3S795_TRIAD Fibronectin type-III domain-containing protein _Fragment_ OS=Trichoplax adhaerens OX=10228 GN=TRIADDRAFT_7606 PE=4 SV=1, Tricoplax_adhaerens_tr_B3S9D0_B3S9D0_TRIAD tr_B3S9D0_B3S9D0_TRIAD Fibronectin type-III domain-containing protein _Fragment_ OS=Trichoplax adhaerens OX=10228 GN=TRIADDRAFT_31561 PE=4 SV=1, Tricoplax_adhaerens_tr_B3SDS8_B3SDS8_TRIAD tr_B3SDS8_B3SDS8_TRIAD Fibronectin type-III domain-containing protein _Fragment_ OS=Trichoplax adhaerens OX=10228 GN=TRIADDRAFT_3903 PE=4 SV=1, Tricoplax_adhaerens_tr_B3S7A0_B3S7A0_TRIAD tr_B3S7A0_B3S7A0_TRIAD Uncharacterized protein _Fragment_ OS=Trichoplax adhaerens OX=10228 GN=TRIADDRAFT_30409 PE=4 SV=1
OG0000001	Morbakka_virulenta_scaffold624.g2.t1 scaffold624.g2.t1	Tricoplax_adhaerens_tr_B3RI08_B3RI08_TRIAD tr_B3RI08_B3RI08_TRIAD Uncharacterized protein OS=Trichoplax adhaerens OX=10228 GN=TRIADDRAFT_52340 PE=4 SV=1
OG0000001	Morbakka_virulenta_scaffold1.g52.t1 scaffold1.g52.t1, Morbakka_virulenta_scaffold1.g52.t2 scaffold1.g52.t2	Tricoplax_adhaerens_tr_B3RNB7_B3RNB7_TRIAD tr_B3RNB7_B3RNB7_TRIAD Uncharacterized protein OS=Trichoplax adhaerens OX=10228 GN=TRIADDRAFT_21436 PE=4 SV=1
OG0000001	Morbakka_virulenta_scaffold55.g42.t1 scaffold55.g42.t1	Tricoplax_adhaerens_tr_B3S235_B3S235_TRIAD tr_B3S235_B3S235_TRIAD Uncharacterized protein OS=Trichoplax adhaerens OX=10228 GN=TRIADDRAFT_27868 PE=4 SV=1
OG0000002	Morbakka_virulenta_scaffold166.g7.t2 scaffold166.g7.t2, Morbakka_virulenta_scaffold166.g7.t1 scaffold166.g7.t1	Tricoplax_adhaerens_tr_B3RLH2_B3RLH2_TRIAD tr_B3RLH2_B3RLH2_TRIAD TSP C-terminal domain-containing protein OS=Trichoplax adhaerens OX=10228 GN=TRIADDRAFT_20056 PE=3 SV=1
OG0000002	Morbakka_virulenta_scaffold24.g105.t1 scaffold24.g105.t1	Tricoplax_adhaerens_tr_B3RQE3_B3RQE3_TRIAD tr_B3RQE3_B3RQE3_TRIAD Sema domain-containing protein OS=Trichoplax adhaerens OX=10228 GN=TRIADDRAFT_53875 PE=4 SV=1
OG0000002	Morbakka_virulenta_scaffold22.g63.t2 scaffold22.g63.t2, Morbakka_virulenta_scaffold22.g63.t3 scaffold22.g63.t3, Morbakka_virulenta_scaffold22.g63.t1 scaffold22.g63.t1	Tricoplax_adhaerens_tr_B3RQE7_B3RQE7_TRIAD tr_B3RQE7_B3RQE7_TRIAD Uncharacterized protein OS=Trichoplax adhaerens OX=10228 GN=TRIADDRAFT_53879 PE=3 SV=1
OG0000002	Morbakka_virulenta_scaffold120.g13.t1 scaffold120.g13.t1	Tricoplax_adhaerens_tr_B3RZZ0_B3RZZ0_TRIAD tr_B3RZZ0_B3RZZ0_TRIAD Uncharacterized protein OS=Trichoplax adhaerens OX=10228 GN=TRIADDRAFT_26287 PE=4 SV=1
OG0000003	Morbakka_virulenta_scaffold163.g30.t1 scaffold163.g30.t1	Tricoplax_adhaerens_tr_B3SE10_B3SE10_TRIAD tr_B3SE10_B3SE10_TRIAD Uncharacterized protein _Fragment_ OS=Trichoplax adhaerens OX=10228 GN=TRIADDRAFT_962 PE=4 SV=1
OG0000005	Morbakka_virulenta_scaffold127.g48.t1 scaffold127.g48.t1, Morbakka_virulenta_scaffold127.g49.t1 scaffold127.g49.t1, Morbakka_virulenta_scaffold177.g27.t1 scaffold177.g27.t1, Morbakka_virulenta_scaffold14.g118.t1 scaffold14.g118.t1, Morbakka_virulenta_scaffold14.g118.t2 scaffold14.g118.t2, Morbakka_virulenta_scaffold14.g119.t1 scaffold14.g119.t1, Morbakka_virulenta_scaffold393.g3.t1 scaffold393.g3.t1, Morbakka_virulenta_scaffold393.g2.t1 scaffold393.g2.t1, Morbakka_virulenta_scaffold159.g55.t1 scaffold159.g55.t1, Morbakka_virulenta_scaffold421.g6.t1 scaffold421.g6.t1, Morbakka_virulenta_scaffold421.g6.t2 scaffold421.g6.t2, Morbakka_virulenta_scaffold421.g14.t1 scaffold421.g14.t1, Morbakka_virulenta_scaffold159.g56.t1 scaffold159.g56.t1, Morbakka_virulenta_scaffold10.g74.t2 scaffold10.g74.t2, Morbakka_virulenta_scaffold10.g74.t1 scaffold10.g74.t1	Tricoplax_adhaerens_tr_B3RTE3_B3RTE3_TRIAD tr_B3RTE3_B3RTE3_TRIAD Metalloendopeptidase OS=Trichoplax adhaerens OX=10228 GN=TRIADDRAFT_54934 PE=4 SV=1, Tricoplax_adhaerens_tr_B3RTE4_B3RTE4_TRIAD tr_B3RTE4_B3RTE4_TRIAD Metalloendopeptidase OS=Trichoplax adhaerens OX=10228 GN=TRIADDRAFT_54935 PE=4 SV=1, Tricoplax_adhaerens_tr_B3S9X8_B3S9X8_TRIAD tr_B3S9X8_B3S9X8_TRIAD Metalloendopeptidase _Fragment_ OS=Trichoplax adhaerens OX=10228 GN=TRIADDRAFT_32049 PE=4 SV=1, Tricoplax_adhaerens_tr_B3RTC7_B3RTC7_TRIAD tr_B3RTC7_B3RTC7_TRIAD Metalloendopeptidase _Fragment_ OS=Trichoplax adhaerens OX=10228 GN=TRIADDRAFT_8107 PE=4 SV=1, Tricoplax_adhaerens_tr_B3SD01_B3SD01_TRIAD tr_B3SD01_B3SD01_TRIAD Metalloendopeptidase _Fragment_ OS=Trichoplax adhaerens OX=10228 GN=TRIADDRAFT_33646 PE=4 SV=1, Tricoplax_adhaerens_tr_B3S0U5_B3S0U5_TRIAD tr_B3S0U5_B3S0U5_TRIAD Metalloendopeptidase _Fragment_ OS=Trichoplax adhaerens OX=10228 GN=TRIADDRAFT_26557 PE=4 SV=1
OG0000005	Morbakka_virulenta_scaffold17.g8.t1 scaffold17.g8.t1	Tricoplax_adhaerens_tr_B3RNQ2_B3RNQ2_TRIAD tr_B3RNQ2_B3RNQ2_TRIAD Uncharacterized protein OS=Trichoplax adhaerens OX=10228 GN=TRIADDRAFT_53247 PE=3 SV=1
OG0000007	Morbakka_virulenta_scaffold38.g84.t1 scaffold38.g84.t1	Tricoplax_adhaerens_tr_B3RJF7_B3RJF7_TRIAD tr_B3RJF7_B3RJF7_TRIAD Uncharacterized protein _Fragment_ OS=Trichoplax adhaerens OX=10228 GN=TRIADDRAFT_2919 PE=4 SV=1
OG0000007	Morbakka_virulenta_scaffold250.g28.t1 scaffold250.g28.t1	Tricoplax_adhaerens_tr_B3SEZ6_B3SEZ6_TRIAD tr_B3SEZ6_B3SEZ6_TRIAD Uncharacterized protein _Fragment_ OS=Trichoplax adhaerens OX=10228 GN=TRIADDRAFT_34797 PE=4 SV=1, Tricoplax_adhaerens_tr_B3SF35_B3SF35_TRIAD tr_B3SF35_B3SF35_TRIAD EGF-like domain-containing protein _Fragment_ OS=Trichoplax adhaerens OX=10228 GN=TRIADDRAFT_34865 PE=4 SV=1
OG0000007	Morbakka_virulenta_scaffold299.g20.t2 scaffold299.g20.t2, Morbakka_virulenta_scaffold299.g20.t4 scaffold299.g20.t4, Morbakka_virulenta_scaffold299.g20.t3 scaffold299.g20.t3, Morbakka_virulenta_scaffold299.g20.t1 scaffold299.g20.t1, Morbakka_virulenta_scaffold415.g7.t2 scaffold415.g7.t2, Morbakka_virulenta_scaffold415.g7.t1 scaffold415.g7.t1, Morbakka_virulenta_scaffold36.g25.t1 scaffold36.g25.t1, Morbakka_virulenta_scaffold29.g26.t1 scaffold29.g26.t1, Morbakka_virulenta_scaffold252.g2.t1 scaffold252.g2.t1, Morbakka_virulenta_scaffold252.g7.t1 scaffold252.g7.t1	Tricoplax_adhaerens_tr_B3SD52_B3SD52_TRIAD tr_B3SD52_B3SD52_TRIAD Uncharacterized protein _Fragment_ OS=Trichoplax adhaerens OX=10228 GN=TRIADDRAFT_33760 PE=4 SV=1, Tricoplax_adhaerens_tr_B3RIT7_B3RIT7_TRIAD tr_B3RIT7_B3RIT7_TRIAD Uncharacterized protein OS=Trichoplax adhaerens OX=10228 GN=TRIADDRAFT_51362 PE=4 SV=1, Tricoplax_adhaerens_tr_B3RIU2_B3RIU2_TRIAD tr_B3RIU2_B3RIU2_TRIAD Uncharacterized protein OS=Trichoplax adhaerens OX=10228 GN=TRIADDRAFT_51368 PE=4 SV=1, Tricoplax_adhaerens_tr_B3SES2_B3SES2_TRIAD tr_B3SES2_B3SES2_TRIAD Uncharacterized protein _Fragment_ OS=Trichoplax adhaerens OX=10228 GN=TRIADDRAFT_62756 PE=4 SV=1, Tricoplax_adhaerens_tr_B3SDW9_B3SDW9_TRIAD tr_B3SDW9_B3SDW9_TRIAD Uncharacterized protein _Fragment_ OS=Trichoplax adhaerens OX=10228 GN=TRIADDRAFT_62473 PE=4 SV=1, Tricoplax_adhaerens_tr_B3SDW6_B3SDW6_TRIAD tr_B3SDW6_B3SDW6_TRIAD EGF-like domain-containing protein _Fragment_ OS=Trichoplax adhaerens OX=10228 GN=TRIADDRAFT_62471 PE=4 SV=1, Tricoplax_adhaerens_tr_B3RIT9_B3RIT9_TRIAD tr_B3RIT9_B3RIT9_TRIAD Uncharacterized protein OS=Trichoplax adhaerens OX=10228 GN=TRIADDRAFT_51365 PE=4 SV=1, Tricoplax_adhaerens_tr_B3RIT6_B3RIT6_TRIAD tr_B3RIT6_B3RIT6_TRIAD Uncharacterized protein _Fragment_ OS=Trichoplax adhaerens OX=10228 GN=TRIADDRAFT_19226 PE=4 SV=1, Tricoplax_adhaerens_tr_B3RS19_B3RS19_TRIAD tr_B3RS19_B3RS19_TRIAD Uncharacterized protein OS=Trichoplax adhaerens OX=10228 GN=TRIADDRAFT_54445 PE=4 SV=1, Tricoplax_adhaerens_tr_B3RZV6_B3RZV6_TRIAD tr_B3RZV6_B3RZV6_TRIAD Uncharacterized protein _Fragment_ OS=Trichoplax adhaerens OX=10228 GN=TRIADDRAFT_27138 PE=4 SV=1, Tricoplax_adhaerens_tr_B3RS17_B3RS17_TRIAD tr_B3RS17_B3RS17_TRIAD Uncharacterized protein OS=Trichoplax adhaerens OX=10228 GN=TRIADDRAFT_54443 PE=4 SV=1, Tricoplax_adhaerens_tr_B3RZV7_B3RZV7_TRIAD tr_B3RZV7_B3RZV7_TRIAD VWFD domain-containing protein _Fragment_ OS=Trichoplax adhaerens OX=10228 GN=TRIADDRAFT_14672 PE=4 SV=1, Tricoplax_adhaerens_tr_B3SEN2_B3SEN2_TRIAD tr_B3SEN2_B3SEN2_TRIAD Uncharacterized protein OS=Trichoplax adhaerens OX=10228 GN=TRIADDRAFT_62718 PE=4 SV=1, Tricoplax_adhaerens_tr_B3SEJ1_B3SEJ1_TRIAD tr_B3SEJ1_B3SEJ1_TRIAD Uncharacterized protein OS=Trichoplax adhaerens OX=10228 GN=TRIADDRAFT_62682 PE=4 SV=1, Tricoplax_adhaerens_tr_B3RS22_B3RS22_TRIAD tr_B3RS22_B3RS22_TRIAD Uncharacterized protein OS=Trichoplax adhaerens OX=10228 GN=TRIADDRAFT_54448 PE=3 SV=1, Tricoplax_adhaerens_tr_B3RQ10_B3RQ10_TRIAD tr_B3RQ10_B3RQ10_TRIAD Uncharacterized protein OS=Trichoplax adhaerens OX=10228 GN=TRIADDRAFT_53736 PE=4 SV=1, Tricoplax_adhaerens_tr_B3RQ07_B3RQ07_TRIAD tr_B3RQ07_B3RQ07_TRIAD Uncharacterized protein OS=Trichoplax adhaerens OX=10228 GN=TRIADDRAFT_53733 PE=4 SV=1
OG0000008	Morbakka_virulenta_scaffold37.g88.t1 scaffold37.g88.t1	Tricoplax_adhaerens_tr_B3SCF3_B3SCF3_TRIAD tr_B3SCF3_B3SCF3_TRIAD Uncharacterized protein OS=Trichoplax adhaerens OX=10228 GN=TRIADDRAFT_61951 PE=4 SV=1
OG0000008	Morbakka_virulenta_scaffold70.g38.t1 scaffold70.g38.t1	Tricoplax_adhaerens_tr_B3S9P8_B3S9P8_TRIAD tr_B3S9P8_B3S9P8_TRIAD Uncharacterized protein _Fragment_ OS=Trichoplax adhaerens OX=10228 GN=TRIADDRAFT_31830 PE=4 SV=1
OG0000009	Morbakka_virulenta_scaffold574.g3.t1 scaffold574.g3.t1	Tricoplax_adhaerens_tr_B3SBF5_B3SBF5_TRIAD tr_B3SBF5_B3SBF5_TRIAD Uncharacterized protein OS=Trichoplax adhaerens OX=10228 GN=TRIADDRAFT_61597 PE=4 SV=1, Tricoplax_adhaerens_tr_B3RNS9_B3RNS9_TRIAD tr_B3RNS9_B3RNS9_TRIAD Uncharacterized protein OS=Trichoplax adhaerens OX=10228 GN=TRIADDRAFT_53274 PE=4 SV=1, Tricoplax_adhaerens_tr_B3RNS7_B3RNS7_TRIAD tr_B3RNS7_B3RNS7_TRIAD Uncharacterized protein OS=Trichoplax adhaerens OX=10228 GN=TRIADDRAFT_53272 PE=4 SV=1, Tricoplax_adhaerens_tr_B3SBF6_B3SBF6_TRIAD tr_B3SBF6_B3SBF6_TRIAD Uncharacterized protein OS=Trichoplax adhaerens OX=10228 GN=TRIADDRAFT_61598 PE=4 SV=1, Tricoplax_adhaerens_tr_B3SEL3_B3SEL3_TRIAD tr_B3SEL3_B3SEL3_TRIAD CUB domain-containing protein _Fragment_ OS=Trichoplax adhaerens OX=10228 GN=TRIADDRAFT_62701 PE=4 SV=1, Tricoplax_adhaerens_tr_B3RMS1_B3RMS1_TRIAD tr_B3RMS1_B3RMS1_TRIAD CUB domain-containing protein OS=Trichoplax adhaerens OX=10228 GN=TRIADDRAFT_52902 PE=4 SV=1
OG0000009	Morbakka_virulenta_scaffold70.g34.t2 scaffold70.g34.t2, Morbakka_virulenta_scaffold70.g34.t1 scaffold70.g34.t1	Tricoplax_adhaerens_tr_B3RPJ0_B3RPJ0_TRIAD tr_B3RPJ0_B3RPJ0_TRIAD Uncharacterized protein OS=Trichoplax adhaerens OX=10228 GN=TRIADDRAFT_53560 PE=4 SV=1, Tricoplax_adhaerens_tr_B3RPJ1_B3RPJ1_TRIAD tr_B3RPJ1_B3RPJ1_TRIAD Uncharacterized protein OS=Trichoplax adhaerens OX=10228 GN=TRIADDRAFT_53561 PE=4 SV=1
OG0000009	Morbakka_virulenta_scaffold116.g38.t1 scaffold116.g38.t1, Morbakka_virulenta_scaffold356.g7.t1 scaffold356.g7.t1	Tricoplax_adhaerens_tr_B3SEL0_B3SEL0_TRIAD tr_B3SEL0_B3SEL0_TRIAD CUB domain-containing protein _Fragment_ OS=Trichoplax adhaerens OX=10228 GN=TRIADDRAFT_9465 PE=4 SV=1, Tricoplax_adhaerens_tr_B3RZY9_B3RZY9_TRIAD tr_B3RZY9_B3RZY9_TRIAD Uncharacterized protein _Fragment_ OS=Trichoplax adhaerens OX=10228 GN=TRIADDRAFT_26269 PE=4 SV=1, Tricoplax_adhaerens_tr_B3RZW6_B3RZW6_TRIAD tr_B3RZW6_B3RZW6_TRIAD Uncharacterized protein OS=Trichoplax adhaerens OX=10228 GN=TRIADDRAFT_57600 PE=4 SV=1, Tricoplax_adhaerens_tr_B3S9H4_B3S9H4_TRIAD tr_B3S9H4_B3S9H4_TRIAD CUB domain-containing protein _Fragment_ OS=Trichoplax adhaerens OX=10228 GN=TRIADDRAFT_31603 PE=4 SV=1
OG0000010	Morbakka_virulenta_scaffold467.g4.t1 scaffold467.g4.t1, Morbakka_virulenta_scaffold467.g4.t2 scaffold467.g4.t2	Tricoplax_adhaerens_tr_B3RZZ3_B3RZZ3_TRIAD tr_B3RZZ3_B3RZZ3_TRIAD Uncharacterized protein _Fragment_ OS=Trichoplax adhaerens OX=10228 GN=TRIADDRAFT_26220 PE=4 SV=1
OG0000010	Morbakka_virulenta_scaffold317.g5.t2 scaffold317.g5.t2, Morbakka_virulenta_scaffold317.g5.t1 scaffold317.g5.t1	Tricoplax_adhaerens_tr_B3RTM7_B3RTM7_TRIAD tr_B3RTM7_B3RTM7_TRIAD Predicted protein OS=Trichoplax adhaerens OX=10228 GN=TRIADDRAFT_55980 PE=4 SV=1
OG0000010	Morbakka_virulenta_scaffold535.g12.t1 scaffold535.g12.t1, Morbakka_virulenta_scaffold467.g8.t1 scaffold467.g8.t1, Morbakka_virulenta_scaffold149.g12.t1 scaffold149.g12.t1, Morbakka_virulenta_scaffold149.g12.t2 scaffold149.g12.t2	Tricoplax_adhaerens_tr_B3S003_B3S003_TRIAD tr_B3S003_B3S003_TRIAD Uncharacterized protein OS=Trichoplax adhaerens OX=10228 GN=TRIADDRAFT_57635 PE=4 SV=1
OG0000010	Morbakka_virulenta_scaffold386.g12.t1 scaffold386.g12.t1	Tricoplax_adhaerens_tr_B3RSW2_B3RSW2_TRIAD tr_B3RSW2_B3RSW2_TRIAD Uncharacterized protein OS=Trichoplax adhaerens OX=10228 GN=TRIADDRAFT_63780 PE=4 SV=1
OG0000012	Morbakka_virulenta_scaffold150.g44.t1 scaffold150.g44.t1	Tricoplax_adhaerens_tr_B3RQT5_B3RQT5_TRIAD tr_B3RQT5_B3RQT5_TRIAD Uncharacterized protein _Fragment_ OS=Trichoplax adhaerens OX=10228 GN=TRIADDRAFT_21952 PE=4 SV=1
OG0000012	Morbakka_virulenta_scaffold155.g40.t1 scaffold155.g40.t1, Morbakka_virulenta_scaffold155.g40.t2 scaffold155.g40.t2	Tricoplax_adhaerens_tr_B3RRG7_B3RRG7_TRIAD tr_B3RRG7_B3RRG7_TRIAD Uncharacterized protein OS=Trichoplax adhaerens OX=10228 GN=TRIADDRAFT_54231 PE=4 SV=1
OG0000013	Morbakka_virulenta_scaffold536.g7.t1 scaffold536.g7.t1	Tricoplax_adhaerens_tr_B3S743_B3S743_TRIAD tr_B3S743_B3S743_TRIAD Protein Wnt _Fragment_ OS=Trichoplax adhaerens OX=10228 GN=TRIADDRAFT_30370 PE=3 SV=1, Tricoplax_adhaerens_tr_B3RIQ5_B3RIQ5_TRIAD tr_B3RIQ5_B3RIQ5_TRIAD Protein Wnt OS=Trichoplax adhaerens OX=10228 GN=TRIADDRAFT_52489 PE=3 SV=1
OG0000013	Morbakka_virulenta_scaffold86.g22.t1 scaffold86.g22.t1, Morbakka_virulenta_scaffold383.g9.t1 scaffold383.g9.t1	Tricoplax_adhaerens_tr_B3S731_B3S731_TRIAD tr_B3S731_B3S731_TRIAD Protein Wnt OS=Trichoplax adhaerens OX=10228 GN=TRIADDRAFT_60019 PE=3 SV=1, Tricoplax_adhaerens_tr_B3S730_B3S730_TRIAD tr_B3S730_B3S730_TRIAD Protein Wnt _Fragment_ OS=Trichoplax adhaerens OX=10228 GN=TRIADDRAFT_8072 PE=3 SV=1
OG0000014	Morbakka_virulenta_scaffold175.g49.t1 scaffold175.g49.t1, Morbakka_virulenta_scaffold546.g1.t1 scaffold546.g1.t1, Morbakka_virulenta_scaffold67.g21.t1 scaffold67.g21.t1, Morbakka_virulenta_scaffold2.g203.t4 scaffold2.g203.t4, Morbakka_virulenta_scaffold2.g203.t2 scaffold2.g203.t2, Morbakka_virulenta_scaffold2.g203.t3 scaffold2.g203.t3, Morbakka_virulenta_scaffold2.g203.t1 scaffold2.g203.t1, Morbakka_virulenta_scaffold164.g20.t1 scaffold164.g20.t1, Morbakka_virulenta_scaffold105.g40.t1 scaffold105.g40.t1, Morbakka_virulenta_scaffold175.g51.t1 scaffold175.g51.t1, Morbakka_virulenta_scaffold269.g24.t1 scaffold269.g24.t1, Morbakka_virulenta_scaffold116.g38.t2 scaffold116.g38.t2, Morbakka_virulenta_scaffold116.g38.t3 scaffold116.g38.t3, Morbakka_virulenta_scaffold116.g39.t1 scaffold116.g39.t1, Morbakka_virulenta_scaffold356.g5.t1 scaffold356.g5.t1, Morbakka_virulenta_scaffold366.g6.t2 scaffold366.g6.t2, Morbakka_virulenta_scaffold366.g6.t3 scaffold366.g6.t3, Morbakka_virulenta_scaffold366.g6.t1 scaffold366.g6.t1	Tricoplax_adhaerens_tr_B3RJG1_B3RJG1_TRIAD tr_B3RJG1_B3RJG1_TRIAD Peptidase M12B domain-containing protein OS=Trichoplax adhaerens OX=10228 GN=TRIADDRAFT_52613 PE=4 SV=1
OG0000015	Morbakka_virulenta_scaffold70.g1.t1 scaffold70.g1.t1	Tricoplax_adhaerens_tr_B3RRK6_B3RRK6_TRIAD tr_B3RRK6_B3RRK6_TRIAD Uncharacterized protein OS=Trichoplax adhaerens OX=10228 GN=TRIADDRAFT_54276 PE=4 SV=1
OG0000019	Morbakka_virulenta_scaffold47.g131.t1 scaffold47.g131.t1, Morbakka_virulenta_scaffold455.g5.t1 scaffold455.g5.t1	Tricoplax_adhaerens_tr_B3S1T4_B3S1T4_TRIAD tr_B3S1T4_B3S1T4_TRIAD TGF_BETA_2 domain-containing protein OS=Trichoplax adhaerens OX=10228 GN=TRIADDRAFT_57877 PE=3 SV=1
OG0000019	Morbakka_virulenta_scaffold157.g8.t1 scaffold157.g8.t1	Tricoplax_adhaerens_tr_B3S1Z3_B3S1Z3_TRIAD tr_B3S1Z3_B3S1Z3_TRIAD TGF_BETA_2 domain-containing protein _Fragment_ OS=Trichoplax adhaerens OX=10228 GN=TRIADDRAFT_9129 PE=3 SV=1
OG0000019	Morbakka_virulenta_scaffold14.g2.t1 scaffold14.g2.t1, Morbakka_virulenta_scaffold14.g3.t1 scaffold14.g3.t1	Tricoplax_adhaerens_tr_B3S3B9_B3S3B9_TRIAD tr_B3S3B9_B3S3B9_TRIAD TGF_BETA_2 domain-containing protein OS=Trichoplax adhaerens OX=10228 GN=TRIADDRAFT_58663 PE=3 SV=1
OG0000019	Morbakka_virulenta_scaffold7.g3.t1 scaffold7.g3.t1	Tricoplax_adhaerens_tr_B3S115_B3S115_TRIAD tr_B3S115_B3S115_TRIAD TGF_BETA_2 domain-containing protein _Fragment_ OS=Trichoplax adhaerens OX=10228 GN=TRIADDRAFT_9164 PE=3 SV=1, Tricoplax_adhaerens_tr_B3S0I2_B3S0I2_TRIAD tr_B3S0I2_B3S0I2_TRIAD TGF_BETA_2 domain-containing protein OS=Trichoplax adhaerens OX=10228 GN=TRIADDRAFT_57057 PE=3 SV=1
OG0000021	Morbakka_virulenta_scaffold66.g10.t1 scaffold66.g10.t1, Morbakka_virulenta_scaffold66.g10.t2 scaffold66.g10.t2	Tricoplax_adhaerens_tr_B3S0C6_B3S0C6_TRIAD tr_B3S0C6_B3S0C6_TRIAD Uncharacterized protein OS=Trichoplax adhaerens OX=10228 GN=TRIADDRAFT_57765 PE=4 SV=1
OG0000021	Morbakka_virulenta_scaffold214.g8.t1 scaffold214.g8.t1	Tricoplax_adhaerens_tr_B3S2H0_B3S2H0_TRIAD tr_B3S2H0_B3S2H0_TRIAD Uncharacterized protein _Fragment_ OS=Trichoplax adhaerens OX=10228 GN=TRIADDRAFT_27379 PE=4 SV=1
OG0000022	Morbakka_virulenta_scaffold487.g6.t1 scaffold487.g6.t1	Tricoplax_adhaerens_tr_B3S0N9_B3S0N9_TRIAD tr_B3S0N9_B3S0N9_TRIAD Annexin OS=Trichoplax adhaerens OX=10228 GN=TRIADDRAFT_57118 PE=3 SV=1
OG0000023	Morbakka_virulenta_scaffold206.g31.t1 scaffold206.g31.t1	Tricoplax_adhaerens_tr_B3SAV4_B3SAV4_TRIAD tr_B3SAV4_B3SAV4_TRIAD Uncharacterized protein OS=Trichoplax adhaerens OX=10228 GN=TRIADDRAFT_64349 PE=4 SV=1, Tricoplax_adhaerens_tr_B3SAV3_B3SAV3_TRIAD tr_B3SAV3_B3SAV3_TRIAD Uncharacterized protein _Fragment_ OS=Trichoplax adhaerens OX=10228 GN=TRIADDRAFT_32380 PE=4 SV=1, Tricoplax_adhaerens_tr_B3SAV2_B3SAV2_TRIAD tr_B3SAV2_B3SAV2_TRIAD Uncharacterized protein _Fragment_ OS=Trichoplax adhaerens OX=10228 GN=TRIADDRAFT_32362 PE=4 SV=1, Tricoplax_adhaerens_tr_B3SAV6_B3SAV6_TRIAD tr_B3SAV6_B3SAV6_TRIAD Uncharacterized protein OS=Trichoplax adhaerens OX=10228 GN=TRIADDRAFT_32445 PE=4 SV=1, Tricoplax_adhaerens_tr_B3SAV5_B3SAV5_TRIAD tr_B3SAV5_B3SAV5_TRIAD Uncharacterized protein OS=Trichoplax adhaerens OX=10228 GN=TRIADDRAFT_61393 PE=4 SV=1, Tricoplax_adhaerens_tr_B3SAW2_B3SAW2_TRIAD tr_B3SAW2_B3SAW2_TRIAD Uncharacterized protein OS=Trichoplax adhaerens OX=10228 GN=TRIADDRAFT_32386 PE=4 SV=1, Tricoplax_adhaerens_tr_B3RIV5_B3RIV5_TRIAD tr_B3RIV5_B3RIV5_TRIAD Uncharacterized protein _Fragment_ OS=Trichoplax adhaerens OX=10228 GN=TRIADDRAFT_1282 PE=4 SV=1
OG0000023	Morbakka_virulenta_scaffold2.g131.t1 scaffold2.g131.t1	Tricoplax_adhaerens_tr_B3SF24_B3SF24_TRIAD tr_B3SF24_B3SF24_TRIAD Peptidase M12B domain-containing protein _Fragment_ OS=Trichoplax adhaerens OX=10228 GN=TRIADDRAFT_9730 PE=4 SV=1
OG0000024	Morbakka_virulenta_scaffold68.g10.t1 scaffold68.g10.t1, Morbakka_virulenta_scaffold7.g148.t1 scaffold7.g148.t1, Morbakka_virulenta_scaffold37.g25.t4 scaffold37.g25.t4, Morbakka_virulenta_scaffold37.g25.t2 scaffold37.g25.t2, Morbakka_virulenta_scaffold37.g25.t3 scaffold37.g25.t3, Morbakka_virulenta_scaffold37.g25.t1 scaffold37.g25.t1, Morbakka_virulenta_scaffold510.g3.t1 scaffold510.g3.t1	Tricoplax_adhaerens_tr_B3SAJ2_B3SAJ2_TRIAD tr_B3SAJ2_B3SAJ2_TRIAD Predicted protein OS=Trichoplax adhaerens OX=10228 GN=TRIADDRAFT_61279 PE=4 SV=1
OG0000024	Morbakka_virulenta_scaffold161.g44.t1 scaffold161.g44.t1	Tricoplax_adhaerens_tr_B3SAD3_B3SAD3_TRIAD tr_B3SAD3_B3SAD3_TRIAD Thyroglobulin type-1 domain-containing protein OS=Trichoplax adhaerens OX=10228 GN=TRIADDRAFT_63147 PE=4 SV=1
OG0000028	Morbakka_virulenta_scaffold9.g62.t1 scaffold9.g62.t1, Morbakka_virulenta_scaffold9.g59.t2 scaffold9.g59.t2, Morbakka_virulenta_scaffold9.g59.t1 scaffold9.g59.t1, Morbakka_virulenta_scaffold9.g60.t5 scaffold9.g60.t5, Morbakka_virulenta_scaffold9.g60.t1 scaffold9.g60.t1, Morbakka_virulenta_scaffold9.g60.t4 scaffold9.g60.t4, Morbakka_virulenta_scaffold9.g60.t3 scaffold9.g60.t3, Morbakka_virulenta_scaffold9.g60.t2 scaffold9.g60.t2	Tricoplax_adhaerens_tr_B3S7P7_B3S7P7_TRIAD tr_B3S7P7_B3S7P7_TRIAD Collagen IV NC1 domain-containing protein OS=Trichoplax adhaerens OX=10228 GN=TRIADDRAFT_30529 PE=4 SV=1, Tricoplax_adhaerens_tr_B3S7P5_B3S7P5_TRIAD tr_B3S7P5_B3S7P5_TRIAD Collagen IV NC1 domain-containing protein OS=Trichoplax adhaerens OX=10228 GN=TRIADDRAFT_60245 PE=4 SV=1
OG0000029	Morbakka_virulenta_scaffold17.g74.t1 scaffold17.g74.t1, Morbakka_virulenta_scaffold331.g4.t1 scaffold331.g4.t1, Morbakka_virulenta_scaffold331.g11.t1 scaffold331.g11.t1, Morbakka_virulenta_scaffold154.g38.t1 scaffold154.g38.t1, Morbakka_virulenta_scaffold12.g130.t1 scaffold12.g130.t1	Tricoplax_adhaerens_tr_B3RLL8_B3RLL8_TRIAD tr_B3RLL8_B3RLL8_TRIAD Predicted protein OS=Trichoplax adhaerens OX=10228 GN=TRIADDRAFT_52048 PE=4 SV=1, Tricoplax_adhaerens_tr_B3S1M6_B3S1M6_TRIAD tr_B3S1M6_B3S1M6_TRIAD Predicted protein OS=Trichoplax adhaerens OX=10228 GN=TRIADDRAFT_58343 PE=4 SV=1, Tricoplax_adhaerens_tr_B3S8K5_B3S8K5_TRIAD tr_B3S8K5_B3S8K5_TRIAD Uncharacterized protein OS=Trichoplax adhaerens OX=10228 GN=TRIADDRAFT_60571 PE=4 SV=1, Tricoplax_adhaerens_tr_B3S8J9_B3S8J9_TRIAD tr_B3S8J9_B3S8J9_TRIAD LAM_G_DOMAIN domain-containing protein _Fragment_ OS=Trichoplax adhaerens OX=10228 GN=TRIADDRAFT_5406 PE=4 SV=1, Tricoplax_adhaerens_tr_B3S945_B3S945_TRIAD tr_B3S945_B3S945_TRIAD LAM_G_DOMAIN domain-containing protein OS=Trichoplax adhaerens OX=10228 GN=TRIADDRAFT_31364 PE=4 SV=1
OG0000030	Morbakka_virulenta_scaffold273.g11.t2 scaffold273.g11.t2, Morbakka_virulenta_scaffold273.g11.t1 scaffold273.g11.t1	Tricoplax_adhaerens_tr_B3S467_B3S467_TRIAD tr_B3S467_B3S467_TRIAD Peptidase M12B domain-containing protein OS=Trichoplax adhaerens OX=10228 GN=TRIADDRAFT_58971 PE=4 SV=1
OG0000030	Morbakka_virulenta_scaffold233.g2.t1 scaffold233.g2.t1	Tricoplax_adhaerens_tr_B3RL71_B3RL71_TRIAD tr_B3RL71_B3RL71_TRIAD Uncharacterized protein OS=Trichoplax adhaerens OX=10228 GN=TRIADDRAFT_19172 PE=4 SV=1, Tricoplax_adhaerens_tr_B3RJM6_B3RJM6_TRIAD tr_B3RJM6_B3RJM6_TRIAD Uncharacterized protein OS=Trichoplax adhaerens OX=10228 GN=TRIADDRAFT_19354 PE=4 SV=1, Tricoplax_adhaerens_tr_B3RJQ4_B3RJQ4_TRIAD tr_B3RJQ4_B3RJQ4_TRIAD Uncharacterized protein OS=Trichoplax adhaerens OX=10228 GN=TRIADDRAFT_51548 PE=4 SV=1, Tricoplax_adhaerens_tr_B3RMA9_B3RMA9_TRIAD tr_B3RMA9_B3RMA9_TRIAD Uncharacterized protein OS=Trichoplax adhaerens OX=10228 GN=TRIADDRAFT_52298 PE=4 SV=1
OG0000034	Morbakka_virulenta_scaffold45.g31.t2 scaffold45.g31.t2, Morbakka_virulenta_scaffold45.g31.t1 scaffold45.g31.t1	Tricoplax_adhaerens_tr_B3S377_B3S377_TRIAD tr_B3S377_B3S377_TRIAD Laminin EGF-like domain-containing protein OS=Trichoplax adhaerens OX=10228 GN=TRIADDRAFT_58624 PE=4 SV=1
OG0000034	Morbakka_virulenta_scaffold1.g337.t2 scaffold1.g337.t2, Morbakka_virulenta_scaffold1.g337.t3 scaffold1.g337.t3, Morbakka_virulenta_scaffold1.g337.t1 scaffold1.g337.t1	Tricoplax_adhaerens_tr_B3RTL8_B3RTL8_TRIAD tr_B3RTL8_B3RTL8_TRIAD Uncharacterized protein OS=Trichoplax adhaerens OX=10228 GN=TRIADDRAFT_55971 PE=4 SV=1
OG0000040	Morbakka_virulenta_scaffold572.g7.t2 scaffold572.g7.t2, Morbakka_virulenta_scaffold572.g7.t1 scaffold572.g7.t1	Tricoplax_adhaerens_tr_B3RRD1_B3RRD1_TRIAD tr_B3RRD1_B3RRD1_TRIAD IGFBP N-terminal domain-containing protein OS=Trichoplax adhaerens OX=10228 GN=TRIADDRAFT_54193 PE=4 SV=1
OG0000040	Morbakka_virulenta_scaffold37.g21.t1 scaffold37.g21.t1, Morbakka_virulenta_scaffold37.g22.t1 scaffold37.g22.t1	Tricoplax_adhaerens_tr_B3SCG1_B3SCG1_TRIAD tr_B3SCG1_B3SCG1_TRIAD IGFBP N-terminal domain-containing protein OS=Trichoplax adhaerens OX=10228 GN=TRIADDRAFT_64395 PE=4 SV=1
OG0000049	Morbakka_virulenta_scaffold314.g7.t1 scaffold314.g7.t1	Tricoplax_adhaerens_tr_B3RWZ7_B3RWZ7_TRIAD tr_B3RWZ7_B3RWZ7_TRIAD Sema domain-containing protein OS=Trichoplax adhaerens OX=10228 GN=TRIADDRAFT_56941 PE=3 SV=1, Tricoplax_adhaerens_tr_B3RWZ9_B3RWZ9_TRIAD tr_B3RWZ9_B3RWZ9_TRIAD Sema domain-containing protein OS=Trichoplax adhaerens OX=10228 GN=TRIADDRAFT_56943 PE=3 SV=1
OG0000056	Morbakka_virulenta_scaffold338.g2.t2 scaffold338.g2.t2, Morbakka_virulenta_scaffold338.g2.t1 scaffold338.g2.t1	Tricoplax_adhaerens_tr_B3SAG8_B3SAG8_TRIAD tr_B3SAG8_B3SAG8_TRIAD Uncharacterized protein OS=Trichoplax adhaerens OX=10228 GN=TRIADDRAFT_61254 PE=4 SV=1
OG0000058	Morbakka_virulenta_scaffold244.g20.t1 scaffold244.g20.t1	Tricoplax_adhaerens_tr_B3S5T8_B3S5T8_TRIAD tr_B3S5T8_B3S5T8_TRIAD Uncharacterized protein OS=Trichoplax adhaerens OX=10228 GN=TRIADDRAFT_59472 PE=4 SV=1
OG0000061	Morbakka_virulenta_scaffold265.g6.t1 scaffold265.g6.t1, Morbakka_virulenta_scaffold92.g46.t1 scaffold92.g46.t1	Tricoplax_adhaerens_tr_B3S6Q5_B3S6Q5_TRIAD tr_B3S6Q5_B3S6Q5_TRIAD Uncharacterized protein OS=Trichoplax adhaerens OX=10228 GN=TRIADDRAFT_29988 PE=3 SV=1, Tricoplax_adhaerens_tr_B3RMR9_B3RMR9_TRIAD tr_B3RMR9_B3RMR9_TRIAD Uncharacterized protein OS=Trichoplax adhaerens OX=10228 GN=TRIADDRAFT_20570 PE=3 SV=1
OG0000061	Morbakka_virulenta_scaffold73.g24.t1 scaffold73.g24.t1	Tricoplax_adhaerens_tr_B3SDA1_B3SDA1_TRIAD tr_B3SDA1_B3SDA1_TRIAD Uncharacterized protein OS=Trichoplax adhaerens OX=10228 GN=TRIADDRAFT_33766 PE=3 SV=1, Tricoplax_adhaerens_tr_B3SD98_B3SD98_TRIAD tr_B3SD98_B3SD98_TRIAD Uncharacterized protein OS=Trichoplax adhaerens OX=10228 GN=TRIADDRAFT_33811 PE=3 SV=1, Tricoplax_adhaerens_tr_B3SD97_B3SD97_TRIAD tr_B3SD97_B3SD97_TRIAD Uncharacterized protein OS=Trichoplax adhaerens OX=10228 GN=TRIADDRAFT_33800 PE=3 SV=1, Tricoplax_adhaerens_tr_B3SD96_B3SD96_TRIAD tr_B3SD96_B3SD96_TRIAD C2 domain-containing protein OS=Trichoplax adhaerens OX=10228 GN=TRIADDRAFT_62253 PE=3 SV=1
OG0000065	Morbakka_virulenta_scaffold1.g340.t1 scaffold1.g340.t1	Tricoplax_adhaerens_tr_B3SCH4_B3SCH4_TRIAD tr_B3SCH4_B3SCH4_TRIAD Uncharacterized protein OS=Trichoplax adhaerens OX=10228 GN=TRIADDRAFT_61971 PE=3 SV=1, Tricoplax_adhaerens_tr_B3SCH2_B3SCH2_TRIAD tr_B3SCH2_B3SCH2_TRIAD Uncharacterized protein OS=Trichoplax adhaerens OX=10228 GN=TRIADDRAFT_61969 PE=3 SV=1, Tricoplax_adhaerens_tr_B3SCH3_B3SCH3_TRIAD tr_B3SCH3_B3SCH3_TRIAD Uncharacterized protein OS=Trichoplax adhaerens OX=10228 GN=TRIADDRAFT_61970 PE=3 SV=1
OG0000080	Morbakka_virulenta_scaffold190.g25.t1 scaffold190.g25.t1	Tricoplax_adhaerens_tr_B3RWZ3_B3RWZ3_TRIAD tr_B3RWZ3_B3RWZ3_TRIAD NTR domain-containing protein OS=Trichoplax adhaerens OX=10228 GN=TRIADDRAFT_56937 PE=3 SV=1
OG0000088	Morbakka_virulenta_scaffold280.g21.t2 scaffold280.g21.t2, Morbakka_virulenta_scaffold280.g21.t3 scaffold280.g21.t3, Morbakka_virulenta_scaffold280.g21.t1 scaffold280.g21.t1	Tricoplax_adhaerens_tr_B3SC37_B3SC37_TRIAD tr_B3SC37_B3SC37_TRIAD Spondin domain-containing protein OS=Trichoplax adhaerens OX=10228 GN=TRIADDRAFT_61837 PE=4 SV=1
OG0000089	Morbakka_virulenta_scaffold156.g14.t2 scaffold156.g14.t2, Morbakka_virulenta_scaffold156.g14.t1 scaffold156.g14.t1	Tricoplax_adhaerens_tr_B3RM16_B3RM16_TRIAD tr_B3RM16_B3RM16_TRIAD Uncharacterized protein OS=Trichoplax adhaerens OX=10228 GN=TRIADDRAFT_52199 PE=4 SV=1
OG0000094	Morbakka_virulenta_scaffold354.g9.t4 scaffold354.g9.t4, Morbakka_virulenta_scaffold354.g9.t1 scaffold354.g9.t1, Morbakka_virulenta_scaffold354.g9.t3 scaffold354.g9.t3, Morbakka_virulenta_scaffold354.g9.t2 scaffold354.g9.t2	Tricoplax_adhaerens_tr_B3SCG9_B3SCG9_TRIAD tr_B3SCG9_B3SCG9_TRIAD Uncharacterized protein _Fragment_ OS=Trichoplax adhaerens OX=10228 GN=TRIADDRAFT_33284 PE=4 SV=1
OG0000103	Morbakka_virulenta_scaffold34.g37.t1 scaffold34.g37.t1, Morbakka_virulenta_scaffold34.g37.t2 scaffold34.g37.t2, Morbakka_virulenta_scaffold34.g37.t3 scaffold34.g37.t3	Tricoplax_adhaerens_tr_B3RSJ4_B3RSJ4_TRIAD tr_B3RSJ4_B3RSJ4_TRIAD Uncharacterized protein OS=Trichoplax adhaerens OX=10228 GN=TRIADDRAFT_54619 PE=4 SV=1
OG0000119	Morbakka_virulenta_scaffold295.g10.t1 scaffold295.g10.t1, Morbakka_virulenta_scaffold568.g2.t1 scaffold568.g2.t1	Tricoplax_adhaerens_tr_B3S1E5_B3S1E5_TRIAD tr_B3S1E5_B3S1E5_TRIAD Uncharacterized protein OS=Trichoplax adhaerens OX=10228 GN=TRIADDRAFT_27850 PE=4 SV=1
OG0000126	Morbakka_virulenta_scaffold119.g1.t1 scaffold119.g1.t1, Morbakka_virulenta_scaffold119.g2.t2 scaffold119.g2.t2, Morbakka_virulenta_scaffold119.g2.t1 scaffold119.g2.t1, Morbakka_virulenta_scaffold106.g49.t1 scaffold106.g49.t1	Tricoplax_adhaerens_tr_B3S1T7_B3S1T7_TRIAD tr_B3S1T7_B3S1T7_TRIAD Uncharacterized protein OS=Trichoplax adhaerens OX=10228 GN=TRIADDRAFT_57880 PE=4 SV=1
OG0000131	Morbakka_virulenta_scaffold376.g16.t1 scaffold376.g16.t1	Tricoplax_adhaerens_tr_B3RWZ0_B3RWZ0_TRIAD tr_B3RWZ0_B3RWZ0_TRIAD Predicted protein OS=Trichoplax adhaerens OX=10228 GN=TRIADDRAFT_56934 PE=4 SV=1, Tricoplax_adhaerens_tr_B3RWY9_B3RWY9_TRIAD tr_B3RWY9_B3RWY9_TRIAD Uncharacterized protein OS=Trichoplax adhaerens OX=10228 GN=TRIADDRAFT_56933 PE=4 SV=1, Tricoplax_adhaerens_tr_B3RWY7_B3RWY7_TRIAD tr_B3RWY7_B3RWY7_TRIAD Predicted protein OS=Trichoplax adhaerens OX=10228 GN=TRIADDRAFT_56931 PE=4 SV=1
OG0000133	Morbakka_virulenta_scaffold115.g46.t4 scaffold115.g46.t4, Morbakka_virulenta_scaffold115.g46.t3 scaffold115.g46.t3, Morbakka_virulenta_scaffold115.g46.t2 scaffold115.g46.t2	Tricoplax_adhaerens_tr_B3S208_B3S208_TRIAD tr_B3S208_B3S208_TRIAD Uncharacterized protein _Fragment_ OS=Trichoplax adhaerens OX=10228 GN=TRIADDRAFT_10167 PE=4 SV=1, Tricoplax_adhaerens_tr_B3SB90_B3SB90_TRIAD tr_B3SB90_B3SB90_TRIAD Uncharacterized protein OS=Trichoplax adhaerens OX=10228 GN=TRIADDRAFT_61531 PE=4 SV=1
OG0000134	Morbakka_virulenta_scaffold32.g95.t1 scaffold32.g95.t1	Tricoplax_adhaerens_tr_B3S1D4_B3S1D4_TRIAD tr_B3S1D4_B3S1D4_TRIAD VWFA domain-containing protein OS=Trichoplax adhaerens OX=10228 GN=TRIADDRAFT_27429 PE=4 SV=1
OG0000138	Morbakka_virulenta_scaffold115.g38.t1 scaffold115.g38.t1	Tricoplax_adhaerens_tr_B3RNN4_B3RNN4_TRIAD tr_B3RNN4_B3RNN4_TRIAD Fibronectin type-III domain-containing protein OS=Trichoplax adhaerens OX=10228 GN=TRIADDRAFT_53229 PE=4 SV=1
OG0000146	Morbakka_virulenta_scaffold272.g1.t1 scaffold272.g1.t1	Tricoplax_adhaerens_tr_B3SDG0_B3SDG0_TRIAD tr_B3SDG0_B3SDG0_TRIAD Uncharacterized protein OS=Trichoplax adhaerens OX=10228 GN=TRIADDRAFT_62316 PE=4 SV=1
OG0000150	Morbakka_virulenta_scaffold239.g11.t1 scaffold239.g11.t1, Morbakka_virulenta_scaffold239.g11.t2 scaffold239.g11.t2	Tricoplax_adhaerens_tr_B3RPD5_B3RPD5_TRIAD tr_B3RPD5_B3RPD5_TRIAD Uncharacterized protein OS=Trichoplax adhaerens OX=10228 GN=TRIADDRAFT_53495 PE=4 SV=1
OG0000152	Morbakka_virulenta_scaffold15.g92.t1 scaffold15.g92.t1, Morbakka_virulenta_scaffold15.g92.t2 scaffold15.g92.t2	Tricoplax_adhaerens_tr_B3RKQ5_B3RKQ5_TRIAD tr_B3RKQ5_B3RKQ5_TRIAD Uncharacterized protein OS=Trichoplax adhaerens OX=10228 GN=TRIADDRAFT_51723 PE=3 SV=1
OG0000156	Morbakka_virulenta_scaffold58.g7.t1 scaffold58.g7.t1	Tricoplax_adhaerens_tr_B3RLM2_B3RLM2_TRIAD tr_B3RLM2_B3RLM2_TRIAD MFAP1 domain-containing protein _Fragment_ OS=Trichoplax adhaerens OX=10228 GN=TRIADDRAFT_7634 PE=3 SV=1
OG0000165	Morbakka_virulenta_scaffold605.g6.t1 scaffold605.g6.t1	Tricoplax_adhaerens_tr_B3RIT5_B3RIT5_TRIAD tr_B3RIT5_B3RIT5_TRIAD Uncharacterized protein _Fragment_ OS=Trichoplax adhaerens OX=10228 GN=TRIADDRAFT_15826 PE=4 SV=1
OG0000171	Morbakka_virulenta_scaffold543.g1.t1 scaffold543.g1.t1, Morbakka_virulenta_scaffold543.g1.t2 scaffold543.g1.t2	Tricoplax_adhaerens_tr_B3RRV6_B3RRV6_TRIAD tr_B3RRV6_B3RRV6_TRIAD Peptide-N_4_-_N-acetyl-beta-glucosaminyl_asparagine amidase OS=Trichoplax adhaerens OX=10228 GN=TRIADDRAFT_22754 PE=3 SV=1
OG0000177	Morbakka_virulenta_scaffold10.g110.t1 scaffold10.g110.t1	Tricoplax_adhaerens_tr_B3S044_B3S044_TRIAD tr_B3S044_B3S044_TRIAD Uncharacterized protein _Fragment_ OS=Trichoplax adhaerens OX=10228 GN=TRIADDRAFT_26327 PE=4 SV=1
OG0000182	Morbakka_virulenta_scaffold230.g9.t1 scaffold230.g9.t1	Tricoplax_adhaerens_tr_B3RMX3_B3RMX3_TRIAD tr_B3RMX3_B3RMX3_TRIAD VWFA domain-containing protein OS=Trichoplax adhaerens OX=10228 GN=TRIADDRAFT_52959 PE=4 SV=1, Tricoplax_adhaerens_tr_B3RMX2_B3RMX2_TRIAD tr_B3RMX2_B3RMX2_TRIAD VWFA domain-containing protein OS=Trichoplax adhaerens OX=10228 GN=TRIADDRAFT_52958 PE=4 SV=1
OG0000187	Morbakka_virulenta_scaffold124.g42.t1 scaffold124.g42.t1	Tricoplax_adhaerens_tr_B3RVB7_B3RVB7_TRIAD tr_B3RVB7_B3RVB7_TRIAD Predicted protein OS=Trichoplax adhaerens OX=10228 GN=TRIADDRAFT_55597 PE=4 SV=1
OG0000192	Morbakka_virulenta_scaffold418.g5.t1 scaffold418.g5.t1	Tricoplax_adhaerens_tr_B3S8E5_B3S8E5_TRIAD tr_B3S8E5_B3S8E5_TRIAD Uncharacterized protein OS=Trichoplax adhaerens OX=10228 GN=TRIADDRAFT_31139 PE=4 SV=1
OG0000193	Morbakka_virulenta_scaffold139.g21.t1 scaffold139.g21.t1	Tricoplax_adhaerens_tr_B3S637_B3S637_TRIAD tr_B3S637_B3S637_TRIAD Poly_A_-specific ribonuclease OS=Trichoplax adhaerens OX=10228 GN=TRIADDRAFT_30062 PE=3 SV=1
OG0000194	Morbakka_virulenta_scaffold3.g18.t1 scaffold3.g18.t1	Tricoplax_adhaerens_tr_B3RKY1_B3RKY1_TRIAD tr_B3RKY1_B3RKY1_TRIAD Uncharacterized protein OS=Trichoplax adhaerens OX=10228 GN=TRIADDRAFT_51807 PE=4 SV=1
OG0000195	Morbakka_virulenta_scaffold255.g23.t1 scaffold255.g23.t1	Tricoplax_adhaerens_tr_B3RPL2_B3RPL2_TRIAD tr_B3RPL2_B3RPL2_TRIAD Uncharacterized protein OS=Trichoplax adhaerens OX=10228 GN=TRIADDRAFT_53580 PE=4 SV=1
OG0000199	Morbakka_virulenta_scaffold99.g3.t1 scaffold99.g3.t1	Tricoplax_adhaerens_tr_B3S8Y1_B3S8Y1_TRIAD tr_B3S8Y1_B3S8Y1_TRIAD 26S proteasome non-ATPase regulatory subunit 4 OS=Trichoplax adhaerens OX=10228 GN=TRIADDRAFT_36585 PE=3 SV=1
OG0000200	Morbakka_virulenta_scaffold111.g35.t1 scaffold111.g35.t1	Tricoplax_adhaerens_tr_B3RXW6_B3RXW6_TRIAD tr_B3RXW6_B3RXW6_TRIAD Uncharacterized protein OS=Trichoplax adhaerens OX=10228 GN=TRIADDRAFT_56355 PE=4 SV=1
OG0000201	Morbakka_virulenta_scaffold264.g14.t2 scaffold264.g14.t2, Morbakka_virulenta_scaffold264.g14.t1 scaffold264.g14.t1	Tricoplax_adhaerens_tr_B3RIC1_B3RIC1_TRIAD tr_B3RIC1_B3RIC1_TRIAD Uncharacterized protein OS=Trichoplax adhaerens OX=10228 GN=TRIADDRAFT_63545 PE=4 SV=1
OG0000203	Morbakka_virulenta_scaffold13.g9.t1 scaffold13.g9.t1	Tricoplax_adhaerens_tr_B3SD19_B3SD19_TRIAD tr_B3SD19_B3SD19_TRIAD Uncharacterized protein OS=Trichoplax adhaerens OX=10228 GN=TRIADDRAFT_62176 PE=4 SV=1
OG0000204	Morbakka_virulenta_scaffold496.g8.t1 scaffold496.g8.t1, Morbakka_virulenta_scaffold496.g8.t2 scaffold496.g8.t2	Tricoplax_adhaerens_tr_B3SBR6_B3SBR6_TRIAD tr_B3SBR6_B3SBR6_TRIAD Uncharacterized protein _Fragment_ OS=Trichoplax adhaerens OX=10228 GN=TRIADDRAFT_16904 PE=4 SV=1
OG0000209	Morbakka_virulenta_scaffold146.g16.t1 scaffold146.g16.t1	Tricoplax_adhaerens_tr_B3S5H0_B3S5H0_TRIAD tr_B3S5H0_B3S5H0_TRIAD Uncharacterized protein OS=Trichoplax adhaerens OX=10228 GN=TRIADDRAFT_59612 PE=4 SV=1
OG0000210	Morbakka_virulenta_scaffold13.g23.t1 scaffold13.g23.t1	Tricoplax_adhaerens_tr_B3RM08_B3RM08_TRIAD tr_B3RM08_B3RM08_TRIAD Uncharacterized protein OS=Trichoplax adhaerens OX=10228 GN=TRIADDRAFT_52191 PE=4 SV=1
OG0000212	Morbakka_virulenta_scaffold162.g11.t1 scaffold162.g11.t1	Tricoplax_adhaerens_tr_B3RP37_B3RP37_TRIAD tr_B3RP37_B3RP37_TRIAD RING-type domain-containing protein OS=Trichoplax adhaerens OX=10228 GN=TRIADDRAFT_53391 PE=4 SV=1
OG0000214	Morbakka_virulenta_scaffold1242.g1.t1 scaffold1242.g1.t1	Tricoplax_adhaerens_tr_B3RSF2_B3RSF2_TRIAD tr_B3RSF2_B3RSF2_TRIAD Integrator complex subunit 14 OS=Trichoplax adhaerens OX=10228 GN=TRIADDRAFT_54576 PE=3 SV=1
OG0000229	Morbakka_virulenta_scaffold531.g6.t1 scaffold531.g6.t1, Morbakka_virulenta_scaffold531.g6.t2 scaffold531.g6.t2	Tricoplax_adhaerens_tr_B3RKL9_B3RKL9_TRIAD tr_B3RKL9_B3RKL9_TRIAD Uncharacterized protein OS=Trichoplax adhaerens OX=10228 GN=TRIADDRAFT_52818 PE=4 SV=1
OG0000253	Morbakka_virulenta_scaffold154.g21.t1 scaffold154.g21.t1	Tricoplax_adhaerens_tr_B3RZ73_B3RZ73_TRIAD tr_B3RZ73_B3RZ73_TRIAD VWFA domain-containing protein OS=Trichoplax adhaerens OX=10228 GN=TRIADDRAFT_57351 PE=4 SV=1
OG0000268	Morbakka_virulenta_scaffold84.g62.t1 scaffold84.g62.t1	Tricoplax_adhaerens_tr_B3RPS4_B3RPS4_TRIAD tr_B3RPS4_B3RPS4_TRIAD Fibronectin type-III domain-containing protein OS=Trichoplax adhaerens OX=10228 GN=TRIADDRAFT_53645 PE=4 SV=1
OG0000282	Morbakka_virulenta_scaffold3589.g1.t1 scaffold3589.g1.t1	Tricoplax_adhaerens_tr_B3RRY9_B3RRY9_TRIAD tr_B3RRY9_B3RRY9_TRIAD B3_4 domain-containing protein OS=Trichoplax adhaerens OX=10228 GN=TRIADDRAFT_54414 PE=4 SV=1
OG0000309	Morbakka_virulenta_scaffold3752.g1.t1 scaffold3752.g1.t1	Tricoplax_adhaerens_tr_B3RSF5_B3RSF5_TRIAD tr_B3RSF5_B3RSF5_TRIAD Uncharacterized protein OS=Trichoplax adhaerens OX=10228 GN=TRIADDRAFT_22374 PE=4 SV=1
OG0000371	Morbakka_virulenta_scaffold97.g17.t1 scaffold97.g17.t1	Tricoplax_adhaerens_tr_B3RYA3_B3RYA3_TRIAD tr_B3RYA3_B3RYA3_TRIAD Predicted protein OS=Trichoplax adhaerens OX=10228 GN=TRIADDRAFT_56490 PE=3 SV=1
OG0000624	Morbakka_virulenta_scaffold253.g23.t2 scaffold253.g23.t2, Morbakka_virulenta_scaffold253.g23.t1 scaffold253.g23.t1	Tricoplax_adhaerens_tr_B3RPU9_B3RPU9_TRIAD tr_B3RPU9_B3RPU9_TRIAD Uncharacterized protein OS=Trichoplax adhaerens OX=10228 GN=TRIADDRAFT_53671 PE=4 SV=1
OG0001143	Morbakka_virulenta_scaffold325.g8.t1 scaffold325.g8.t1	Tricoplax_adhaerens_tr_B3RRK0_B3RRK0_TRIAD tr_B3RRK0_B3RRK0_TRIAD Uncharacterized protein _Fragment_ OS=Trichoplax adhaerens OX=10228 GN=TRIADDRAFT_4952 PE=4 SV=1
