Orthogroup	Cnidaria_Staurozoa_Calvadosia_cruxmelitensis	Cnidaria_Anthozoa_Nematostella_vectensis
OG0000000	Calvadosia_cruxmelitensis_Ccrux.Trinity.5902 Ccrux.Trinity.5902, Calvadosia_cruxmelitensis_Ccrux.Trinity.5900 Ccrux.Trinity.5900	Nematostella_vectensis_NV2t014110001.1 NV2t014110001.1
OG0000000	Calvadosia_cruxmelitensis_Ccrux.Trinity.70576 Ccrux.Trinity.70576, Calvadosia_cruxmelitensis_Ccrux.Trinity.48270 Ccrux.Trinity.48270, Calvadosia_cruxmelitensis_Ccrux.Trinity.72284 Ccrux.Trinity.72284	Nematostella_vectensis_NV2t025469001.1 NV2t025469001.1
OG0000000	Calvadosia_cruxmelitensis_Ccrux.Trinity.27805 Ccrux.Trinity.27805, Calvadosia_cruxmelitensis_Ccrux.Trinity.27804 Ccrux.Trinity.27804, Calvadosia_cruxmelitensis_Ccrux.Trinity.27806 Ccrux.Trinity.27806, Calvadosia_cruxmelitensis_Ccrux.Trinity.27807 Ccrux.Trinity.27807, Calvadosia_cruxmelitensis_Ccrux.Trinity.27808 Ccrux.Trinity.27808, Calvadosia_cruxmelitensis_Ccrux.Trinity.27803 Ccrux.Trinity.27803, Calvadosia_cruxmelitensis_Ccrux.Trinity.18974 Ccrux.Trinity.18974, Calvadosia_cruxmelitensis_Ccrux.Trinity.18973 Ccrux.Trinity.18973, Calvadosia_cruxmelitensis_Ccrux.Trinity.18975 Ccrux.Trinity.18975	Nematostella_vectensis_NV2t016067001.1 NV2t016067001.1, Nematostella_vectensis_NV2t025471001.1 NV2t025471001.1, Nematostella_vectensis_NV2t025467001.1 NV2t025467001.1, Nematostella_vectensis_NV2t025470001.1 NV2t025470001.1, Nematostella_vectensis_NV2t025464001.1 NV2t025464001.1, Nematostella_vectensis_NV2t025526001.1 NV2t025526001.1
OG0000000	Calvadosia_cruxmelitensis_Ccrux.Trinity.13476 Ccrux.Trinity.13476, Calvadosia_cruxmelitensis_Ccrux.Trinity.60601 Ccrux.Trinity.60601, Calvadosia_cruxmelitensis_Ccrux.Trinity.72013 Ccrux.Trinity.72013, Calvadosia_cruxmelitensis_Ccrux.Trinity.25175 Ccrux.Trinity.25175, Calvadosia_cruxmelitensis_Ccrux.Trinity.25174 Ccrux.Trinity.25174, Calvadosia_cruxmelitensis_Ccrux.Trinity.25178 Ccrux.Trinity.25178, Calvadosia_cruxmelitensis_Ccrux.Trinity.25170 Ccrux.Trinity.25170, Calvadosia_cruxmelitensis_Ccrux.Trinity.25173 Ccrux.Trinity.25173, Calvadosia_cruxmelitensis_Ccrux.Trinity.63690 Ccrux.Trinity.63690, Calvadosia_cruxmelitensis_Ccrux.Trinity.1835 Ccrux.Trinity.1835, Calvadosia_cruxmelitensis_Ccrux.Trinity.10162 Ccrux.Trinity.10162, Calvadosia_cruxmelitensis_Ccrux.Trinity.10161 Ccrux.Trinity.10161, Calvadosia_cruxmelitensis_Ccrux.Trinity.44850 Ccrux.Trinity.44850, Calvadosia_cruxmelitensis_Ccrux.Trinity.44852 Ccrux.Trinity.44852	Nematostella_vectensis_NV2t007038001.1 NV2t007038001.1, Nematostella_vectensis_NV2t019779001.1 NV2t019779001.1, Nematostella_vectensis_NV2t019779002.1 NV2t019779002.1, Nematostella_vectensis_NV2t022610001.1 NV2t022610001.1, Nematostella_vectensis_NV2t022609002.1 NV2t022609002.1, Nematostella_vectensis_NV2t022609001.1 NV2t022609001.1, Nematostella_vectensis_NV2t024484001.1 NV2t024484001.1, Nematostella_vectensis_NV2t017198001.1 NV2t017198001.1, Nematostella_vectensis_NV2t005688002.1 NV2t005688002.1, Nematostella_vectensis_NV2t005688001.1 NV2t005688001.1, Nematostella_vectensis_NV2t005687001.1 NV2t005687001.1, Nematostella_vectensis_NV2t006013001.1 NV2t006013001.1, Nematostella_vectensis_NV2t006016001.1 NV2t006016001.1, Nematostella_vectensis_NV2t006010001.1 NV2t006010001.1, Nematostella_vectensis_NV2t006015001.1 NV2t006015001.1, Nematostella_vectensis_NV2t006014001.1 NV2t006014001.1, Nematostella_vectensis_NV2t006014002.1 NV2t006014002.1, Nematostella_vectensis_NV2t017096001.1 NV2t017096001.1
OG0000001	Calvadosia_cruxmelitensis_Ccrux.Trinity.36673 Ccrux.Trinity.36673, Calvadosia_cruxmelitensis_Ccrux.Trinity.36672 Ccrux.Trinity.36672	Nematostella_vectensis_NV2t020012002.1 NV2t020012002.1, Nematostella_vectensis_NV2t020009001.1 NV2t020009001.1, Nematostella_vectensis_NV2t020012001.1 NV2t020012001.1
OG0000001	Calvadosia_cruxmelitensis_Ccrux.Trinity.15136 Ccrux.Trinity.15136	Nematostella_vectensis_NV2t001719001.1 NV2t001719001.1
OG0000001	Calvadosia_cruxmelitensis_Ccrux.Trinity.63705 Ccrux.Trinity.63705, Calvadosia_cruxmelitensis_Ccrux.Trinity.70737 Ccrux.Trinity.70737	Nematostella_vectensis_NV2t024157001.1 NV2t024157001.1
OG0000001	Calvadosia_cruxmelitensis_Ccrux.Trinity.12300 Ccrux.Trinity.12300, Calvadosia_cruxmelitensis_Ccrux.Trinity.12301 Ccrux.Trinity.12301	Nematostella_vectensis_NV2t020323001.1 NV2t020323001.1, Nematostella_vectensis_NV2t020323002.1 NV2t020323002.1, Nematostella_vectensis_NV2t024355001.1 NV2t024355001.1, Nematostella_vectensis_NV2t024348001.1 NV2t024348001.1, Nematostella_vectensis_NV2t024359002.1 NV2t024359002.1
OG0000001	Calvadosia_cruxmelitensis_Ccrux.Trinity.15286 Ccrux.Trinity.15286, Calvadosia_cruxmelitensis_Ccrux.Trinity.15288 Ccrux.Trinity.15288, Calvadosia_cruxmelitensis_Ccrux.Trinity.15287 Ccrux.Trinity.15287, Calvadosia_cruxmelitensis_Ccrux.Trinity.15289 Ccrux.Trinity.15289, Calvadosia_cruxmelitensis_Ccrux.Trinity.15290 Ccrux.Trinity.15290	Nematostella_vectensis_NV2t001171001.1 NV2t001171001.1
OG0000001	Calvadosia_cruxmelitensis_Ccrux.Trinity.6711 Ccrux.Trinity.6711, Calvadosia_cruxmelitensis_Ccrux.Trinity.6713 Ccrux.Trinity.6713	Nematostella_vectensis_NV2t000702003.1 NV2t000702003.1, Nematostella_vectensis_NV2t000702002.1 NV2t000702002.1, Nematostella_vectensis_NV2t000702004.1 NV2t000702004.1, Nematostella_vectensis_NV2t000702005.1 NV2t000702005.1, Nematostella_vectensis_NV2t000702006.1 NV2t000702006.1, Nematostella_vectensis_NV2t000702001.1 NV2t000702001.1
OG0000001	Calvadosia_cruxmelitensis_Ccrux.Trinity.59987 Ccrux.Trinity.59987	Nematostella_vectensis_NV2t012582003.1 NV2t012582003.1, Nematostella_vectensis_NV2t012653001.1 NV2t012653001.1, Nematostella_vectensis_NV2t012583001.1 NV2t012583001.1, Nematostella_vectensis_NV2t023796001.1 NV2t023796001.1, Nematostella_vectensis_NV2t017702001.1 NV2t017702001.1, Nematostella_vectensis_NV2t022951001.1 NV2t022951001.1, Nematostella_vectensis_NV2t011373001.1 NV2t011373001.1, Nematostella_vectensis_NV2t011373002.1 NV2t011373002.1, Nematostella_vectensis_NV2t020188002.1 NV2t020188002.1, Nematostella_vectensis_NV2t020188001.1 NV2t020188001.1, Nematostella_vectensis_NV2t020819001.1 NV2t020819001.1, Nematostella_vectensis_NV2t019077001.1 NV2t019077001.1, Nematostella_vectensis_NV2t011946001.1 NV2t011946001.1, Nematostella_vectensis_NV2t011946002.1 NV2t011946002.1, Nematostella_vectensis_NV2t011946003.1 NV2t011946003.1, Nematostella_vectensis_NV2t011797001.1 NV2t011797001.1, Nematostella_vectensis_NV2t012753001.1 NV2t012753001.1, Nematostella_vectensis_NV2t012755001.1 NV2t012755001.1, Nematostella_vectensis_NV2t022551001.1 NV2t022551001.1, Nematostella_vectensis_NV2t016932001.1 NV2t016932001.1, Nematostella_vectensis_NV2t022950001.1 NV2t022950001.1, Nematostella_vectensis_NV2t016931001.1 NV2t016931001.1, Nematostella_vectensis_NV2t001803001.1 NV2t001803001.1, Nematostella_vectensis_NV2t001804001.1 NV2t001804001.1, Nematostella_vectensis_NV2t000600001.1 NV2t000600001.1
OG0000001	Calvadosia_cruxmelitensis_Ccrux.Trinity.40612 Ccrux.Trinity.40612, Calvadosia_cruxmelitensis_Ccrux.Trinity.40613 Ccrux.Trinity.40613	Nematostella_vectensis_NV2t006892003.1 NV2t006892003.1, Nematostella_vectensis_NV2t006892004.1 NV2t006892004.1, Nematostella_vectensis_NV2t006892002.1 NV2t006892002.1, Nematostella_vectensis_NV2t006892001.1 NV2t006892001.1
OG0000001	Calvadosia_cruxmelitensis_Ccrux.Trinity.47275 Ccrux.Trinity.47275, Calvadosia_cruxmelitensis_Ccrux.Trinity.47256 Ccrux.Trinity.47256, Calvadosia_cruxmelitensis_Ccrux.Trinity.47271 Ccrux.Trinity.47271, Calvadosia_cruxmelitensis_Ccrux.Trinity.47257 Ccrux.Trinity.47257, Calvadosia_cruxmelitensis_Ccrux.Trinity.47260 Ccrux.Trinity.47260, Calvadosia_cruxmelitensis_Ccrux.Trinity.47278 Ccrux.Trinity.47278, Calvadosia_cruxmelitensis_Ccrux.Trinity.47280 Ccrux.Trinity.47280	Nematostella_vectensis_NV2t022749001.1 NV2t022749001.1
OG0000001	Calvadosia_cruxmelitensis_Ccrux.Trinity.26582 Ccrux.Trinity.26582, Calvadosia_cruxmelitensis_Ccrux.Trinity.45522 Ccrux.Trinity.45522	Nematostella_vectensis_NV2t013521001.1 NV2t013521001.1, Nematostella_vectensis_NV2t000743001.1 NV2t000743001.1
OG0000001	Calvadosia_cruxmelitensis_Ccrux.Trinity.66103 Ccrux.Trinity.66103, Calvadosia_cruxmelitensis_Ccrux.Trinity.1680 Ccrux.Trinity.1680, Calvadosia_cruxmelitensis_Ccrux.Trinity.30826 Ccrux.Trinity.30826, Calvadosia_cruxmelitensis_Ccrux.Trinity.30830 Ccrux.Trinity.30830	Nematostella_vectensis_NV2t000570001.1 NV2t000570001.1, Nematostella_vectensis_NV2t021729001.1 NV2t021729001.1, Nematostella_vectensis_NV2t021728001.1 NV2t021728001.1
OG0000001	Calvadosia_cruxmelitensis_Ccrux.Trinity.56437 Ccrux.Trinity.56437, Calvadosia_cruxmelitensis_Ccrux.Trinity.29916 Ccrux.Trinity.29916, Calvadosia_cruxmelitensis_Ccrux.Trinity.29915 Ccrux.Trinity.29915	Nematostella_vectensis_NV2t010732001.1 NV2t010732001.1
OG0000001	Calvadosia_cruxmelitensis_Ccrux.Trinity.52202 Ccrux.Trinity.52202	Nematostella_vectensis_NV2t012207001.1 NV2t012207001.1, Nematostella_vectensis_NV2t011960001.1 NV2t011960001.1
OG0000001	Calvadosia_cruxmelitensis_Ccrux.Trinity.54378 Ccrux.Trinity.54378, Calvadosia_cruxmelitensis_Ccrux.Trinity.54377 Ccrux.Trinity.54377	Nematostella_vectensis_NV2t001802001.1 NV2t001802001.1
OG0000001	Calvadosia_cruxmelitensis_Ccrux.Trinity.40282 Ccrux.Trinity.40282, Calvadosia_cruxmelitensis_Ccrux.Trinity.40281 Ccrux.Trinity.40281	Nematostella_vectensis_NV2t020013001.1 NV2t020013001.1, Nematostella_vectensis_NV2t020013002.1 NV2t020013002.1
OG0000001	Calvadosia_cruxmelitensis_Ccrux.Trinity.39089 Ccrux.Trinity.39089, Calvadosia_cruxmelitensis_Ccrux.Trinity.39088 Ccrux.Trinity.39088	Nematostella_vectensis_NV2t025734001.1 NV2t025734001.1
OG0000001	Calvadosia_cruxmelitensis_Ccrux.Trinity.52972 Ccrux.Trinity.52972	Nematostella_vectensis_NV2t025732001.1 NV2t025732001.1
OG0000001	Calvadosia_cruxmelitensis_Ccrux.Trinity.70250 Ccrux.Trinity.70250, Calvadosia_cruxmelitensis_Ccrux.Trinity.33425 Ccrux.Trinity.33425, Calvadosia_cruxmelitensis_Ccrux.Trinity.33423 Ccrux.Trinity.33423, Calvadosia_cruxmelitensis_Ccrux.Trinity.33422 Ccrux.Trinity.33422, Calvadosia_cruxmelitensis_Ccrux.Trinity.33427 Ccrux.Trinity.33427	Nematostella_vectensis_NV2t007734002.1 NV2t007734002.1, Nematostella_vectensis_NV2t007734004.1 NV2t007734004.1, Nematostella_vectensis_NV2t007734001.1 NV2t007734001.1, Nematostella_vectensis_NV2t007734003.1 NV2t007734003.1, Nematostella_vectensis_NV2t025737001.1 NV2t025737001.1
OG0000001	Calvadosia_cruxmelitensis_Ccrux.Trinity.20012 Ccrux.Trinity.20012	Nematostella_vectensis_NV2t024496001.1 NV2t024496001.1, Nematostella_vectensis_NV2t024496003.1 NV2t024496003.1, Nematostella_vectensis_NV2t024496004.1 NV2t024496004.1
OG0000001	Calvadosia_cruxmelitensis_Ccrux.Trinity.14897 Ccrux.Trinity.14897, Calvadosia_cruxmelitensis_Ccrux.Trinity.14896 Ccrux.Trinity.14896	Nematostella_vectensis_NV2t024158001.1 NV2t024158001.1
OG0000001	Calvadosia_cruxmelitensis_Ccrux.Trinity.1401 Ccrux.Trinity.1401	Nematostella_vectensis_NV2t022843001.1 NV2t022843001.1, Nematostella_vectensis_NV2t022840001.1 NV2t022840001.1
OG0000002	Calvadosia_cruxmelitensis_Ccrux.Trinity.45769 Ccrux.Trinity.45769	Nematostella_vectensis_NV2t017239001.1 NV2t017239001.1
OG0000002	Calvadosia_cruxmelitensis_Ccrux.Trinity.40216 Ccrux.Trinity.40216, Calvadosia_cruxmelitensis_Ccrux.Trinity.40220 Ccrux.Trinity.40220, Calvadosia_cruxmelitensis_Ccrux.Trinity.40212 Ccrux.Trinity.40212, Calvadosia_cruxmelitensis_Ccrux.Trinity.40218 Ccrux.Trinity.40218	Nematostella_vectensis_NV2t023884001.1 NV2t023884001.1, Nematostella_vectensis_NV2t023884002.1 NV2t023884002.1
OG0000002	Calvadosia_cruxmelitensis_Ccrux.Trinity.48847 Ccrux.Trinity.48847, Calvadosia_cruxmelitensis_Ccrux.Trinity.48848 Ccrux.Trinity.48848	Nematostella_vectensis_NV2t014418001.1 NV2t014418001.1
OG0000002	Calvadosia_cruxmelitensis_Ccrux.Trinity.31667 Ccrux.Trinity.31667, Calvadosia_cruxmelitensis_Ccrux.Trinity.31685 Ccrux.Trinity.31685, Calvadosia_cruxmelitensis_Ccrux.Trinity.31670 Ccrux.Trinity.31670, Calvadosia_cruxmelitensis_Ccrux.Trinity.31689 Ccrux.Trinity.31689, Calvadosia_cruxmelitensis_Ccrux.Trinity.31661 Ccrux.Trinity.31661, Calvadosia_cruxmelitensis_Ccrux.Trinity.31686 Ccrux.Trinity.31686, Calvadosia_cruxmelitensis_Ccrux.Trinity.31662 Ccrux.Trinity.31662, Calvadosia_cruxmelitensis_Ccrux.Trinity.31663 Ccrux.Trinity.31663, Calvadosia_cruxmelitensis_Ccrux.Trinity.31672 Ccrux.Trinity.31672, Calvadosia_cruxmelitensis_Ccrux.Trinity.31680 Ccrux.Trinity.31680	Nematostella_vectensis_NV2t015519002.1 NV2t015519002.1, Nematostella_vectensis_NV2t015519001.1 NV2t015519001.1
OG0000002	Calvadosia_cruxmelitensis_Ccrux.Trinity.15375 Ccrux.Trinity.15375, Calvadosia_cruxmelitensis_Ccrux.Trinity.15374 Ccrux.Trinity.15374	Nematostella_vectensis_NV2t023886001.1 NV2t023886001.1, Nematostella_vectensis_NV2t023886003.1 NV2t023886003.1, Nematostella_vectensis_NV2t023886002.1 NV2t023886002.1
OG0000002	Calvadosia_cruxmelitensis_Ccrux.Trinity.32954 Ccrux.Trinity.32954, Calvadosia_cruxmelitensis_Ccrux.Trinity.32955 Ccrux.Trinity.32955, Calvadosia_cruxmelitensis_Ccrux.Trinity.32953 Ccrux.Trinity.32953, Calvadosia_cruxmelitensis_Ccrux.Trinity.32959 Ccrux.Trinity.32959, Calvadosia_cruxmelitensis_Ccrux.Trinity.32958 Ccrux.Trinity.32958, Calvadosia_cruxmelitensis_Ccrux.Trinity.32957 Ccrux.Trinity.32957	Nematostella_vectensis_NV2t022863003.1 NV2t022863003.1, Nematostella_vectensis_NV2t022863001.1 NV2t022863001.1, Nematostella_vectensis_NV2t022863002.1 NV2t022863002.1
OG0000002	Calvadosia_cruxmelitensis_Ccrux.Trinity.39956 Ccrux.Trinity.39956, Calvadosia_cruxmelitensis_Ccrux.Trinity.39954 Ccrux.Trinity.39954	Nematostella_vectensis_NV2t011502001.1 NV2t011502001.1
OG0000002	Calvadosia_cruxmelitensis_Ccrux.Trinity.58381 Ccrux.Trinity.58381, Calvadosia_cruxmelitensis_Ccrux.Trinity.64705 Ccrux.Trinity.64705	Nematostella_vectensis_NV2t016075001.1 NV2t016075001.1
OG0000002	Calvadosia_cruxmelitensis_Ccrux.Trinity.25901 Ccrux.Trinity.25901, Calvadosia_cruxmelitensis_Ccrux.Trinity.65483 Ccrux.Trinity.65483, Calvadosia_cruxmelitensis_Ccrux.Trinity.65484 Ccrux.Trinity.65484	Nematostella_vectensis_NV2t002146001.1 NV2t002146001.1
OG0000002	Calvadosia_cruxmelitensis_Ccrux.Trinity.59035 Ccrux.Trinity.59035	Nematostella_vectensis_NV2t002780001.1 NV2t002780001.1, Nematostella_vectensis_NV2t000737001.1 NV2t000737001.1
OG0000002	Calvadosia_cruxmelitensis_Ccrux.Trinity.71852 Ccrux.Trinity.71852	Nematostella_vectensis_NV2t014919003.1 NV2t014919003.1, Nematostella_vectensis_NV2t014919004.1 NV2t014919004.1, Nematostella_vectensis_NV2t014919005.1 NV2t014919005.1, Nematostella_vectensis_NV2t014919002.1 NV2t014919002.1, Nematostella_vectensis_NV2t014919001.1 NV2t014919001.1, Nematostella_vectensis_NV2t017429004.1 NV2t017429004.1, Nematostella_vectensis_NV2t017429002.1 NV2t017429002.1, Nematostella_vectensis_NV2t017421001.1 NV2t017421001.1, Nematostella_vectensis_NV2t025851002.1 NV2t025851002.1, Nematostella_vectensis_NV2t025847002.1 NV2t025847002.1, Nematostella_vectensis_NV2t025847001.1 NV2t025847001.1, Nematostella_vectensis_NV2t025851001.1 NV2t025851001.1, Nematostella_vectensis_NV2t017422001.1 NV2t017422001.1, Nematostella_vectensis_NV2t017429003.1 NV2t017429003.1, Nematostella_vectensis_NV2t002666001.1 NV2t002666001.1
OG0000002	Calvadosia_cruxmelitensis_Ccrux.Trinity.20192 Ccrux.Trinity.20192	Nematostella_vectensis_NV2t010733001.1 NV2t010733001.1
OG0000002	Calvadosia_cruxmelitensis_Ccrux.Trinity.32463 Ccrux.Trinity.32463, Calvadosia_cruxmelitensis_Ccrux.Trinity.32462 Ccrux.Trinity.32462, Calvadosia_cruxmelitensis_Ccrux.Trinity.32461 Ccrux.Trinity.32461, Calvadosia_cruxmelitensis_Ccrux.Trinity.32465 Ccrux.Trinity.32465	Nematostella_vectensis_NV2t011945001.1 NV2t011945001.1, Nematostella_vectensis_NV2t014005001.1 NV2t014005001.1
OG0000002	Calvadosia_cruxmelitensis_Ccrux.Trinity.66227 Ccrux.Trinity.66227, Calvadosia_cruxmelitensis_Ccrux.Trinity.9254 Ccrux.Trinity.9254	Nematostella_vectensis_NV2t025346001.1 NV2t025346001.1
OG0000003	Calvadosia_cruxmelitensis_Ccrux.Trinity.52176 Ccrux.Trinity.52176	Nematostella_vectensis_NV2t005851001.1 NV2t005851001.1, Nematostella_vectensis_NV2t014809001.1 NV2t014809001.1, Nematostella_vectensis_NV2t014808004.1 NV2t014808004.1, Nematostella_vectensis_NV2t014772001.1 NV2t014772001.1, Nematostella_vectensis_NV2t014808002.1 NV2t014808002.1
OG0000003	Calvadosia_cruxmelitensis_Ccrux.Trinity.16460 Ccrux.Trinity.16460, Calvadosia_cruxmelitensis_Ccrux.Trinity.16459 Ccrux.Trinity.16459, Calvadosia_cruxmelitensis_Ccrux.Trinity.16464 Ccrux.Trinity.16464, Calvadosia_cruxmelitensis_Ccrux.Trinity.16465 Ccrux.Trinity.16465, Calvadosia_cruxmelitensis_Ccrux.Trinity.16461 Ccrux.Trinity.16461	Nematostella_vectensis_NV2t012859002.1 NV2t012859002.1, Nematostella_vectensis_NV2t012859001.1 NV2t012859001.1
OG0000003	Calvadosia_cruxmelitensis_Ccrux.Trinity.72236 Ccrux.Trinity.72236, Calvadosia_cruxmelitensis_Ccrux.Trinity.60462 Ccrux.Trinity.60462	Nematostella_vectensis_NV2t008278001.1 NV2t008278001.1, Nematostella_vectensis_NV2t008276001.1 NV2t008276001.1, Nematostella_vectensis_NV2t008399001.1 NV2t008399001.1
OG0000003	Calvadosia_cruxmelitensis_Ccrux.Trinity.73549 Ccrux.Trinity.73549	Nematostella_vectensis_NV2t006897002.1 NV2t006897002.1, Nematostella_vectensis_NV2t013189001.1 NV2t013189001.1, Nematostella_vectensis_NV2t013189002.1 NV2t013189002.1
OG0000003	Calvadosia_cruxmelitensis_Ccrux.Trinity.62416 Ccrux.Trinity.62416	Nematostella_vectensis_NV2t012172001.1 NV2t012172001.1, Nematostella_vectensis_NV2t012165001.1 NV2t012165001.1
OG0000003	Calvadosia_cruxmelitensis_Ccrux.Trinity.8190 Ccrux.Trinity.8190, Calvadosia_cruxmelitensis_Ccrux.Trinity.8191 Ccrux.Trinity.8191	Nematostella_vectensis_NV2t021307001.1 NV2t021307001.1
OG0000003	Calvadosia_cruxmelitensis_Ccrux.Trinity.55921 Ccrux.Trinity.55921	Nematostella_vectensis_NV2t018585001.1 NV2t018585001.1, Nematostella_vectensis_NV2t018585002.1 NV2t018585002.1
OG0000003	Calvadosia_cruxmelitensis_Ccrux.Trinity.59074 Ccrux.Trinity.59074	Nematostella_vectensis_NV2t005928002.1 NV2t005928002.1, Nematostella_vectensis_NV2t018136001.1 NV2t018136001.1
OG0000003	Calvadosia_cruxmelitensis_Ccrux.Trinity.60980 Ccrux.Trinity.60980	Nematostella_vectensis_NV2t012173001.1 NV2t012173001.1
OG0000003	Calvadosia_cruxmelitensis_Ccrux.Trinity.15969 Ccrux.Trinity.15969	Nematostella_vectensis_NV2t015872001.1 NV2t015872001.1
OG0000003	Calvadosia_cruxmelitensis_Ccrux.Trinity.15495 Ccrux.Trinity.15495, Calvadosia_cruxmelitensis_Ccrux.Trinity.15496 Ccrux.Trinity.15496	Nematostella_vectensis_NV2t010392001.1 NV2t010392001.1, Nematostella_vectensis_NV2t010392002.1 NV2t010392002.1, Nematostella_vectensis_NV2t010392003.1 NV2t010392003.1, Nematostella_vectensis_NV2t010391001.1 NV2t010391001.1, Nematostella_vectensis_NV2t010390001.1 NV2t010390001.1, Nematostella_vectensis_NV2t010388001.1 NV2t010388001.1, Nematostella_vectensis_NV2t010388002.1 NV2t010388002.1
OG0000003	Calvadosia_cruxmelitensis_Ccrux.Trinity.72890 Ccrux.Trinity.72890	Nematostella_vectensis_NV2t019497001.1 NV2t019497001.1, Nematostella_vectensis_NV2t019497002.1 NV2t019497002.1
OG0000003	Calvadosia_cruxmelitensis_Ccrux.Trinity.3563 Ccrux.Trinity.3563, Calvadosia_cruxmelitensis_Ccrux.Trinity.3561 Ccrux.Trinity.3561, Calvadosia_cruxmelitensis_Ccrux.Trinity.3565 Ccrux.Trinity.3565	Nematostella_vectensis_NV2t025143001.1 NV2t025143001.1
OG0000003	Calvadosia_cruxmelitensis_Ccrux.Trinity.67573 Ccrux.Trinity.67573	Nematostella_vectensis_NV2t012181001.1 NV2t012181001.1
OG0000003	Calvadosia_cruxmelitensis_Ccrux.Trinity.74546 Ccrux.Trinity.74546, Calvadosia_cruxmelitensis_Ccrux.Trinity.24225 Ccrux.Trinity.24225	Nematostella_vectensis_NV2t003029001.1 NV2t003029001.1, Nematostella_vectensis_NV2t003028001.1 NV2t003028001.1
OG0000003	Calvadosia_cruxmelitensis_Ccrux.Trinity.16785 Ccrux.Trinity.16785	Nematostella_vectensis_NV2t020944001.1 NV2t020944001.1, Nematostella_vectensis_NV2t023776001.1 NV2t023776001.1, Nematostella_vectensis_NV2t023765001.1 NV2t023765001.1
OG0000004	Calvadosia_cruxmelitensis_Ccrux.Trinity.42202 Ccrux.Trinity.42202	Nematostella_vectensis_NV2t011509001.1 NV2t011509001.1, Nematostella_vectensis_NV2t011507001.1 NV2t011507001.1
OG0000004	Calvadosia_cruxmelitensis_Ccrux.Trinity.25633 Ccrux.Trinity.25633	Nematostella_vectensis_NV2t001610001.1 NV2t001610001.1, Nematostella_vectensis_NV2t001610003.1 NV2t001610003.1
OG0000004	Calvadosia_cruxmelitensis_Ccrux.Trinity.58799 Ccrux.Trinity.58799	Nematostella_vectensis_NV2t014432001.1 NV2t014432001.1, Nematostella_vectensis_NV2t014626001.1 NV2t014626001.1, Nematostella_vectensis_NV2t017029001.1 NV2t017029001.1
OG0000004	Calvadosia_cruxmelitensis_Ccrux.Trinity.69530 Ccrux.Trinity.69530	Nematostella_vectensis_NV2t021576001.1 NV2t021576001.1, Nematostella_vectensis_NV2t021577001.1 NV2t021577001.1, Nematostella_vectensis_NV2t021577002.1 NV2t021577002.1
OG0000004	Calvadosia_cruxmelitensis_Ccrux.Trinity.53258 Ccrux.Trinity.53258, Calvadosia_cruxmelitensis_Ccrux.Trinity.16828 Ccrux.Trinity.16828	Nematostella_vectensis_NV2t002229001.1 NV2t002229001.1, Nematostella_vectensis_NV2t002228001.1 NV2t002228001.1
OG0000004	Calvadosia_cruxmelitensis_Ccrux.Trinity.3830 Ccrux.Trinity.3830	Nematostella_vectensis_NV2t004934001.1 NV2t004934001.1
OG0000004	Calvadosia_cruxmelitensis_Ccrux.Trinity.9484 Ccrux.Trinity.9484	Nematostella_vectensis_NV2t008413001.1 NV2t008413001.1
OG0000004	Calvadosia_cruxmelitensis_Ccrux.Trinity.24893 Ccrux.Trinity.24893	Nematostella_vectensis_NV2t011625002.1 NV2t011625002.1, Nematostella_vectensis_NV2t011625001.1 NV2t011625001.1, Nematostella_vectensis_NV2t004921001.1 NV2t004921001.1, Nematostella_vectensis_NV2t004715001.1 NV2t004715001.1
OG0000004	Calvadosia_cruxmelitensis_Ccrux.Trinity.28659 Ccrux.Trinity.28659, Calvadosia_cruxmelitensis_Ccrux.Trinity.28658 Ccrux.Trinity.28658	Nematostella_vectensis_NV2t003144001.1 NV2t003144001.1
OG0000004	Calvadosia_cruxmelitensis_Ccrux.Trinity.63212 Ccrux.Trinity.63212	Nematostella_vectensis_NV2t004191001.1 NV2t004191001.1
OG0000004	Calvadosia_cruxmelitensis_Ccrux.Trinity.33371 Ccrux.Trinity.33371	Nematostella_vectensis_NV2t008636001.1 NV2t008636001.1, Nematostella_vectensis_NV2t008347001.1 NV2t008347001.1, Nematostella_vectensis_NV2t008347002.1 NV2t008347002.1
OG0000004	Calvadosia_cruxmelitensis_Ccrux.Trinity.41056 Ccrux.Trinity.41056, Calvadosia_cruxmelitensis_Ccrux.Trinity.41083 Ccrux.Trinity.41083, Calvadosia_cruxmelitensis_Ccrux.Trinity.41074 Ccrux.Trinity.41074, Calvadosia_cruxmelitensis_Ccrux.Trinity.41080 Ccrux.Trinity.41080, Calvadosia_cruxmelitensis_Ccrux.Trinity.41065 Ccrux.Trinity.41065, Calvadosia_cruxmelitensis_Ccrux.Trinity.41060 Ccrux.Trinity.41060, Calvadosia_cruxmelitensis_Ccrux.Trinity.41047 Ccrux.Trinity.41047	Nematostella_vectensis_NV2t023593001.1 NV2t023593001.1
OG0000004	Calvadosia_cruxmelitensis_Ccrux.Trinity.9483 Ccrux.Trinity.9483	Nematostella_vectensis_NV2t023594001.1 NV2t023594001.1
OG0000005	Calvadosia_cruxmelitensis_Ccrux.Trinity.5034 Ccrux.Trinity.5034, Calvadosia_cruxmelitensis_Ccrux.Trinity.9020 Ccrux.Trinity.9020, Calvadosia_cruxmelitensis_Ccrux.Trinity.63285 Ccrux.Trinity.63285	Nematostella_vectensis_NV2t021687001.1 NV2t021687001.1, Nematostella_vectensis_NV2t021684001.1 NV2t021684001.1
OG0000005	Calvadosia_cruxmelitensis_Ccrux.Trinity.56607 Ccrux.Trinity.56607	Nematostella_vectensis_NV2t008552001.1 NV2t008552001.1, Nematostella_vectensis_NV2t008552002.1 NV2t008552002.1, Nematostella_vectensis_NV2t008552003.1 NV2t008552003.1
OG0000005	Calvadosia_cruxmelitensis_Ccrux.Trinity.65603 Ccrux.Trinity.65603	Nematostella_vectensis_NV2t016729001.1 NV2t016729001.1, Nematostella_vectensis_NV2t016730001.1 NV2t016730001.1, Nematostella_vectensis_NV2t015011001.1 NV2t015011001.1, Nematostella_vectensis_NV2t023859001.1 NV2t023859001.1, Nematostella_vectensis_NV2t013745004.1 NV2t013745004.1, Nematostella_vectensis_NV2t013745003.1 NV2t013745003.1, Nematostella_vectensis_NV2t013745002.1 NV2t013745002.1, Nematostella_vectensis_NV2t013745001.1 NV2t013745001.1, Nematostella_vectensis_NV2t013745005.1 NV2t013745005.1, Nematostella_vectensis_NV2t013749001.1 NV2t013749001.1, Nematostella_vectensis_NV2t023064002.1 NV2t023064002.1, Nematostella_vectensis_NV2t023064001.1 NV2t023064001.1
OG0000005	Calvadosia_cruxmelitensis_Ccrux.Trinity.18101 Ccrux.Trinity.18101	Nematostella_vectensis_NV2t011168001.1 NV2t011168001.1, Nematostella_vectensis_NV2t011169001.1 NV2t011169001.1, Nematostella_vectensis_NV2t017332001.1 NV2t017332001.1, Nematostella_vectensis_NV2t017332003.1 NV2t017332003.1, Nematostella_vectensis_NV2t017332002.1 NV2t017332002.1
OG0000005	Calvadosia_cruxmelitensis_Ccrux.Trinity.65291 Ccrux.Trinity.65291	Nematostella_vectensis_NV2t005141004.1 NV2t005141004.1, Nematostella_vectensis_NV2t005141003.1 NV2t005141003.1, Nematostella_vectensis_NV2t005141001.1 NV2t005141001.1, Nematostella_vectensis_NV2t005141005.1 NV2t005141005.1, Nematostella_vectensis_NV2t005141002.1 NV2t005141002.1, Nematostella_vectensis_NV2t005152001.1 NV2t005152001.1
OG0000005	Calvadosia_cruxmelitensis_Ccrux.Trinity.5896 Ccrux.Trinity.5896, Calvadosia_cruxmelitensis_Ccrux.Trinity.5895 Ccrux.Trinity.5895	Nematostella_vectensis_NV2t006019001.1 NV2t006019001.1, Nematostella_vectensis_NV2t005698001.1 NV2t005698001.1
OG0000005	Calvadosia_cruxmelitensis_Ccrux.Trinity.14047 Ccrux.Trinity.14047, Calvadosia_cruxmelitensis_Ccrux.Trinity.66086 Ccrux.Trinity.66086, Calvadosia_cruxmelitensis_Ccrux.Trinity.10989 Ccrux.Trinity.10989, Calvadosia_cruxmelitensis_Ccrux.Trinity.26639 Ccrux.Trinity.26639, Calvadosia_cruxmelitensis_Ccrux.Trinity.26633 Ccrux.Trinity.26633, Calvadosia_cruxmelitensis_Ccrux.Trinity.26635 Ccrux.Trinity.26635, Calvadosia_cruxmelitensis_Ccrux.Trinity.26647 Ccrux.Trinity.26647, Calvadosia_cruxmelitensis_Ccrux.Trinity.26641 Ccrux.Trinity.26641, Calvadosia_cruxmelitensis_Ccrux.Trinity.11511 Ccrux.Trinity.11511	Nematostella_vectensis_NV2t025961001.1 NV2t025961001.1, Nematostella_vectensis_NV2t020639001.1 NV2t020639001.1, Nematostella_vectensis_NV2t020640001.1 NV2t020640001.1, Nematostella_vectensis_NV2t020641001.1 NV2t020641001.1, Nematostella_vectensis_NV2t020641004.1 NV2t020641004.1, Nematostella_vectensis_NV2t020641005.1 NV2t020641005.1, Nematostella_vectensis_NV2t020641003.1 NV2t020641003.1, Nematostella_vectensis_NV2t020641002.1 NV2t020641002.1
OG0000005	Calvadosia_cruxmelitensis_Ccrux.Trinity.15917 Ccrux.Trinity.15917	Nematostella_vectensis_NV2t015018001.1 NV2t015018001.1, Nematostella_vectensis_NV2t014862004.1 NV2t014862004.1, Nematostella_vectensis_NV2t013368001.1 NV2t013368001.1
OG0000005	Calvadosia_cruxmelitensis_Ccrux.Trinity.52298 Ccrux.Trinity.52298, Calvadosia_cruxmelitensis_Ccrux.Trinity.19787 Ccrux.Trinity.19787	Nematostella_vectensis_NV2t003953001.1 NV2t003953001.1
OG0000005	Calvadosia_cruxmelitensis_Ccrux.Trinity.59261 Ccrux.Trinity.59261, Calvadosia_cruxmelitensis_Ccrux.Trinity.14400 Ccrux.Trinity.14400, Calvadosia_cruxmelitensis_Ccrux.Trinity.17343 Ccrux.Trinity.17343, Calvadosia_cruxmelitensis_Ccrux.Trinity.17344 Ccrux.Trinity.17344, Calvadosia_cruxmelitensis_Ccrux.Trinity.17342 Ccrux.Trinity.17342	Nematostella_vectensis_NV2t018104001.1 NV2t018104001.1
OG0000006	Calvadosia_cruxmelitensis_Ccrux.Trinity.51861 Ccrux.Trinity.51861	Nematostella_vectensis_NV2t024979002.1 NV2t024979002.1, Nematostella_vectensis_NV2t024979003.1 NV2t024979003.1, Nematostella_vectensis_NV2t024979001.1 NV2t024979001.1, Nematostella_vectensis_NV2t025124001.1 NV2t025124001.1, Nematostella_vectensis_NV2t020926001.1 NV2t020926001.1
OG0000006	Calvadosia_cruxmelitensis_Ccrux.Trinity.45666 Ccrux.Trinity.45666, Calvadosia_cruxmelitensis_Ccrux.Trinity.45665 Ccrux.Trinity.45665, Calvadosia_cruxmelitensis_Ccrux.Trinity.45664 Ccrux.Trinity.45664	Nematostella_vectensis_NV2t003560001.1 NV2t003560001.1
OG0000006	Calvadosia_cruxmelitensis_Ccrux.Trinity.43303 Ccrux.Trinity.43303, Calvadosia_cruxmelitensis_Ccrux.Trinity.12212 Ccrux.Trinity.12212, Calvadosia_cruxmelitensis_Ccrux.Trinity.12211 Ccrux.Trinity.12211, Calvadosia_cruxmelitensis_Ccrux.Trinity.62582 Ccrux.Trinity.62582, Calvadosia_cruxmelitensis_Ccrux.Trinity.5644 Ccrux.Trinity.5644, Calvadosia_cruxmelitensis_Ccrux.Trinity.5643 Ccrux.Trinity.5643	Nematostella_vectensis_NV2t003792001.1 NV2t003792001.1, Nematostella_vectensis_NV2t003300001.1 NV2t003300001.1
OG0000006	Calvadosia_cruxmelitensis_Ccrux.Trinity.46513 Ccrux.Trinity.46513, Calvadosia_cruxmelitensis_Ccrux.Trinity.46509 Ccrux.Trinity.46509	Nematostella_vectensis_NV2t025727002.1 NV2t025727002.1, Nematostella_vectensis_NV2t025727001.1 NV2t025727001.1, Nematostella_vectensis_NV2t025725003.1 NV2t025725003.1, Nematostella_vectensis_NV2t025725002.1 NV2t025725002.1, Nematostella_vectensis_NV2t025725001.1 NV2t025725001.1, Nematostella_vectensis_NV2t025725006.1 NV2t025725006.1, Nematostella_vectensis_NV2t025725005.1 NV2t025725005.1, Nematostella_vectensis_NV2t025725004.1 NV2t025725004.1, Nematostella_vectensis_NV2t025724001.1 NV2t025724001.1, Nematostella_vectensis_NV2t025722001.1 NV2t025722001.1
OG0000006	Calvadosia_cruxmelitensis_Ccrux.Trinity.16427 Ccrux.Trinity.16427	Nematostella_vectensis_NV2t011255001.1 NV2t011255001.1
OG0000007	Calvadosia_cruxmelitensis_Ccrux.Trinity.48645 Ccrux.Trinity.48645	Nematostella_vectensis_NV2t003396003.1 NV2t003396003.1, Nematostella_vectensis_NV2t003396001.1 NV2t003396001.1
OG0000008	Calvadosia_cruxmelitensis_Ccrux.Trinity.12174 Ccrux.Trinity.12174	Nematostella_vectensis_NV2t005910001.1 NV2t005910001.1
OG0000008	Calvadosia_cruxmelitensis_Ccrux.Trinity.11107 Ccrux.Trinity.11107	Nematostella_vectensis_NV2t010691004.1 NV2t010691004.1, Nematostella_vectensis_NV2t023073001.1 NV2t023073001.1
OG0000008	Calvadosia_cruxmelitensis_Ccrux.Trinity.12214 Ccrux.Trinity.12214	Nematostella_vectensis_NV2t013003001.1 NV2t013003001.1
OG0000008	Calvadosia_cruxmelitensis_Ccrux.Trinity.69924 Ccrux.Trinity.69924	Nematostella_vectensis_NV2t017145002.1 NV2t017145002.1
OG0000008	Calvadosia_cruxmelitensis_Ccrux.Trinity.56264 Ccrux.Trinity.56264	Nematostella_vectensis_NV2t017065001.1 NV2t017065001.1, Nematostella_vectensis_NV2t017065002.1 NV2t017065002.1
OG0000008	Calvadosia_cruxmelitensis_Ccrux.Trinity.19278 Ccrux.Trinity.19278	Nematostella_vectensis_NV2t023399001.1 NV2t023399001.1
OG0000008	Calvadosia_cruxmelitensis_Ccrux.Trinity.73451 Ccrux.Trinity.73451	Nematostella_vectensis_NV2t005917001.1 NV2t005917001.1
OG0000008	Calvadosia_cruxmelitensis_Ccrux.Trinity.67324 Ccrux.Trinity.67324	Nematostella_vectensis_NV2t006441001.1 NV2t006441001.1
OG0000008	Calvadosia_cruxmelitensis_Ccrux.Trinity.57757 Ccrux.Trinity.57757	Nematostella_vectensis_NV2t006439001.1 NV2t006439001.1
OG0000008	Calvadosia_cruxmelitensis_Ccrux.Trinity.56901 Ccrux.Trinity.56901	Nematostella_vectensis_NV2t006022001.1 NV2t006022001.1, Nematostella_vectensis_NV2t006021001.1 NV2t006021001.1, Nematostella_vectensis_NV2t005918001.1 NV2t005918001.1, Nematostella_vectensis_NV2t005918002.1 NV2t005918002.1
OG0000008	Calvadosia_cruxmelitensis_Ccrux.Trinity.8389 Ccrux.Trinity.8389, Calvadosia_cruxmelitensis_Ccrux.Trinity.66463 Ccrux.Trinity.66463	Nematostella_vectensis_NV2t005916001.1 NV2t005916001.1
OG0000008	Calvadosia_cruxmelitensis_Ccrux.Trinity.5957 Ccrux.Trinity.5957	Nematostella_vectensis_NV2t006444001.1 NV2t006444001.1
OG0000008	Calvadosia_cruxmelitensis_Ccrux.Trinity.20542 Ccrux.Trinity.20542, Calvadosia_cruxmelitensis_Ccrux.Trinity.31245 Ccrux.Trinity.31245	Nematostella_vectensis_NV2t024543001.1 NV2t024543001.1, Nematostella_vectensis_NV2t021526001.1 NV2t021526001.1, Nematostella_vectensis_NV2t003407001.1 NV2t003407001.1
OG0000008	Calvadosia_cruxmelitensis_Ccrux.Trinity.11745 Ccrux.Trinity.11745, Calvadosia_cruxmelitensis_Ccrux.Trinity.11744 Ccrux.Trinity.11744	Nematostella_vectensis_NV2t025661003.1 NV2t025661003.1, Nematostella_vectensis_NV2t025661002.1 NV2t025661002.1, Nematostella_vectensis_NV2t025659003.1 NV2t025659003.1, Nematostella_vectensis_NV2t025659001.1 NV2t025659001.1, Nematostella_vectensis_NV2t025659004.1 NV2t025659004.1, Nematostella_vectensis_NV2t025659002.1 NV2t025659002.1, Nematostella_vectensis_NV2t025658001.1 NV2t025658001.1
OG0000008	Calvadosia_cruxmelitensis_Ccrux.Trinity.59185 Ccrux.Trinity.59185	Nematostella_vectensis_NV2t005960001.1 NV2t005960001.1, Nematostella_vectensis_NV2t005962001.1 NV2t005962001.1, Nematostella_vectensis_NV2t023650001.1 NV2t023650001.1, Nematostella_vectensis_NV2t015698001.1 NV2t015698001.1, Nematostella_vectensis_NV2t015715001.1 NV2t015715001.1, Nematostella_vectensis_NV2t015716001.1 NV2t015716001.1, Nematostella_vectensis_NV2t010691006.1 NV2t010691006.1, Nematostella_vectensis_NV2t010691005.1 NV2t010691005.1, Nematostella_vectensis_NV2t010691003.1 NV2t010691003.1, Nematostella_vectensis_NV2t010691007.1 NV2t010691007.1, Nematostella_vectensis_NV2t010691001.1 NV2t010691001.1, Nematostella_vectensis_NV2t010691002.1 NV2t010691002.1
OG0000008	Calvadosia_cruxmelitensis_Ccrux.Trinity.60091 Ccrux.Trinity.60091	Nematostella_vectensis_NV2t019209001.1 NV2t019209001.1
OG0000008	Calvadosia_cruxmelitensis_Ccrux.Trinity.43250 Ccrux.Trinity.43250, Calvadosia_cruxmelitensis_Ccrux.Trinity.7428 Ccrux.Trinity.7428, Calvadosia_cruxmelitensis_Ccrux.Trinity.21832 Ccrux.Trinity.21832	Nematostella_vectensis_NV2t024285001.1 NV2t024285001.1, Nematostella_vectensis_NV2t024286001.1 NV2t024286001.1, Nematostella_vectensis_NV2t013001001.1 NV2t013001001.1
OG0000008	Calvadosia_cruxmelitensis_Ccrux.Trinity.73081 Ccrux.Trinity.73081	Nematostella_vectensis_NV2t022145001.1 NV2t022145001.1, Nematostella_vectensis_NV2t006034001.1 NV2t006034001.1
OG0000008	Calvadosia_cruxmelitensis_Ccrux.Trinity.63801 Ccrux.Trinity.63801	Nematostella_vectensis_NV2t010370001.1 NV2t010370001.1, Nematostella_vectensis_NV2t010398001.1 NV2t010398001.1, Nematostella_vectensis_NV2t010398002.1 NV2t010398002.1
OG0000009	Calvadosia_cruxmelitensis_Ccrux.Trinity.57470 Ccrux.Trinity.57470	Nematostella_vectensis_NV2t013293002.1 NV2t013293002.1, Nematostella_vectensis_NV2t013293001.1 NV2t013293001.1
OG0000009	Calvadosia_cruxmelitensis_Ccrux.Trinity.64953 Ccrux.Trinity.64953	Nematostella_vectensis_NV2t021954001.1 NV2t021954001.1
OG0000009	Calvadosia_cruxmelitensis_Ccrux.Trinity.21187 Ccrux.Trinity.21187, Calvadosia_cruxmelitensis_Ccrux.Trinity.21188 Ccrux.Trinity.21188, Calvadosia_cruxmelitensis_Ccrux.Trinity.21184 Ccrux.Trinity.21184	Nematostella_vectensis_NV2t014830001.1 NV2t014830001.1, Nematostella_vectensis_NV2t014830002.1 NV2t014830002.1, Nematostella_vectensis_NV2t014356001.1 NV2t014356001.1
OG0000009	Calvadosia_cruxmelitensis_Ccrux.Trinity.66832 Ccrux.Trinity.66832, Calvadosia_cruxmelitensis_Ccrux.Trinity.67770 Ccrux.Trinity.67770	Nematostella_vectensis_NV2t014699001.1 NV2t014699001.1
OG0000009	Calvadosia_cruxmelitensis_Ccrux.Trinity.70271 Ccrux.Trinity.70271, Calvadosia_cruxmelitensis_Ccrux.Trinity.68255 Ccrux.Trinity.68255	Nematostella_vectensis_NV2t003169001.1 NV2t003169001.1
OG0000009	Calvadosia_cruxmelitensis_Ccrux.Trinity.37263 Ccrux.Trinity.37263, Calvadosia_cruxmelitensis_Ccrux.Trinity.37262 Ccrux.Trinity.37262	Nematostella_vectensis_NV2t003625001.1 NV2t003625001.1, Nematostella_vectensis_NV2t005224001.1 NV2t005224001.1, Nematostella_vectensis_NV2t002814001.1 NV2t002814001.1, Nematostella_vectensis_NV2t003167001.1 NV2t003167001.1, Nematostella_vectensis_NV2t003167002.1 NV2t003167002.1, Nematostella_vectensis_NV2t003698001.1 NV2t003698001.1, Nematostella_vectensis_NV2t003699001.1 NV2t003699001.1, Nematostella_vectensis_NV2t003699002.1 NV2t003699002.1, Nematostella_vectensis_NV2t003699003.1 NV2t003699003.1, Nematostella_vectensis_NV2t014373001.1 NV2t014373001.1
OG0000009	Calvadosia_cruxmelitensis_Ccrux.Trinity.34947 Ccrux.Trinity.34947, Calvadosia_cruxmelitensis_Ccrux.Trinity.34956 Ccrux.Trinity.34956, Calvadosia_cruxmelitensis_Ccrux.Trinity.34949 Ccrux.Trinity.34949	Nematostella_vectensis_NV2t001391003.1 NV2t001391003.1, Nematostella_vectensis_NV2t001391002.1 NV2t001391002.1, Nematostella_vectensis_NV2t001391001.1 NV2t001391001.1
OG0000010	Calvadosia_cruxmelitensis_Ccrux.Trinity.16979 Ccrux.Trinity.16979	Nematostella_vectensis_NV2t014905001.1 NV2t014905001.1, Nematostella_vectensis_NV2t014905002.1 NV2t014905002.1, Nematostella_vectensis_NV2t014905003.1 NV2t014905003.1
OG0000010	Calvadosia_cruxmelitensis_Ccrux.Trinity.42984 Ccrux.Trinity.42984, Calvadosia_cruxmelitensis_Ccrux.Trinity.42985 Ccrux.Trinity.42985, Calvadosia_cruxmelitensis_Ccrux.Trinity.42982 Ccrux.Trinity.42982	Nematostella_vectensis_NV2t021353001.1 NV2t021353001.1, Nematostella_vectensis_NV2t021353003.1 NV2t021353003.1
OG0000010	Calvadosia_cruxmelitensis_Ccrux.Trinity.43634 Ccrux.Trinity.43634	Nematostella_vectensis_NV2t025565001.1 NV2t025565001.1
OG0000010	Calvadosia_cruxmelitensis_Ccrux.Trinity.34801 Ccrux.Trinity.34801, Calvadosia_cruxmelitensis_Ccrux.Trinity.34794 Ccrux.Trinity.34794, Calvadosia_cruxmelitensis_Ccrux.Trinity.34809 Ccrux.Trinity.34809	Nematostella_vectensis_NV2t024790001.1 NV2t024790001.1
OG0000010	Calvadosia_cruxmelitensis_Ccrux.Trinity.8581 Ccrux.Trinity.8581	Nematostella_vectensis_NV2t023125001.1 NV2t023125001.1
OG0000010	Calvadosia_cruxmelitensis_Ccrux.Trinity.58517 Ccrux.Trinity.58517, Calvadosia_cruxmelitensis_Ccrux.Trinity.57575 Ccrux.Trinity.57575	Nematostella_vectensis_NV2t006047001.1 NV2t006047001.1
OG0000010	Calvadosia_cruxmelitensis_Ccrux.Trinity.36547 Ccrux.Trinity.36547, Calvadosia_cruxmelitensis_Ccrux.Trinity.36546 Ccrux.Trinity.36546	Nematostella_vectensis_NV2t000707001.1 NV2t000707001.1
OG0000010	Calvadosia_cruxmelitensis_Ccrux.Trinity.67054 Ccrux.Trinity.67054	Nematostella_vectensis_NV2t013423001.1 NV2t013423001.1, Nematostella_vectensis_NV2t013522001.1 NV2t013522001.1, Nematostella_vectensis_NV2t014043001.1 NV2t014043001.1, Nematostella_vectensis_NV2t014046006.1 NV2t014046006.1, Nematostella_vectensis_NV2t014046005.1 NV2t014046005.1, Nematostella_vectensis_NV2t014092001.1 NV2t014092001.1, Nematostella_vectensis_NV2t014093001.1 NV2t014093001.1
OG0000010	Calvadosia_cruxmelitensis_Ccrux.Trinity.6213 Ccrux.Trinity.6213, Calvadosia_cruxmelitensis_Ccrux.Trinity.6216 Ccrux.Trinity.6216	Nematostella_vectensis_NV2t023832001.1 NV2t023832001.1
OG0000011	Calvadosia_cruxmelitensis_Ccrux.Trinity.20207 Ccrux.Trinity.20207	Nematostella_vectensis_NV2t012077002.1 NV2t012077002.1, Nematostella_vectensis_NV2t006768001.1 NV2t006768001.1
OG0000012	Calvadosia_cruxmelitensis_Ccrux.Trinity.17540 Ccrux.Trinity.17540	Nematostella_vectensis_NV2t012902001.1 NV2t012902001.1
OG0000012	Calvadosia_cruxmelitensis_Ccrux.Trinity.71725 Ccrux.Trinity.71725	Nematostella_vectensis_NV2t012730001.1 NV2t012730001.1
OG0000012	Calvadosia_cruxmelitensis_Ccrux.Trinity.22673 Ccrux.Trinity.22673, Calvadosia_cruxmelitensis_Ccrux.Trinity.22674 Ccrux.Trinity.22674, Calvadosia_cruxmelitensis_Ccrux.Trinity.24156 Ccrux.Trinity.24156	Nematostella_vectensis_NV2t019905001.1 NV2t019905001.1
OG0000013	Calvadosia_cruxmelitensis_Ccrux.Trinity.5481 Ccrux.Trinity.5481	Nematostella_vectensis_NV2t002707001.1 NV2t002707001.1
OG0000013	Calvadosia_cruxmelitensis_Ccrux.Trinity.15441 Ccrux.Trinity.15441, Calvadosia_cruxmelitensis_Ccrux.Trinity.15442 Ccrux.Trinity.15442	Nematostella_vectensis_NV2t023407003.1 NV2t023407003.1, Nematostella_vectensis_NV2t023407002.1 NV2t023407002.1, Nematostella_vectensis_NV2t023407001.1 NV2t023407001.1
OG0000013	Calvadosia_cruxmelitensis_Ccrux.Trinity.12887 Ccrux.Trinity.12887, Calvadosia_cruxmelitensis_Ccrux.Trinity.12891 Ccrux.Trinity.12891, Calvadosia_cruxmelitensis_Ccrux.Trinity.12894 Ccrux.Trinity.12894	Nematostella_vectensis_NV2t011033001.1 NV2t011033001.1
OG0000013	Calvadosia_cruxmelitensis_Ccrux.Trinity.69596 Ccrux.Trinity.69596, Calvadosia_cruxmelitensis_Ccrux.Trinity.69595 Ccrux.Trinity.69595	Nematostella_vectensis_NV2t012225001.1 NV2t012225001.1
OG0000013	Calvadosia_cruxmelitensis_Ccrux.Trinity.52696 Ccrux.Trinity.52696, Calvadosia_cruxmelitensis_Ccrux.Trinity.52694 Ccrux.Trinity.52694	Nematostella_vectensis_NV2t012463001.1 NV2t012463001.1
OG0000013	Calvadosia_cruxmelitensis_Ccrux.Trinity.55161 Ccrux.Trinity.55161, Calvadosia_cruxmelitensis_Ccrux.Trinity.14159 Ccrux.Trinity.14159	Nematostella_vectensis_NV2t022664005.1 NV2t022664005.1, Nematostella_vectensis_NV2t022664004.1 NV2t022664004.1, Nematostella_vectensis_NV2t022664001.1 NV2t022664001.1, Nematostella_vectensis_NV2t022664003.1 NV2t022664003.1, Nematostella_vectensis_NV2t022664006.1 NV2t022664006.1, Nematostella_vectensis_NV2t022664002.1 NV2t022664002.1
OG0000013	Calvadosia_cruxmelitensis_Ccrux.Trinity.26518 Ccrux.Trinity.26518, Calvadosia_cruxmelitensis_Ccrux.Trinity.26520 Ccrux.Trinity.26520, Calvadosia_cruxmelitensis_Ccrux.Trinity.26523 Ccrux.Trinity.26523	Nematostella_vectensis_NV2t003609002.1 NV2t003609002.1, Nematostella_vectensis_NV2t003609001.1 NV2t003609001.1
OG0000013	Calvadosia_cruxmelitensis_Ccrux.Trinity.65958 Ccrux.Trinity.65958	Nematostella_vectensis_NV2t003168003.1 NV2t003168003.1, Nematostella_vectensis_NV2t003168001.1 NV2t003168001.1, Nematostella_vectensis_NV2t003168002.1 NV2t003168002.1
OG0000013	Calvadosia_cruxmelitensis_Ccrux.Trinity.5191 Ccrux.Trinity.5191	Nematostella_vectensis_NV2t003689001.1 NV2t003689001.1, Nematostella_vectensis_NV2t004522001.1 NV2t004522001.1, Nematostella_vectensis_NV2t005661001.1 NV2t005661001.1
OG0000014	Calvadosia_cruxmelitensis_Ccrux.Trinity.18676 Ccrux.Trinity.18676, Calvadosia_cruxmelitensis_Ccrux.Trinity.18675 Ccrux.Trinity.18675, Calvadosia_cruxmelitensis_Ccrux.Trinity.18677 Ccrux.Trinity.18677	Nematostella_vectensis_NV2t022999001.1 NV2t022999001.1
OG0000014	Calvadosia_cruxmelitensis_Ccrux.Trinity.32441 Ccrux.Trinity.32441, Calvadosia_cruxmelitensis_Ccrux.Trinity.32444 Ccrux.Trinity.32444, Calvadosia_cruxmelitensis_Ccrux.Trinity.32433 Ccrux.Trinity.32433, Calvadosia_cruxmelitensis_Ccrux.Trinity.32425 Ccrux.Trinity.32425, Calvadosia_cruxmelitensis_Ccrux.Trinity.32411 Ccrux.Trinity.32411, Calvadosia_cruxmelitensis_Ccrux.Trinity.32439 Ccrux.Trinity.32439, Calvadosia_cruxmelitensis_Ccrux.Trinity.32432 Ccrux.Trinity.32432, Calvadosia_cruxmelitensis_Ccrux.Trinity.32426 Ccrux.Trinity.32426, Calvadosia_cruxmelitensis_Ccrux.Trinity.32445 Ccrux.Trinity.32445	Nematostella_vectensis_NV2t024253001.1 NV2t024253001.1
OG0000014	Calvadosia_cruxmelitensis_Ccrux.Trinity.6999 Ccrux.Trinity.6999, Calvadosia_cruxmelitensis_Ccrux.Trinity.7004 Ccrux.Trinity.7004, Calvadosia_cruxmelitensis_Ccrux.Trinity.7007 Ccrux.Trinity.7007	Nematostella_vectensis_NV2t023275001.1 NV2t023275001.1
OG0000014	Calvadosia_cruxmelitensis_Ccrux.Trinity.9543 Ccrux.Trinity.9543	Nematostella_vectensis_NV2t020821001.1 NV2t020821001.1
OG0000014	Calvadosia_cruxmelitensis_Ccrux.Trinity.40003 Ccrux.Trinity.40003, Calvadosia_cruxmelitensis_Ccrux.Trinity.39999 Ccrux.Trinity.39999, Calvadosia_cruxmelitensis_Ccrux.Trinity.40000 Ccrux.Trinity.40000, Calvadosia_cruxmelitensis_Ccrux.Trinity.40004 Ccrux.Trinity.40004, Calvadosia_cruxmelitensis_Ccrux.Trinity.40001 Ccrux.Trinity.40001, Calvadosia_cruxmelitensis_Ccrux.Trinity.40006 Ccrux.Trinity.40006, Calvadosia_cruxmelitensis_Ccrux.Trinity.40002 Ccrux.Trinity.40002	Nematostella_vectensis_NV2t000088001.1 NV2t000088001.1, Nematostella_vectensis_NV2t000087001.1 NV2t000087001.1
OG0000014	Calvadosia_cruxmelitensis_Ccrux.Trinity.13837 Ccrux.Trinity.13837, Calvadosia_cruxmelitensis_Ccrux.Trinity.13838 Ccrux.Trinity.13838, Calvadosia_cruxmelitensis_Ccrux.Trinity.13836 Ccrux.Trinity.13836, Calvadosia_cruxmelitensis_Ccrux.Trinity.2396 Ccrux.Trinity.2396	Nematostella_vectensis_NV2t025184002.1 NV2t025184002.1, Nematostella_vectensis_NV2t025184001.1 NV2t025184001.1
OG0000014	Calvadosia_cruxmelitensis_Ccrux.Trinity.43564 Ccrux.Trinity.43564, Calvadosia_cruxmelitensis_Ccrux.Trinity.43567 Ccrux.Trinity.43567, Calvadosia_cruxmelitensis_Ccrux.Trinity.43570 Ccrux.Trinity.43570, Calvadosia_cruxmelitensis_Ccrux.Trinity.44 Ccrux.Trinity.44	Nematostella_vectensis_NV2t022459002.1 NV2t022459002.1, Nematostella_vectensis_NV2t022459001.1 NV2t022459001.1, Nematostella_vectensis_NV2t021229001.1 NV2t021229001.1, Nematostella_vectensis_NV2t022465001.1 NV2t022465001.1, Nematostella_vectensis_NV2t021631001.1 NV2t021631001.1, Nematostella_vectensis_NV2t021630001.1 NV2t021630001.1, Nematostella_vectensis_NV2t021635001.1 NV2t021635001.1, Nematostella_vectensis_NV2t021636001.1 NV2t021636001.1, Nematostella_vectensis_NV2t021230001.1 NV2t021230001.1, Nematostella_vectensis_NV2t021638002.1 NV2t021638002.1, Nematostella_vectensis_NV2t021638001.1 NV2t021638001.1, Nematostella_vectensis_NV2t001124001.1 NV2t001124001.1, Nematostella_vectensis_NV2t001120001.1 NV2t001120001.1, Nematostella_vectensis_NV2t001123004.1 NV2t001123004.1, Nematostella_vectensis_NV2t001123002.1 NV2t001123002.1, Nematostella_vectensis_NV2t001123005.1 NV2t001123005.1, Nematostella_vectensis_NV2t001123003.1 NV2t001123003.1, Nematostella_vectensis_NV2t024070001.1 NV2t024070001.1
OG0000015	Calvadosia_cruxmelitensis_Ccrux.Trinity.883 Ccrux.Trinity.883	Nematostella_vectensis_NV2t012863002.1 NV2t012863002.1, Nematostella_vectensis_NV2t012863001.1 NV2t012863001.1, Nematostella_vectensis_NV2t012864001.1 NV2t012864001.1
OG0000015	Calvadosia_cruxmelitensis_Ccrux.Trinity.70523 Ccrux.Trinity.70523	Nematostella_vectensis_NV2t012183001.1 NV2t012183001.1, Nematostella_vectensis_NV2t011069001.1 NV2t011069001.1, Nematostella_vectensis_NV2t011632001.1 NV2t011632001.1, Nematostella_vectensis_NV2t011345005.1 NV2t011345005.1, Nematostella_vectensis_NV2t011345001.1 NV2t011345001.1, Nematostella_vectensis_NV2t011345002.1 NV2t011345002.1, Nematostella_vectensis_NV2t011345004.1 NV2t011345004.1, Nematostella_vectensis_NV2t011345003.1 NV2t011345003.1
OG0000016	Calvadosia_cruxmelitensis_Ccrux.Trinity.25184 Ccrux.Trinity.25184, Calvadosia_cruxmelitensis_Ccrux.Trinity.25182 Ccrux.Trinity.25182, Calvadosia_cruxmelitensis_Ccrux.Trinity.6474 Ccrux.Trinity.6474	Nematostella_vectensis_NV2t020475001.1 NV2t020475001.1
OG0000016	Calvadosia_cruxmelitensis_Ccrux.Trinity.74105 Ccrux.Trinity.74105	Nematostella_vectensis_NV2t000808001.1 NV2t000808001.1
OG0000016	Calvadosia_cruxmelitensis_Ccrux.Trinity.826 Ccrux.Trinity.826, Calvadosia_cruxmelitensis_Ccrux.Trinity.825 Ccrux.Trinity.825, Calvadosia_cruxmelitensis_Ccrux.Trinity.41542 Ccrux.Trinity.41542, Calvadosia_cruxmelitensis_Ccrux.Trinity.41540 Ccrux.Trinity.41540, Calvadosia_cruxmelitensis_Ccrux.Trinity.41543 Ccrux.Trinity.41543, Calvadosia_cruxmelitensis_Ccrux.Trinity.41541 Ccrux.Trinity.41541, Calvadosia_cruxmelitensis_Ccrux.Trinity.66430 Ccrux.Trinity.66430, Calvadosia_cruxmelitensis_Ccrux.Trinity.60593 Ccrux.Trinity.60593	Nematostella_vectensis_NV2t014820001.1 NV2t014820001.1, Nematostella_vectensis_NV2t014297001.1 NV2t014297001.1, Nematostella_vectensis_NV2t019316003.1 NV2t019316003.1, Nematostella_vectensis_NV2t019316002.1 NV2t019316002.1, Nematostella_vectensis_NV2t010833003.1 NV2t010833003.1, Nematostella_vectensis_NV2t010833002.1 NV2t010833002.1, Nematostella_vectensis_NV2t010833001.1 NV2t010833001.1, Nematostella_vectensis_NV2t008027001.1 NV2t008027001.1, Nematostella_vectensis_NV2t008027002.1 NV2t008027002.1, Nematostella_vectensis_NV2t003582001.1 NV2t003582001.1, Nematostella_vectensis_NV2t001647001.1 NV2t001647001.1, Nematostella_vectensis_NV2t003581001.1 NV2t003581001.1, Nematostella_vectensis_NV2t008375002.1 NV2t008375002.1, Nematostella_vectensis_NV2t008375001.1 NV2t008375001.1, Nematostella_vectensis_NV2t000808002.1 NV2t000808002.1, Nematostella_vectensis_NV2t000807001.1 NV2t000807001.1
OG0000016	Calvadosia_cruxmelitensis_Ccrux.Trinity.66431 Ccrux.Trinity.66431, Calvadosia_cruxmelitensis_Ccrux.Trinity.74298 Ccrux.Trinity.74298, Calvadosia_cruxmelitensis_Ccrux.Trinity.2506 Ccrux.Trinity.2506	Nematostella_vectensis_NV2t006370001.1 NV2t006370001.1
OG0000018	Calvadosia_cruxmelitensis_Ccrux.Trinity.20412 Ccrux.Trinity.20412, Calvadosia_cruxmelitensis_Ccrux.Trinity.20414 Ccrux.Trinity.20414, Calvadosia_cruxmelitensis_Ccrux.Trinity.20413 Ccrux.Trinity.20413	Nematostella_vectensis_NV2t019165001.1 NV2t019165001.1, Nematostella_vectensis_NV2t019165003.1 NV2t019165003.1, Nematostella_vectensis_NV2t019165002.1 NV2t019165002.1, Nematostella_vectensis_NV2t019166001.1 NV2t019166001.1
OG0000018	Calvadosia_cruxmelitensis_Ccrux.Trinity.22524 Ccrux.Trinity.22524	Nematostella_vectensis_NV2t016213001.1 NV2t016213001.1
OG0000019	Calvadosia_cruxmelitensis_Ccrux.Trinity.6352 Ccrux.Trinity.6352, Calvadosia_cruxmelitensis_Ccrux.Trinity.66678 Ccrux.Trinity.66678	Nematostella_vectensis_NV2t000173001.1 NV2t000173001.1
OG0000019	Calvadosia_cruxmelitensis_Ccrux.Trinity.66596 Ccrux.Trinity.66596	Nematostella_vectensis_NV2t006269003.1 NV2t006269003.1, Nematostella_vectensis_NV2t006269002.1 NV2t006269002.1, Nematostella_vectensis_NV2t006269001.1 NV2t006269001.1
OG0000019	Calvadosia_cruxmelitensis_Ccrux.Trinity.66348 Ccrux.Trinity.66348	Nematostella_vectensis_NV2t019847002.1 NV2t019847002.1, Nematostella_vectensis_NV2t019847001.1 NV2t019847001.1
OG0000019	Calvadosia_cruxmelitensis_Ccrux.Trinity.70789 Ccrux.Trinity.70789	Nematostella_vectensis_NV2t006489001.1 NV2t006489001.1
OG0000020	Calvadosia_cruxmelitensis_Ccrux.Trinity.40283 Ccrux.Trinity.40283	Nematostella_vectensis_NV2t012027001.1 NV2t012027001.1
OG0000020	Calvadosia_cruxmelitensis_Ccrux.Trinity.21880 Ccrux.Trinity.21880, Calvadosia_cruxmelitensis_Ccrux.Trinity.10871 Ccrux.Trinity.10871	Nematostella_vectensis_NV2t011872001.1 NV2t011872001.1, Nematostella_vectensis_NV2t011872002.1 NV2t011872002.1, Nematostella_vectensis_NV2t012159001.1 NV2t012159001.1
OG0000020	Calvadosia_cruxmelitensis_Ccrux.Trinity.38265 Ccrux.Trinity.38265, Calvadosia_cruxmelitensis_Ccrux.Trinity.38267 Ccrux.Trinity.38267	Nematostella_vectensis_NV2t024535002.1 NV2t024535002.1, Nematostella_vectensis_NV2t024535001.1 NV2t024535001.1
OG0000021	Calvadosia_cruxmelitensis_Ccrux.Trinity.30901 Ccrux.Trinity.30901, Calvadosia_cruxmelitensis_Ccrux.Trinity.30902 Ccrux.Trinity.30902	Nematostella_vectensis_NV2t020722001.1 NV2t020722001.1, Nematostella_vectensis_NV2t020722002.1 NV2t020722002.1, Nematostella_vectensis_NV2t020722003.1 NV2t020722003.1
OG0000021	Calvadosia_cruxmelitensis_Ccrux.Trinity.33978 Ccrux.Trinity.33978, Calvadosia_cruxmelitensis_Ccrux.Trinity.33977 Ccrux.Trinity.33977	Nematostella_vectensis_NV2t009849002.1 NV2t009849002.1, Nematostella_vectensis_NV2t009849001.1 NV2t009849001.1
OG0000021	Calvadosia_cruxmelitensis_Ccrux.Trinity.37025 Ccrux.Trinity.37025	Nematostella_vectensis_NV2t001337001.1 NV2t001337001.1
OG0000021	Calvadosia_cruxmelitensis_Ccrux.Trinity.28083 Ccrux.Trinity.28083, Calvadosia_cruxmelitensis_Ccrux.Trinity.28085 Ccrux.Trinity.28085	Nematostella_vectensis_NV2t012147001.1 NV2t012147001.1
OG0000021	Calvadosia_cruxmelitensis_Ccrux.Trinity.42999 Ccrux.Trinity.42999, Calvadosia_cruxmelitensis_Ccrux.Trinity.42995 Ccrux.Trinity.42995, Calvadosia_cruxmelitensis_Ccrux.Trinity.42988 Ccrux.Trinity.42988, Calvadosia_cruxmelitensis_Ccrux.Trinity.42992 Ccrux.Trinity.42992	Nematostella_vectensis_NV2t012145001.1 NV2t012145001.1
OG0000022	Calvadosia_cruxmelitensis_Ccrux.Trinity.62820 Ccrux.Trinity.62820	Nematostella_vectensis_NV2t009562002.1 NV2t009562002.1, Nematostella_vectensis_NV2t009562001.1 NV2t009562001.1
OG0000022	Calvadosia_cruxmelitensis_Ccrux.Trinity.25376 Ccrux.Trinity.25376, Calvadosia_cruxmelitensis_Ccrux.Trinity.25386 Ccrux.Trinity.25386, Calvadosia_cruxmelitensis_Ccrux.Trinity.25378 Ccrux.Trinity.25378, Calvadosia_cruxmelitensis_Ccrux.Trinity.25383 Ccrux.Trinity.25383, Calvadosia_cruxmelitensis_Ccrux.Trinity.25387 Ccrux.Trinity.25387	Nematostella_vectensis_NV2t010289001.1 NV2t010289001.1
OG0000023	Calvadosia_cruxmelitensis_Ccrux.Trinity.38278 Ccrux.Trinity.38278, Calvadosia_cruxmelitensis_Ccrux.Trinity.38288 Ccrux.Trinity.38288, Calvadosia_cruxmelitensis_Ccrux.Trinity.38282 Ccrux.Trinity.38282, Calvadosia_cruxmelitensis_Ccrux.Trinity.38277 Ccrux.Trinity.38277	Nematostella_vectensis_NV2t018385002.1 NV2t018385002.1, Nematostella_vectensis_NV2t018385001.1 NV2t018385001.1
OG0000024	Calvadosia_cruxmelitensis_Ccrux.Trinity.60000 Ccrux.Trinity.60000	Nematostella_vectensis_NV2t000107001.1 NV2t000107001.1, Nematostella_vectensis_NV2t000107002.1 NV2t000107002.1, Nematostella_vectensis_NV2t014420001.1 NV2t014420001.1, Nematostella_vectensis_NV2t019319001.1 NV2t019319001.1, Nematostella_vectensis_NV2t019319003.1 NV2t019319003.1, Nematostella_vectensis_NV2t019319004.1 NV2t019319004.1, Nematostella_vectensis_NV2t019319002.1 NV2t019319002.1, Nematostella_vectensis_NV2t019319005.1 NV2t019319005.1, Nematostella_vectensis_NV2t014046002.1 NV2t014046002.1, Nematostella_vectensis_NV2t014046001.1 NV2t014046001.1, Nematostella_vectensis_NV2t014045001.1 NV2t014045001.1, Nematostella_vectensis_NV2t014040001.1 NV2t014040001.1, Nematostella_vectensis_NV2t014419001.1 NV2t014419001.1, Nematostella_vectensis_NV2t014039001.1 NV2t014039001.1
OG0000024	Calvadosia_cruxmelitensis_Ccrux.Trinity.1042 Ccrux.Trinity.1042	Nematostella_vectensis_NV2t003372003.1 NV2t003372003.1, Nematostella_vectensis_NV2t003372002.1 NV2t003372002.1, Nematostella_vectensis_NV2t003372001.1 NV2t003372001.1
OG0000024	Calvadosia_cruxmelitensis_Ccrux.Trinity.24059 Ccrux.Trinity.24059, Calvadosia_cruxmelitensis_Ccrux.Trinity.24064 Ccrux.Trinity.24064, Calvadosia_cruxmelitensis_Ccrux.Trinity.24056 Ccrux.Trinity.24056	Nematostella_vectensis_NV2t003373001.1 NV2t003373001.1, Nematostella_vectensis_NV2t003373002.1 NV2t003373002.1, Nematostella_vectensis_NV2t003373003.1 NV2t003373003.1
OG0000027	Calvadosia_cruxmelitensis_Ccrux.Trinity.31956 Ccrux.Trinity.31956, Calvadosia_cruxmelitensis_Ccrux.Trinity.31954 Ccrux.Trinity.31954	Nematostella_vectensis_NV2t007036001.1 NV2t007036001.1, Nematostella_vectensis_NV2t004979001.1 NV2t004979001.1, Nematostella_vectensis_NV2t004979002.1 NV2t004979002.1
OG0000028	Calvadosia_cruxmelitensis_Ccrux.Trinity.12863 Ccrux.Trinity.12863, Calvadosia_cruxmelitensis_Ccrux.Trinity.12860 Ccrux.Trinity.12860	Nematostella_vectensis_NV2t021411001.1 NV2t021411001.1
OG0000029	Calvadosia_cruxmelitensis_Ccrux.Trinity.27315 Ccrux.Trinity.27315, Calvadosia_cruxmelitensis_Ccrux.Trinity.10010 Ccrux.Trinity.10010, Calvadosia_cruxmelitensis_Ccrux.Trinity.66722 Ccrux.Trinity.66722	Nematostella_vectensis_NV2t009601003.1 NV2t009601003.1, Nematostella_vectensis_NV2t009601002.1 NV2t009601002.1, Nematostella_vectensis_NV2t009601001.1 NV2t009601001.1, Nematostella_vectensis_NV2t011326001.1 NV2t011326001.1, Nematostella_vectensis_NV2t011326002.1 NV2t011326002.1, Nematostella_vectensis_NV2t011326003.1 NV2t011326003.1, Nematostella_vectensis_NV2t011326004.1 NV2t011326004.1
OG0000030	Calvadosia_cruxmelitensis_Ccrux.Trinity.10006 Ccrux.Trinity.10006, Calvadosia_cruxmelitensis_Ccrux.Trinity.10008 Ccrux.Trinity.10008, Calvadosia_cruxmelitensis_Ccrux.Trinity.10007 Ccrux.Trinity.10007	Nematostella_vectensis_NV2t006771001.1 NV2t006771001.1, Nematostella_vectensis_NV2t006771002.1 NV2t006771002.1
OG0000030	Calvadosia_cruxmelitensis_Ccrux.Trinity.26176 Ccrux.Trinity.26176, Calvadosia_cruxmelitensis_Ccrux.Trinity.26172 Ccrux.Trinity.26172	Nematostella_vectensis_NV2t013893003.1 NV2t013893003.1, Nematostella_vectensis_NV2t013893002.1 NV2t013893002.1
OG0000030	Calvadosia_cruxmelitensis_Ccrux.Trinity.55193 Ccrux.Trinity.55193	Nematostella_vectensis_NV2t024729009.1 NV2t024729009.1, Nematostella_vectensis_NV2t024729016.1 NV2t024729016.1, Nematostella_vectensis_NV2t024729018.1 NV2t024729018.1, Nematostella_vectensis_NV2t024729004.1 NV2t024729004.1, Nematostella_vectensis_NV2t024729015.1 NV2t024729015.1, Nematostella_vectensis_NV2t024729005.1 NV2t024729005.1, Nematostella_vectensis_NV2t024729010.1 NV2t024729010.1, Nematostella_vectensis_NV2t024729008.1 NV2t024729008.1, Nematostella_vectensis_NV2t024729007.1 NV2t024729007.1, Nematostella_vectensis_NV2t024729006.1 NV2t024729006.1
OG0000031	Calvadosia_cruxmelitensis_Ccrux.Trinity.15334 Ccrux.Trinity.15334	Nematostella_vectensis_NV2t009287001.1 NV2t009287001.1, Nematostella_vectensis_NV2t009287002.1 NV2t009287002.1, Nematostella_vectensis_NV2t009287004.1 NV2t009287004.1, Nematostella_vectensis_NV2t009287005.1 NV2t009287005.1, Nematostella_vectensis_NV2t009287003.1 NV2t009287003.1, Nematostella_vectensis_NV2t021786001.1 NV2t021786001.1
OG0000032	Calvadosia_cruxmelitensis_Ccrux.Trinity.5166 Ccrux.Trinity.5166	Nematostella_vectensis_NV2t008393003.1 NV2t008393003.1
OG0000032	Calvadosia_cruxmelitensis_Ccrux.Trinity.57700 Ccrux.Trinity.57700	Nematostella_vectensis_NV2t007899001.1 NV2t007899001.1
OG0000034	Calvadosia_cruxmelitensis_Ccrux.Trinity.35334 Ccrux.Trinity.35334, Calvadosia_cruxmelitensis_Ccrux.Trinity.35336 Ccrux.Trinity.35336	Nematostella_vectensis_NV2t018302001.1 NV2t018302001.1
OG0000034	Calvadosia_cruxmelitensis_Ccrux.Trinity.23942 Ccrux.Trinity.23942	Nematostella_vectensis_NV2t014163001.1 NV2t014163001.1
OG0000034	Calvadosia_cruxmelitensis_Ccrux.Trinity.29401 Ccrux.Trinity.29401, Calvadosia_cruxmelitensis_Ccrux.Trinity.29405 Ccrux.Trinity.29405	Nematostella_vectensis_NV2t014162001.1 NV2t014162001.1
OG0000034	Calvadosia_cruxmelitensis_Ccrux.Trinity.47132 Ccrux.Trinity.47132, Calvadosia_cruxmelitensis_Ccrux.Trinity.47134 Ccrux.Trinity.47134, Calvadosia_cruxmelitensis_Ccrux.Trinity.47135 Ccrux.Trinity.47135, Calvadosia_cruxmelitensis_Ccrux.Trinity.47131 Ccrux.Trinity.47131, Calvadosia_cruxmelitensis_Ccrux.Trinity.5240 Ccrux.Trinity.5240, Calvadosia_cruxmelitensis_Ccrux.Trinity.5241 Ccrux.Trinity.5241, Calvadosia_cruxmelitensis_Ccrux.Trinity.5239 Ccrux.Trinity.5239	Nematostella_vectensis_NV2t021926001.1 NV2t021926001.1
OG0000035	Calvadosia_cruxmelitensis_Ccrux.Trinity.74544 Ccrux.Trinity.74544	Nematostella_vectensis_NV2t012171001.1 NV2t012171001.1
OG0000035	Calvadosia_cruxmelitensis_Ccrux.Trinity.23678 Ccrux.Trinity.23678	Nematostella_vectensis_NV2t010387001.1 NV2t010387001.1
OG0000036	Calvadosia_cruxmelitensis_Ccrux.Trinity.355 Ccrux.Trinity.355	Nematostella_vectensis_NV2t025171002.1 NV2t025171002.1, Nematostella_vectensis_NV2t025171001.1 NV2t025171001.1, Nematostella_vectensis_NV2t022153002.1 NV2t022153002.1, Nematostella_vectensis_NV2t022153001.1 NV2t022153001.1
OG0000037	Calvadosia_cruxmelitensis_Ccrux.Trinity.8137 Ccrux.Trinity.8137, Calvadosia_cruxmelitensis_Ccrux.Trinity.9835 Ccrux.Trinity.9835, Calvadosia_cruxmelitensis_Ccrux.Trinity.9838 Ccrux.Trinity.9838, Calvadosia_cruxmelitensis_Ccrux.Trinity.9837 Ccrux.Trinity.9837, Calvadosia_cruxmelitensis_Ccrux.Trinity.9839 Ccrux.Trinity.9839, Calvadosia_cruxmelitensis_Ccrux.Trinity.9836 Ccrux.Trinity.9836, Calvadosia_cruxmelitensis_Ccrux.Trinity.9834 Ccrux.Trinity.9834	Nematostella_vectensis_NV2t020441001.1 NV2t020441001.1, Nematostella_vectensis_NV2t020449001.1 NV2t020449001.1, Nematostella_vectensis_NV2t003437001.1 NV2t003437001.1
OG0000038	Calvadosia_cruxmelitensis_Ccrux.Trinity.66762 Ccrux.Trinity.66762, Calvadosia_cruxmelitensis_Ccrux.Trinity.6647 Ccrux.Trinity.6647	Nematostella_vectensis_NV2t022131001.1 NV2t022131001.1
OG0000038	Calvadosia_cruxmelitensis_Ccrux.Trinity.62395 Ccrux.Trinity.62395	Nematostella_vectensis_NV2t022707001.1 NV2t022707001.1, Nematostella_vectensis_NV2t022707002.1 NV2t022707002.1
OG0000040	Calvadosia_cruxmelitensis_Ccrux.Trinity.71405 Ccrux.Trinity.71405, Calvadosia_cruxmelitensis_Ccrux.Trinity.6600 Ccrux.Trinity.6600	Nematostella_vectensis_NV2t010172001.1 NV2t010172001.1, Nematostella_vectensis_NV2t010172003.1 NV2t010172003.1, Nematostella_vectensis_NV2t010172002.1 NV2t010172002.1, Nematostella_vectensis_NV2t010172004.1 NV2t010172004.1
OG0000040	Calvadosia_cruxmelitensis_Ccrux.Trinity.57287 Ccrux.Trinity.57287, Calvadosia_cruxmelitensis_Ccrux.Trinity.8495 Ccrux.Trinity.8495	Nematostella_vectensis_NV2t006476001.1 NV2t006476001.1
OG0000040	Calvadosia_cruxmelitensis_Ccrux.Trinity.51979 Ccrux.Trinity.51979	Nematostella_vectensis_NV2t013801001.1 NV2t013801001.1
OG0000041	Calvadosia_cruxmelitensis_Ccrux.Trinity.59000 Ccrux.Trinity.59000	Nematostella_vectensis_NV2t015230001.1 NV2t015230001.1
OG0000041	Calvadosia_cruxmelitensis_Ccrux.Trinity.32466 Ccrux.Trinity.32466, Calvadosia_cruxmelitensis_Ccrux.Trinity.32467 Ccrux.Trinity.32467	Nematostella_vectensis_NV2t008369001.1 NV2t008369001.1
OG0000042	Calvadosia_cruxmelitensis_Ccrux.Trinity.55631 Ccrux.Trinity.55631, Calvadosia_cruxmelitensis_Ccrux.Trinity.72827 Ccrux.Trinity.72827	Nematostella_vectensis_NV2t019653001.1 NV2t019653001.1
OG0000042	Calvadosia_cruxmelitensis_Ccrux.Trinity.42236 Ccrux.Trinity.42236, Calvadosia_cruxmelitensis_Ccrux.Trinity.1218 Ccrux.Trinity.1218, Calvadosia_cruxmelitensis_Ccrux.Trinity.1219 Ccrux.Trinity.1219, Calvadosia_cruxmelitensis_Ccrux.Trinity.69012 Ccrux.Trinity.69012, Calvadosia_cruxmelitensis_Ccrux.Trinity.8037 Ccrux.Trinity.8037	Nematostella_vectensis_NV2t017038001.1 NV2t017038001.1, Nematostella_vectensis_NV2t016569001.1 NV2t016569001.1, Nematostella_vectensis_NV2t017107001.1 NV2t017107001.1, Nematostella_vectensis_NV2t016567001.1 NV2t016567001.1, Nematostella_vectensis_NV2t017148001.1 NV2t017148001.1
OG0000044	Calvadosia_cruxmelitensis_Ccrux.Trinity.11028 Ccrux.Trinity.11028, Calvadosia_cruxmelitensis_Ccrux.Trinity.11029 Ccrux.Trinity.11029, Calvadosia_cruxmelitensis_Ccrux.Trinity.31172 Ccrux.Trinity.31172, Calvadosia_cruxmelitensis_Ccrux.Trinity.31175 Ccrux.Trinity.31175, Calvadosia_cruxmelitensis_Ccrux.Trinity.31178 Ccrux.Trinity.31178, Calvadosia_cruxmelitensis_Ccrux.Trinity.31183 Ccrux.Trinity.31183	Nematostella_vectensis_NV2t009869001.1 NV2t009869001.1, Nematostella_vectensis_NV2t010348003.1 NV2t010348003.1, Nematostella_vectensis_NV2t010348004.1 NV2t010348004.1, Nematostella_vectensis_NV2t010348002.1 NV2t010348002.1, Nematostella_vectensis_NV2t010348007.1 NV2t010348007.1, Nematostella_vectensis_NV2t010348005.1 NV2t010348005.1, Nematostella_vectensis_NV2t010348010.1 NV2t010348010.1, Nematostella_vectensis_NV2t010348008.1 NV2t010348008.1
OG0000045	Calvadosia_cruxmelitensis_Ccrux.Trinity.3251 Ccrux.Trinity.3251	Nematostella_vectensis_NV2t017119001.1 NV2t017119001.1
OG0000045	Calvadosia_cruxmelitensis_Ccrux.Trinity.9796 Ccrux.Trinity.9796, Calvadosia_cruxmelitensis_Ccrux.Trinity.2314 Ccrux.Trinity.2314	Nematostella_vectensis_NV2t015818001.1 NV2t015818001.1
OG0000046	Calvadosia_cruxmelitensis_Ccrux.Trinity.36365 Ccrux.Trinity.36365, Calvadosia_cruxmelitensis_Ccrux.Trinity.36357 Ccrux.Trinity.36357, Calvadosia_cruxmelitensis_Ccrux.Trinity.36369 Ccrux.Trinity.36369, Calvadosia_cruxmelitensis_Ccrux.Trinity.36362 Ccrux.Trinity.36362, Calvadosia_cruxmelitensis_Ccrux.Trinity.36368 Ccrux.Trinity.36368	Nematostella_vectensis_NV2t001979001.1 NV2t001979001.1, Nematostella_vectensis_NV2t000566001.1 NV2t000566001.1, Nematostella_vectensis_NV2t001244001.1 NV2t001244001.1, Nematostella_vectensis_NV2t002698002.1 NV2t002698002.1, Nematostella_vectensis_NV2t002698001.1 NV2t002698001.1, Nematostella_vectensis_NV2t002696001.1 NV2t002696001.1, Nematostella_vectensis_NV2t025688001.1 NV2t025688001.1, Nematostella_vectensis_NV2t004753001.1 NV2t004753001.1, Nematostella_vectensis_NV2t012033003.1 NV2t012033003.1, Nematostella_vectensis_NV2t012033004.1 NV2t012033004.1, Nematostella_vectensis_NV2t012033005.1 NV2t012033005.1, Nematostella_vectensis_NV2t012036001.1 NV2t012036001.1, Nematostella_vectensis_NV2t001129001.1 NV2t001129001.1, Nematostella_vectensis_NV2t000399001.1 NV2t000399001.1
OG0000049	Calvadosia_cruxmelitensis_Ccrux.Trinity.36955 Ccrux.Trinity.36955, Calvadosia_cruxmelitensis_Ccrux.Trinity.36954 Ccrux.Trinity.36954	Nematostella_vectensis_NV2t002812001.1 NV2t002812001.1
OG0000051	Calvadosia_cruxmelitensis_Ccrux.Trinity.43175 Ccrux.Trinity.43175, Calvadosia_cruxmelitensis_Ccrux.Trinity.43176 Ccrux.Trinity.43176, Calvadosia_cruxmelitensis_Ccrux.Trinity.5294 Ccrux.Trinity.5294	Nematostella_vectensis_NV2t003042004.1 NV2t003042004.1
OG0000052	Calvadosia_cruxmelitensis_Ccrux.Trinity.21180 Ccrux.Trinity.21180, Calvadosia_cruxmelitensis_Ccrux.Trinity.20610 Ccrux.Trinity.20610	Nematostella_vectensis_NV2t014974003.1 NV2t014974003.1
OG0000053	Calvadosia_cruxmelitensis_Ccrux.Trinity.8876 Ccrux.Trinity.8876, Calvadosia_cruxmelitensis_Ccrux.Trinity.8874 Ccrux.Trinity.8874	Nematostella_vectensis_NV2t012441001.1 NV2t012441001.1
OG0000054	Calvadosia_cruxmelitensis_Ccrux.Trinity.18828 Ccrux.Trinity.18828	Nematostella_vectensis_NV2t000638001.1 NV2t000638001.1
OG0000054	Calvadosia_cruxmelitensis_Ccrux.Trinity.44030 Ccrux.Trinity.44030	Nematostella_vectensis_NV2t005524014.1 NV2t005524014.1, Nematostella_vectensis_NV2t005524013.1 NV2t005524013.1, Nematostella_vectensis_NV2t005524012.1 NV2t005524012.1
OG0000056	Calvadosia_cruxmelitensis_Ccrux.Trinity.8879 Ccrux.Trinity.8879, Calvadosia_cruxmelitensis_Ccrux.Trinity.8881 Ccrux.Trinity.8881, Calvadosia_cruxmelitensis_Ccrux.Trinity.8877 Ccrux.Trinity.8877	Nematostella_vectensis_NV2t020283001.1 NV2t020283001.1
OG0000058	Calvadosia_cruxmelitensis_Ccrux.Trinity.13948 Ccrux.Trinity.13948, Calvadosia_cruxmelitensis_Ccrux.Trinity.13949 Ccrux.Trinity.13949, Calvadosia_cruxmelitensis_Ccrux.Trinity.52269 Ccrux.Trinity.52269	Nematostella_vectensis_NV2t017022001.1 NV2t017022001.1
OG0000058	Calvadosia_cruxmelitensis_Ccrux.Trinity.13824 Ccrux.Trinity.13824	Nematostella_vectensis_NV2t023484001.1 NV2t023484001.1
OG0000058	Calvadosia_cruxmelitensis_Ccrux.Trinity.66662 Ccrux.Trinity.66662	Nematostella_vectensis_NV2t009815001.1 NV2t009815001.1
OG0000058	Calvadosia_cruxmelitensis_Ccrux.Trinity.49285 Ccrux.Trinity.49285, Calvadosia_cruxmelitensis_Ccrux.Trinity.49278 Ccrux.Trinity.49278	Nematostella_vectensis_NV2t023295002.1 NV2t023295002.1, Nematostella_vectensis_NV2t023295001.1 NV2t023295001.1, Nematostella_vectensis_NV2t022985001.1 NV2t022985001.1, Nematostella_vectensis_NV2t023818001.1 NV2t023818001.1, Nematostella_vectensis_NV2t023715001.1 NV2t023715001.1
OG0000061	Calvadosia_cruxmelitensis_Ccrux.Trinity.13062 Ccrux.Trinity.13062	Nematostella_vectensis_NV2t004625001.1 NV2t004625001.1
OG0000061	Calvadosia_cruxmelitensis_Ccrux.Trinity.45943 Ccrux.Trinity.45943	Nematostella_vectensis_NV2t000137001.1 NV2t000137001.1, Nematostella_vectensis_NV2t000137003.1 NV2t000137003.1, Nematostella_vectensis_NV2t000137002.1 NV2t000137002.1
OG0000062	Calvadosia_cruxmelitensis_Ccrux.Trinity.31247 Ccrux.Trinity.31247, Calvadosia_cruxmelitensis_Ccrux.Trinity.31254 Ccrux.Trinity.31254	Nematostella_vectensis_NV2t020618001.1 NV2t020618001.1
OG0000062	Calvadosia_cruxmelitensis_Ccrux.Trinity.71180 Ccrux.Trinity.71180	Nematostella_vectensis_NV2t009243001.1 NV2t009243001.1
OG0000062	Calvadosia_cruxmelitensis_Ccrux.Trinity.11108 Ccrux.Trinity.11108, Calvadosia_cruxmelitensis_Ccrux.Trinity.59633 Ccrux.Trinity.59633	Nematostella_vectensis_NV2t019817003.1 NV2t019817003.1, Nematostella_vectensis_NV2t019817001.1 NV2t019817001.1, Nematostella_vectensis_NV2t019817002.1 NV2t019817002.1
OG0000064	Calvadosia_cruxmelitensis_Ccrux.Trinity.19626 Ccrux.Trinity.19626	Nematostella_vectensis_NV2t022930001.1 NV2t022930001.1
OG0000064	Calvadosia_cruxmelitensis_Ccrux.Trinity.62793 Ccrux.Trinity.62793	Nematostella_vectensis_NV2t022931001.1 NV2t022931001.1
OG0000065	Calvadosia_cruxmelitensis_Ccrux.Trinity.465 Ccrux.Trinity.465	Nematostella_vectensis_NV2t022015001.1 NV2t022015001.1, Nematostella_vectensis_NV2t022018001.1 NV2t022018001.1
OG0000067	Calvadosia_cruxmelitensis_Ccrux.Trinity.69817 Ccrux.Trinity.69817, Calvadosia_cruxmelitensis_Ccrux.Trinity.48980 Ccrux.Trinity.48980, Calvadosia_cruxmelitensis_Ccrux.Trinity.48978 Ccrux.Trinity.48978, Calvadosia_cruxmelitensis_Ccrux.Trinity.48976 Ccrux.Trinity.48976, Calvadosia_cruxmelitensis_Ccrux.Trinity.21098 Ccrux.Trinity.21098, Calvadosia_cruxmelitensis_Ccrux.Trinity.21101 Ccrux.Trinity.21101, Calvadosia_cruxmelitensis_Ccrux.Trinity.69529 Ccrux.Trinity.69529	Nematostella_vectensis_NV2t017535001.1 NV2t017535001.1
OG0000070	Calvadosia_cruxmelitensis_Ccrux.Trinity.7303 Ccrux.Trinity.7303, Calvadosia_cruxmelitensis_Ccrux.Trinity.7302 Ccrux.Trinity.7302	Nematostella_vectensis_NV2t013306001.1 NV2t013306001.1
OG0000074	Calvadosia_cruxmelitensis_Ccrux.Trinity.2857 Ccrux.Trinity.2857	Nematostella_vectensis_NV2t010243002.1 NV2t010243002.1
OG0000075	Calvadosia_cruxmelitensis_Ccrux.Trinity.44444 Ccrux.Trinity.44444, Calvadosia_cruxmelitensis_Ccrux.Trinity.25831 Ccrux.Trinity.25831, Calvadosia_cruxmelitensis_Ccrux.Trinity.19178 Ccrux.Trinity.19178	Nematostella_vectensis_NV2t002755001.1 NV2t002755001.1
OG0000080	Calvadosia_cruxmelitensis_Ccrux.Trinity.5691 Ccrux.Trinity.5691	Nematostella_vectensis_NV2t017964001.1 NV2t017964001.1, Nematostella_vectensis_NV2t003669001.1 NV2t003669001.1, Nematostella_vectensis_NV2t003671001.1 NV2t003671001.1
OG0000081	Calvadosia_cruxmelitensis_Ccrux.Trinity.39810 Ccrux.Trinity.39810, Calvadosia_cruxmelitensis_Ccrux.Trinity.39813 Ccrux.Trinity.39813, Calvadosia_cruxmelitensis_Ccrux.Trinity.39808 Ccrux.Trinity.39808	Nematostella_vectensis_NV2t001170001.1 NV2t001170001.1
OG0000082	Calvadosia_cruxmelitensis_Ccrux.Trinity.39763 Ccrux.Trinity.39763, Calvadosia_cruxmelitensis_Ccrux.Trinity.39765 Ccrux.Trinity.39765	Nematostella_vectensis_NV2t009511001.1 NV2t009511001.1, Nematostella_vectensis_NV2t020881001.1 NV2t020881001.1, Nematostella_vectensis_NV2t016343001.1 NV2t016343001.1
OG0000083	Calvadosia_cruxmelitensis_Ccrux.Trinity.17144 Ccrux.Trinity.17144	Nematostella_vectensis_NV2t014428001.1 NV2t014428001.1
OG0000084	Calvadosia_cruxmelitensis_Ccrux.Trinity.35548 Ccrux.Trinity.35548, Calvadosia_cruxmelitensis_Ccrux.Trinity.35549 Ccrux.Trinity.35549, Calvadosia_cruxmelitensis_Ccrux.Trinity.35546 Ccrux.Trinity.35546	Nematostella_vectensis_NV2t011420001.1 NV2t011420001.1, Nematostella_vectensis_NV2t011417001.1 NV2t011417001.1
OG0000086	Calvadosia_cruxmelitensis_Ccrux.Trinity.41676 Ccrux.Trinity.41676	Nematostella_vectensis_NV2t025466001.1 NV2t025466001.1, Nematostella_vectensis_NV2t024867001.1 NV2t024867001.1
OG0000087	Calvadosia_cruxmelitensis_Ccrux.Trinity.46936 Ccrux.Trinity.46936, Calvadosia_cruxmelitensis_Ccrux.Trinity.46943 Ccrux.Trinity.46943, Calvadosia_cruxmelitensis_Ccrux.Trinity.46957 Ccrux.Trinity.46957, Calvadosia_cruxmelitensis_Ccrux.Trinity.46948 Ccrux.Trinity.46948	Nematostella_vectensis_NV2t017495001.1 NV2t017495001.1, Nematostella_vectensis_NV2t017495003.1 NV2t017495003.1, Nematostella_vectensis_NV2t017495002.1 NV2t017495002.1, Nematostella_vectensis_NV2t017495004.1 NV2t017495004.1
OG0000087	Calvadosia_cruxmelitensis_Ccrux.Trinity.24305 Ccrux.Trinity.24305	Nematostella_vectensis_NV2t015454001.1 NV2t015454001.1
OG0000088	Calvadosia_cruxmelitensis_Ccrux.Trinity.51932 Ccrux.Trinity.51932	Nematostella_vectensis_NV2t009987001.1 NV2t009987001.1
OG0000089	Calvadosia_cruxmelitensis_Ccrux.Trinity.31544 Ccrux.Trinity.31544, Calvadosia_cruxmelitensis_Ccrux.Trinity.31553 Ccrux.Trinity.31553, Calvadosia_cruxmelitensis_Ccrux.Trinity.31550 Ccrux.Trinity.31550, Calvadosia_cruxmelitensis_Ccrux.Trinity.31548 Ccrux.Trinity.31548, Calvadosia_cruxmelitensis_Ccrux.Trinity.31555 Ccrux.Trinity.31555	Nematostella_vectensis_NV2t022735001.1 NV2t022735001.1
OG0000092	Calvadosia_cruxmelitensis_Ccrux.Trinity.54241 Ccrux.Trinity.54241, Calvadosia_cruxmelitensis_Ccrux.Trinity.54240 Ccrux.Trinity.54240, Calvadosia_cruxmelitensis_Ccrux.Trinity.68522 Ccrux.Trinity.68522, Calvadosia_cruxmelitensis_Ccrux.Trinity.23384 Ccrux.Trinity.23384	Nematostella_vectensis_NV2t003067001.1 NV2t003067001.1, Nematostella_vectensis_NV2t003067002.1 NV2t003067002.1, Nematostella_vectensis_NV2t003067003.1 NV2t003067003.1, Nematostella_vectensis_NV2t001288001.1 NV2t001288001.1, Nematostella_vectensis_NV2t001288002.1 NV2t001288002.1, Nematostella_vectensis_NV2t001288003.1 NV2t001288003.1
OG0000093	Calvadosia_cruxmelitensis_Ccrux.Trinity.53582 Ccrux.Trinity.53582	Nematostella_vectensis_NV2t008996001.1 NV2t008996001.1, Nematostella_vectensis_NV2t009097001.1 NV2t009097001.1
OG0000094	Calvadosia_cruxmelitensis_Ccrux.Trinity.28928 Ccrux.Trinity.28928, Calvadosia_cruxmelitensis_Ccrux.Trinity.28927 Ccrux.Trinity.28927	Nematostella_vectensis_NV2t021528002.1 NV2t021528002.1, Nematostella_vectensis_NV2t021528001.1 NV2t021528001.1
OG0000099	Calvadosia_cruxmelitensis_Ccrux.Trinity.52958 Ccrux.Trinity.52958, Calvadosia_cruxmelitensis_Ccrux.Trinity.33686 Ccrux.Trinity.33686, Calvadosia_cruxmelitensis_Ccrux.Trinity.27689 Ccrux.Trinity.27689	Nematostella_vectensis_NV2t012418001.1 NV2t012418001.1
OG0000100	Calvadosia_cruxmelitensis_Ccrux.Trinity.50179 Ccrux.Trinity.50179, Calvadosia_cruxmelitensis_Ccrux.Trinity.50182 Ccrux.Trinity.50182	Nematostella_vectensis_NV2t005196004.1 NV2t005196004.1, Nematostella_vectensis_NV2t005199001.1 NV2t005199001.1, Nematostella_vectensis_NV2t005199002.1 NV2t005199002.1, Nematostella_vectensis_NV2t005196003.1 NV2t005196003.1, Nematostella_vectensis_NV2t005196001.1 NV2t005196001.1, Nematostella_vectensis_NV2t005196002.1 NV2t005196002.1
OG0000100	Calvadosia_cruxmelitensis_Ccrux.Trinity.14857 Ccrux.Trinity.14857, Calvadosia_cruxmelitensis_Ccrux.Trinity.14854 Ccrux.Trinity.14854, Calvadosia_cruxmelitensis_Ccrux.Trinity.14847 Ccrux.Trinity.14847	Nematostella_vectensis_NV2t005200001.1 NV2t005200001.1
OG0000100	Calvadosia_cruxmelitensis_Ccrux.Trinity.712 Ccrux.Trinity.712, Calvadosia_cruxmelitensis_Ccrux.Trinity.705 Ccrux.Trinity.705	Nematostella_vectensis_NV2t005188001.1 NV2t005188001.1, Nematostella_vectensis_NV2t005188002.1 NV2t005188002.1
OG0000101	Calvadosia_cruxmelitensis_Ccrux.Trinity.38805 Ccrux.Trinity.38805, Calvadosia_cruxmelitensis_Ccrux.Trinity.38803 Ccrux.Trinity.38803	Nematostella_vectensis_NV2t022495005.1 NV2t022495005.1, Nematostella_vectensis_NV2t022495004.1 NV2t022495004.1, Nematostella_vectensis_NV2t022495006.1 NV2t022495006.1, Nematostella_vectensis_NV2t022495007.1 NV2t022495007.1, Nematostella_vectensis_NV2t022495002.1 NV2t022495002.1, Nematostella_vectensis_NV2t022495001.1 NV2t022495001.1, Nematostella_vectensis_NV2t022495003.1 NV2t022495003.1
OG0000103	Calvadosia_cruxmelitensis_Ccrux.Trinity.37402 Ccrux.Trinity.37402, Calvadosia_cruxmelitensis_Ccrux.Trinity.37397 Ccrux.Trinity.37397, Calvadosia_cruxmelitensis_Ccrux.Trinity.37401 Ccrux.Trinity.37401, Calvadosia_cruxmelitensis_Ccrux.Trinity.37399 Ccrux.Trinity.37399, Calvadosia_cruxmelitensis_Ccrux.Trinity.37394 Ccrux.Trinity.37394, Calvadosia_cruxmelitensis_Ccrux.Trinity.37396 Ccrux.Trinity.37396, Calvadosia_cruxmelitensis_Ccrux.Trinity.37400 Ccrux.Trinity.37400, Calvadosia_cruxmelitensis_Ccrux.Trinity.37395 Ccrux.Trinity.37395	Nematostella_vectensis_NV2t024079004.1 NV2t024079004.1, Nematostella_vectensis_NV2t024079001.1 NV2t024079001.1, Nematostella_vectensis_NV2t024079007.1 NV2t024079007.1, Nematostella_vectensis_NV2t024079002.1 NV2t024079002.1, Nematostella_vectensis_NV2t024079005.1 NV2t024079005.1, Nematostella_vectensis_NV2t024079003.1 NV2t024079003.1, Nematostella_vectensis_NV2t024079006.1 NV2t024079006.1
OG0000111	Calvadosia_cruxmelitensis_Ccrux.Trinity.19361 Ccrux.Trinity.19361	Nematostella_vectensis_NV2t018220001.1 NV2t018220001.1, Nematostella_vectensis_NV2t007958001.1 NV2t007958001.1, Nematostella_vectensis_NV2t017350001.1 NV2t017350001.1
OG0000112	Calvadosia_cruxmelitensis_Ccrux.Trinity.11290 Ccrux.Trinity.11290	Nematostella_vectensis_NV2t018651001.1 NV2t018651001.1, Nematostella_vectensis_NV2t017717001.1 NV2t017717001.1
OG0000113	Calvadosia_cruxmelitensis_Ccrux.Trinity.47143 Ccrux.Trinity.47143, Calvadosia_cruxmelitensis_Ccrux.Trinity.47144 Ccrux.Trinity.47144, Calvadosia_cruxmelitensis_Ccrux.Trinity.47147 Ccrux.Trinity.47147, Calvadosia_cruxmelitensis_Ccrux.Trinity.47146 Ccrux.Trinity.47146, Calvadosia_cruxmelitensis_Ccrux.Trinity.47141 Ccrux.Trinity.47141	Nematostella_vectensis_NV2t022291001.1 NV2t022291001.1
OG0000116	Calvadosia_cruxmelitensis_Ccrux.Trinity.23713 Ccrux.Trinity.23713	Nematostella_vectensis_NV2t021902003.1 NV2t021902003.1, Nematostella_vectensis_NV2t021902008.1 NV2t021902008.1, Nematostella_vectensis_NV2t021902002.1 NV2t021902002.1, Nematostella_vectensis_NV2t021902009.1 NV2t021902009.1, Nematostella_vectensis_NV2t021902006.1 NV2t021902006.1, Nematostella_vectensis_NV2t021902001.1 NV2t021902001.1, Nematostella_vectensis_NV2t021902010.1 NV2t021902010.1, Nematostella_vectensis_NV2t021902005.1 NV2t021902005.1, Nematostella_vectensis_NV2t021902007.1 NV2t021902007.1, Nematostella_vectensis_NV2t021902004.1 NV2t021902004.1, Nematostella_vectensis_NV2t021924001.1 NV2t021924001.1
OG0000119	Calvadosia_cruxmelitensis_Ccrux.Trinity.19669 Ccrux.Trinity.19669	Nematostella_vectensis_NV2t000890002.1 NV2t000890002.1, Nematostella_vectensis_NV2t000890001.1 NV2t000890001.1
OG0000120	Calvadosia_cruxmelitensis_Ccrux.Trinity.62450 Ccrux.Trinity.62450	Nematostella_vectensis_NV2t006659001.1 NV2t006659001.1
OG0000121	Calvadosia_cruxmelitensis_Ccrux.Trinity.32374 Ccrux.Trinity.32374, Calvadosia_cruxmelitensis_Ccrux.Trinity.32373 Ccrux.Trinity.32373	Nematostella_vectensis_NV2t005949001.1 NV2t005949001.1
OG0000121	Calvadosia_cruxmelitensis_Ccrux.Trinity.14951 Ccrux.Trinity.14951, Calvadosia_cruxmelitensis_Ccrux.Trinity.14963 Ccrux.Trinity.14963, Calvadosia_cruxmelitensis_Ccrux.Trinity.14949 Ccrux.Trinity.14949, Calvadosia_cruxmelitensis_Ccrux.Trinity.14953 Ccrux.Trinity.14953, Calvadosia_cruxmelitensis_Ccrux.Trinity.14955 Ccrux.Trinity.14955	Nematostella_vectensis_NV2t022155001.1 NV2t022155001.1, Nematostella_vectensis_NV2t022155002.1 NV2t022155002.1
OG0000122	Calvadosia_cruxmelitensis_Ccrux.Trinity.12302 Ccrux.Trinity.12302	Nematostella_vectensis_NV2t006810001.1 NV2t006810001.1
OG0000123	Calvadosia_cruxmelitensis_Ccrux.Trinity.2748 Ccrux.Trinity.2748	Nematostella_vectensis_NV2t003768001.1 NV2t003768001.1
OG0000126	Calvadosia_cruxmelitensis_Ccrux.Trinity.24329 Ccrux.Trinity.24329, Calvadosia_cruxmelitensis_Ccrux.Trinity.62422 Ccrux.Trinity.62422	Nematostella_vectensis_NV2t000074001.1 NV2t000074001.1, Nematostella_vectensis_NV2t001922003.1 NV2t001922003.1, Nematostella_vectensis_NV2t001922004.1 NV2t001922004.1, Nematostella_vectensis_NV2t001922001.1 NV2t001922001.1, Nematostella_vectensis_NV2t001922005.1 NV2t001922005.1
OG0000131	Calvadosia_cruxmelitensis_Ccrux.Trinity.39346 Ccrux.Trinity.39346, Calvadosia_cruxmelitensis_Ccrux.Trinity.39349 Ccrux.Trinity.39349	Nematostella_vectensis_NV2t019864001.1 NV2t019864001.1, Nematostella_vectensis_NV2t019863002.1 NV2t019863002.1, Nematostella_vectensis_NV2t013270001.1 NV2t013270001.1
OG0000133	Calvadosia_cruxmelitensis_Ccrux.Trinity.23770 Ccrux.Trinity.23770	Nematostella_vectensis_NV2t005944001.1 NV2t005944001.1
OG0000134	Calvadosia_cruxmelitensis_Ccrux.Trinity.27545 Ccrux.Trinity.27545	Nematostella_vectensis_NV2t019051002.1 NV2t019051002.1, Nematostella_vectensis_NV2t019051001.1 NV2t019051001.1, Nematostella_vectensis_NV2t008904001.1 NV2t008904001.1
OG0000138	Calvadosia_cruxmelitensis_Ccrux.Trinity.24844 Ccrux.Trinity.24844, Calvadosia_cruxmelitensis_Ccrux.Trinity.24845 Ccrux.Trinity.24845	Nematostella_vectensis_NV2t025698001.1 NV2t025698001.1
OG0000146	Calvadosia_cruxmelitensis_Ccrux.Trinity.5273 Ccrux.Trinity.5273	Nematostella_vectensis_NV2t018788002.1 NV2t018788002.1
OG0000150	Calvadosia_cruxmelitensis_Ccrux.Trinity.70441 Ccrux.Trinity.70441	Nematostella_vectensis_NV2t025633001.1 NV2t025633001.1, Nematostella_vectensis_NV2t025632001.1 NV2t025632001.1
OG0000152	Calvadosia_cruxmelitensis_Ccrux.Trinity.35324 Ccrux.Trinity.35324, Calvadosia_cruxmelitensis_Ccrux.Trinity.35317 Ccrux.Trinity.35317, Calvadosia_cruxmelitensis_Ccrux.Trinity.35323 Ccrux.Trinity.35323, Calvadosia_cruxmelitensis_Ccrux.Trinity.35322 Ccrux.Trinity.35322	Nematostella_vectensis_NV2t015243001.1 NV2t015243001.1
OG0000155	Calvadosia_cruxmelitensis_Ccrux.Trinity.56056 Ccrux.Trinity.56056	Nematostella_vectensis_NV2t017827003.1 NV2t017827003.1, Nematostella_vectensis_NV2t017827002.1 NV2t017827002.1, Nematostella_vectensis_NV2t017827001.1 NV2t017827001.1, Nematostella_vectensis_NV2t017517001.1 NV2t017517001.1
OG0000156	Calvadosia_cruxmelitensis_Ccrux.Trinity.38048 Ccrux.Trinity.38048, Calvadosia_cruxmelitensis_Ccrux.Trinity.38045 Ccrux.Trinity.38045, Calvadosia_cruxmelitensis_Ccrux.Trinity.38037 Ccrux.Trinity.38037, Calvadosia_cruxmelitensis_Ccrux.Trinity.38043 Ccrux.Trinity.38043	Nematostella_vectensis_NV2t013515001.1 NV2t013515001.1
OG0000157	Calvadosia_cruxmelitensis_Ccrux.Trinity.52207 Ccrux.Trinity.52207	Nematostella_vectensis_NV2t019212001.1 NV2t019212001.1
OG0000158	Calvadosia_cruxmelitensis_Ccrux.Trinity.14337 Ccrux.Trinity.14337	Nematostella_vectensis_NV2t016600002.1 NV2t016600002.1, Nematostella_vectensis_NV2t016600001.1 NV2t016600001.1
OG0000160	Calvadosia_cruxmelitensis_Ccrux.Trinity.68883 Ccrux.Trinity.68883	Nematostella_vectensis_NV2t000851001.1 NV2t000851001.1, Nematostella_vectensis_NV2t001272001.1 NV2t001272001.1
OG0000165	Calvadosia_cruxmelitensis_Ccrux.Trinity.5581 Ccrux.Trinity.5581, Calvadosia_cruxmelitensis_Ccrux.Trinity.5580 Ccrux.Trinity.5580	Nematostella_vectensis_NV2t022022001.1 NV2t022022001.1
OG0000166	Calvadosia_cruxmelitensis_Ccrux.Trinity.1466 Ccrux.Trinity.1466	Nematostella_vectensis_NV2t024249001.1 NV2t024249001.1
OG0000176	Calvadosia_cruxmelitensis_Ccrux.Trinity.37744 Ccrux.Trinity.37744, Calvadosia_cruxmelitensis_Ccrux.Trinity.37742 Ccrux.Trinity.37742, Calvadosia_cruxmelitensis_Ccrux.Trinity.37741 Ccrux.Trinity.37741	Nematostella_vectensis_NV2t007812002.1 NV2t007812002.1, Nematostella_vectensis_NV2t007812003.1 NV2t007812003.1, Nematostella_vectensis_NV2t007812001.1 NV2t007812001.1
OG0000177	Calvadosia_cruxmelitensis_Ccrux.Trinity.18042 Ccrux.Trinity.18042, Calvadosia_cruxmelitensis_Ccrux.Trinity.18051 Ccrux.Trinity.18051	Nematostella_vectensis_NV2t013212001.1 NV2t013212001.1
OG0000182	Calvadosia_cruxmelitensis_Ccrux.Trinity.25498 Ccrux.Trinity.25498	Nematostella_vectensis_NV2t006820001.1 NV2t006820001.1
OG0000188	Calvadosia_cruxmelitensis_Ccrux.Trinity.32219 Ccrux.Trinity.32219, Calvadosia_cruxmelitensis_Ccrux.Trinity.32218 Ccrux.Trinity.32218	Nematostella_vectensis_NV2t014070001.1 NV2t014070001.1, Nematostella_vectensis_NV2t000856001.1 NV2t000856001.1, Nematostella_vectensis_NV2t014087001.1 NV2t014087001.1, Nematostella_vectensis_NV2t014076001.1 NV2t014076001.1, Nematostella_vectensis_NV2t014089001.1 NV2t014089001.1
OG0000192	Calvadosia_cruxmelitensis_Ccrux.Trinity.56051 Ccrux.Trinity.56051	Nematostella_vectensis_NV2t007835001.1 NV2t007835001.1, Nematostella_vectensis_NV2t007835002.1 NV2t007835002.1, Nematostella_vectensis_NV2t007835003.1 NV2t007835003.1
OG0000193	Calvadosia_cruxmelitensis_Ccrux.Trinity.15283 Ccrux.Trinity.15283, Calvadosia_cruxmelitensis_Ccrux.Trinity.15279 Ccrux.Trinity.15279	Nematostella_vectensis_NV2t009771001.1 NV2t009771001.1
OG0000194	Calvadosia_cruxmelitensis_Ccrux.Trinity.4794 Ccrux.Trinity.4794, Calvadosia_cruxmelitensis_Ccrux.Trinity.4793 Ccrux.Trinity.4793	Nematostella_vectensis_NV2t011108001.1 NV2t011108001.1, Nematostella_vectensis_NV2t011108002.1 NV2t011108002.1
OG0000195	Calvadosia_cruxmelitensis_Ccrux.Trinity.44374 Ccrux.Trinity.44374, Calvadosia_cruxmelitensis_Ccrux.Trinity.44376 Ccrux.Trinity.44376, Calvadosia_cruxmelitensis_Ccrux.Trinity.44372 Ccrux.Trinity.44372	Nematostella_vectensis_NV2t011142001.1 NV2t011142001.1
OG0000197	Calvadosia_cruxmelitensis_Ccrux.Trinity.32048 Ccrux.Trinity.32048, Calvadosia_cruxmelitensis_Ccrux.Trinity.32050 Ccrux.Trinity.32050, Calvadosia_cruxmelitensis_Ccrux.Trinity.32047 Ccrux.Trinity.32047, Calvadosia_cruxmelitensis_Ccrux.Trinity.32046 Ccrux.Trinity.32046, Calvadosia_cruxmelitensis_Ccrux.Trinity.32049 Ccrux.Trinity.32049, Calvadosia_cruxmelitensis_Ccrux.Trinity.32051 Ccrux.Trinity.32051	Nematostella_vectensis_NV2t013381001.1 NV2t013381001.1, Nematostella_vectensis_NV2t015283001.1 NV2t015283001.1
OG0000199	Calvadosia_cruxmelitensis_Ccrux.Trinity.25100 Ccrux.Trinity.25100	Nematostella_vectensis_NV2t017578001.1 NV2t017578001.1
OG0000200	Calvadosia_cruxmelitensis_Ccrux.Trinity.18866 Ccrux.Trinity.18866	Nematostella_vectensis_NV2t002853001.1 NV2t002853001.1
OG0000201	Calvadosia_cruxmelitensis_Ccrux.Trinity.26513 Ccrux.Trinity.26513, Calvadosia_cruxmelitensis_Ccrux.Trinity.26511 Ccrux.Trinity.26511	Nematostella_vectensis_NV2t000988005.1 NV2t000988005.1, Nematostella_vectensis_NV2t000988003.1 NV2t000988003.1, Nematostella_vectensis_NV2t000988004.1 NV2t000988004.1, Nematostella_vectensis_NV2t000988001.1 NV2t000988001.1, Nematostella_vectensis_NV2t000988002.1 NV2t000988002.1
OG0000203	Calvadosia_cruxmelitensis_Ccrux.Trinity.69582 Ccrux.Trinity.69582	Nematostella_vectensis_NV2t022236001.1 NV2t022236001.1
OG0000209	Calvadosia_cruxmelitensis_Ccrux.Trinity.28583 Ccrux.Trinity.28583, Calvadosia_cruxmelitensis_Ccrux.Trinity.28580 Ccrux.Trinity.28580	Nematostella_vectensis_NV2t022763001.1 NV2t022763001.1
OG0000210	Calvadosia_cruxmelitensis_Ccrux.Trinity.21750 Ccrux.Trinity.21750	Nematostella_vectensis_NV2t021186001.1 NV2t021186001.1, Nematostella_vectensis_NV2t019015002.1 NV2t019015002.1
OG0000211	Calvadosia_cruxmelitensis_Ccrux.Trinity.22700 Ccrux.Trinity.22700, Calvadosia_cruxmelitensis_Ccrux.Trinity.22695 Ccrux.Trinity.22695, Calvadosia_cruxmelitensis_Ccrux.Trinity.22699 Ccrux.Trinity.22699, Calvadosia_cruxmelitensis_Ccrux.Trinity.22697 Ccrux.Trinity.22697	Nematostella_vectensis_NV2t025670003.1 NV2t025670003.1, Nematostella_vectensis_NV2t025670006.1 NV2t025670006.1
OG0000212	Calvadosia_cruxmelitensis_Ccrux.Trinity.29726 Ccrux.Trinity.29726, Calvadosia_cruxmelitensis_Ccrux.Trinity.29725 Ccrux.Trinity.29725, Calvadosia_cruxmelitensis_Ccrux.Trinity.29724 Ccrux.Trinity.29724	Nematostella_vectensis_NV2t025332003.1 NV2t025332003.1, Nematostella_vectensis_NV2t025332002.1 NV2t025332002.1
OG0000214	Calvadosia_cruxmelitensis_Ccrux.Trinity.627 Ccrux.Trinity.627, Calvadosia_cruxmelitensis_Ccrux.Trinity.628 Ccrux.Trinity.628	Nematostella_vectensis_NV2t024154001.1 NV2t024154001.1
OG0000219	Calvadosia_cruxmelitensis_Ccrux.Trinity.33717 Ccrux.Trinity.33717, Calvadosia_cruxmelitensis_Ccrux.Trinity.33715 Ccrux.Trinity.33715	Nematostella_vectensis_NV2t022330001.1 NV2t022330001.1
OG0000229	Calvadosia_cruxmelitensis_Ccrux.Trinity.74101 Ccrux.Trinity.74101	Nematostella_vectensis_NV2t021107001.1 NV2t021107001.1
OG0000231	Calvadosia_cruxmelitensis_Ccrux.Trinity.52579 Ccrux.Trinity.52579	Nematostella_vectensis_NV2t012221001.1 NV2t012221001.1
OG0000235	Calvadosia_cruxmelitensis_Ccrux.Trinity.13886 Ccrux.Trinity.13886, Calvadosia_cruxmelitensis_Ccrux.Trinity.13884 Ccrux.Trinity.13884	Nematostella_vectensis_NV2t010668001.1 NV2t010668001.1
OG0000237	Calvadosia_cruxmelitensis_Ccrux.Trinity.17741 Ccrux.Trinity.17741, Calvadosia_cruxmelitensis_Ccrux.Trinity.17745 Ccrux.Trinity.17745	Nematostella_vectensis_NV2t022294001.1 NV2t022294001.1
OG0000239	Calvadosia_cruxmelitensis_Ccrux.Trinity.27203 Ccrux.Trinity.27203	Nematostella_vectensis_NV2t009537001.1 NV2t009537001.1
OG0000248	Calvadosia_cruxmelitensis_Ccrux.Trinity.26843 Ccrux.Trinity.26843	Nematostella_vectensis_NV2t006365001.1 NV2t006365001.1
OG0000253	Calvadosia_cruxmelitensis_Ccrux.Trinity.7701 Ccrux.Trinity.7701, Calvadosia_cruxmelitensis_Ccrux.Trinity.7700 Ccrux.Trinity.7700	Nematostella_vectensis_NV2t014946001.1 NV2t014946001.1
OG0000262	Calvadosia_cruxmelitensis_Ccrux.Trinity.21639 Ccrux.Trinity.21639, Calvadosia_cruxmelitensis_Ccrux.Trinity.21638 Ccrux.Trinity.21638, Calvadosia_cruxmelitensis_Ccrux.Trinity.21636 Ccrux.Trinity.21636	Nematostella_vectensis_NV2t021578001.1 NV2t021578001.1
OG0000265	Calvadosia_cruxmelitensis_Ccrux.Trinity.72800 Ccrux.Trinity.72800, Calvadosia_cruxmelitensis_Ccrux.Trinity.72796 Ccrux.Trinity.72796	Nematostella_vectensis_NV2t021328001.1 NV2t021328001.1
OG0000267	Calvadosia_cruxmelitensis_Ccrux.Trinity.26944 Ccrux.Trinity.26944, Calvadosia_cruxmelitensis_Ccrux.Trinity.26946 Ccrux.Trinity.26946, Calvadosia_cruxmelitensis_Ccrux.Trinity.26947 Ccrux.Trinity.26947, Calvadosia_cruxmelitensis_Ccrux.Trinity.7421 Ccrux.Trinity.7421	Nematostella_vectensis_NV2t024051001.1 NV2t024051001.1
OG0000272	Calvadosia_cruxmelitensis_Ccrux.Trinity.2582 Ccrux.Trinity.2582, Calvadosia_cruxmelitensis_Ccrux.Trinity.2580 Ccrux.Trinity.2580, Calvadosia_cruxmelitensis_Ccrux.Trinity.16987 Ccrux.Trinity.16987	Nematostella_vectensis_NV2t013883004.1 NV2t013883004.1, Nematostella_vectensis_NV2t013883001.1 NV2t013883001.1, Nematostella_vectensis_NV2t013883003.1 NV2t013883003.1, Nematostella_vectensis_NV2t013883002.1 NV2t013883002.1
OG0000278	Calvadosia_cruxmelitensis_Ccrux.Trinity.42455 Ccrux.Trinity.42455, Calvadosia_cruxmelitensis_Ccrux.Trinity.42451 Ccrux.Trinity.42451, Calvadosia_cruxmelitensis_Ccrux.Trinity.42450 Ccrux.Trinity.42450	Nematostella_vectensis_NV2t005700001.1 NV2t005700001.1, Nematostella_vectensis_NV2t005700002.1 NV2t005700002.1
OG0000279	Calvadosia_cruxmelitensis_Ccrux.Trinity.60900 Ccrux.Trinity.60900	Nematostella_vectensis_NV2t003253001.1 NV2t003253001.1, Nematostella_vectensis_NV2t003253002.1 NV2t003253002.1
OG0000280	Calvadosia_cruxmelitensis_Ccrux.Trinity.40430 Ccrux.Trinity.40430, Calvadosia_cruxmelitensis_Ccrux.Trinity.40434 Ccrux.Trinity.40434, Calvadosia_cruxmelitensis_Ccrux.Trinity.40433 Ccrux.Trinity.40433, Calvadosia_cruxmelitensis_Ccrux.Trinity.40427 Ccrux.Trinity.40427	Nematostella_vectensis_NV2t000161001.1 NV2t000161001.1
OG0000282	Calvadosia_cruxmelitensis_Ccrux.Trinity.62444 Ccrux.Trinity.62444	Nematostella_vectensis_NV2t010745001.1 NV2t010745001.1
OG0000285	Calvadosia_cruxmelitensis_Ccrux.Trinity.63015 Ccrux.Trinity.63015	Nematostella_vectensis_NV2t021271001.1 NV2t021271001.1, Nematostella_vectensis_NV2t021271002.1 NV2t021271002.1
OG0000286	Calvadosia_cruxmelitensis_Ccrux.Trinity.21233 Ccrux.Trinity.21233	Nematostella_vectensis_NV2t009055002.1 NV2t009055002.1, Nematostella_vectensis_NV2t009055003.1 NV2t009055003.1, Nematostella_vectensis_NV2t009055001.1 NV2t009055001.1
OG0000301	Calvadosia_cruxmelitensis_Ccrux.Trinity.17255 Ccrux.Trinity.17255, Calvadosia_cruxmelitensis_Ccrux.Trinity.17261 Ccrux.Trinity.17261, Calvadosia_cruxmelitensis_Ccrux.Trinity.17258 Ccrux.Trinity.17258	Nematostella_vectensis_NV2t002923001.1 NV2t002923001.1, Nematostella_vectensis_NV2t021872001.1 NV2t021872001.1, Nematostella_vectensis_NV2t016661001.1 NV2t016661001.1
OG0000302	Calvadosia_cruxmelitensis_Ccrux.Trinity.56854 Ccrux.Trinity.56854	Nematostella_vectensis_NV2t011814001.1 NV2t011814001.1
OG0000303	Calvadosia_cruxmelitensis_Ccrux.Trinity.8886 Ccrux.Trinity.8886	Nematostella_vectensis_NV2t018394001.1 NV2t018394001.1, Nematostella_vectensis_NV2t018394004.1 NV2t018394004.1, Nematostella_vectensis_NV2t018394003.1 NV2t018394003.1, Nematostella_vectensis_NV2t018394005.1 NV2t018394005.1, Nematostella_vectensis_NV2t018394002.1 NV2t018394002.1
OG0000309	Calvadosia_cruxmelitensis_Ccrux.Trinity.64061 Ccrux.Trinity.64061	Nematostella_vectensis_NV2t023330001.1 NV2t023330001.1
OG0000318	Calvadosia_cruxmelitensis_Ccrux.Trinity.798 Ccrux.Trinity.798	Nematostella_vectensis_NV2t001044001.1 NV2t001044001.1, Nematostella_vectensis_NV2t001045002.1 NV2t001045002.1, Nematostella_vectensis_NV2t001045001.1 NV2t001045001.1, Nematostella_vectensis_NV2t001047003.1 NV2t001047003.1, Nematostella_vectensis_NV2t001047001.1 NV2t001047001.1, Nematostella_vectensis_NV2t001047002.1 NV2t001047002.1
OG0000330	Calvadosia_cruxmelitensis_Ccrux.Trinity.6820 Ccrux.Trinity.6820, Calvadosia_cruxmelitensis_Ccrux.Trinity.6824 Ccrux.Trinity.6824	Nematostella_vectensis_NV2t012621001.1 NV2t012621001.1, Nematostella_vectensis_NV2t012623001.1 NV2t012623001.1
OG0000332	Calvadosia_cruxmelitensis_Ccrux.Trinity.47866 Ccrux.Trinity.47866, Calvadosia_cruxmelitensis_Ccrux.Trinity.39504 Ccrux.Trinity.39504, Calvadosia_cruxmelitensis_Ccrux.Trinity.39502 Ccrux.Trinity.39502, Calvadosia_cruxmelitensis_Ccrux.Trinity.39499 Ccrux.Trinity.39499, Calvadosia_cruxmelitensis_Ccrux.Trinity.39498 Ccrux.Trinity.39498, Calvadosia_cruxmelitensis_Ccrux.Trinity.39500 Ccrux.Trinity.39500, Calvadosia_cruxmelitensis_Ccrux.Trinity.37257 Ccrux.Trinity.37257, Calvadosia_cruxmelitensis_Ccrux.Trinity.37258 Ccrux.Trinity.37258, Calvadosia_cruxmelitensis_Ccrux.Trinity.47863 Ccrux.Trinity.47863, Calvadosia_cruxmelitensis_Ccrux.Trinity.47849 Ccrux.Trinity.47849, Calvadosia_cruxmelitensis_Ccrux.Trinity.47855 Ccrux.Trinity.47855	Nematostella_vectensis_NV2t021828001.1 NV2t021828001.1
OG0000344	Calvadosia_cruxmelitensis_Ccrux.Trinity.28926 Ccrux.Trinity.28926	Nematostella_vectensis_NV2t021613001.1 NV2t021613001.1
OG0000349	Calvadosia_cruxmelitensis_Ccrux.Trinity.33745 Ccrux.Trinity.33745, Calvadosia_cruxmelitensis_Ccrux.Trinity.70687 Ccrux.Trinity.70687	Nematostella_vectensis_NV2t007560001.1 NV2t007560001.1
OG0000350	Calvadosia_cruxmelitensis_Ccrux.Trinity.23365 Ccrux.Trinity.23365, Calvadosia_cruxmelitensis_Ccrux.Trinity.23363 Ccrux.Trinity.23363, Calvadosia_cruxmelitensis_Ccrux.Trinity.23360 Ccrux.Trinity.23360	Nematostella_vectensis_NV2t008096001.1 NV2t008096001.1
OG0000364	Calvadosia_cruxmelitensis_Ccrux.Trinity.31832 Ccrux.Trinity.31832, Calvadosia_cruxmelitensis_Ccrux.Trinity.31841 Ccrux.Trinity.31841, Calvadosia_cruxmelitensis_Ccrux.Trinity.31821 Ccrux.Trinity.31821, Calvadosia_cruxmelitensis_Ccrux.Trinity.31829 Ccrux.Trinity.31829, Calvadosia_cruxmelitensis_Ccrux.Trinity.31827 Ccrux.Trinity.31827	Nematostella_vectensis_NV2t006373001.1 NV2t006373001.1
OG0000398	Calvadosia_cruxmelitensis_Ccrux.Trinity.16174 Ccrux.Trinity.16174, Calvadosia_cruxmelitensis_Ccrux.Trinity.16173 Ccrux.Trinity.16173	Nematostella_vectensis_NV2t003266001.1 NV2t003266001.1, Nematostella_vectensis_NV2t003632001.1 NV2t003632001.1
OG0000399	Calvadosia_cruxmelitensis_Ccrux.Trinity.22814 Ccrux.Trinity.22814, Calvadosia_cruxmelitensis_Ccrux.Trinity.22808 Ccrux.Trinity.22808, Calvadosia_cruxmelitensis_Ccrux.Trinity.22816 Ccrux.Trinity.22816	Nematostella_vectensis_NV2t006344001.1 NV2t006344001.1
OG0000418	Calvadosia_cruxmelitensis_Ccrux.Trinity.68019 Ccrux.Trinity.68019, Calvadosia_cruxmelitensis_Ccrux.Trinity.14126 Ccrux.Trinity.14126	Nematostella_vectensis_NV2t014749001.1 NV2t014749001.1
OG0000436	Calvadosia_cruxmelitensis_Ccrux.Trinity.52043 Ccrux.Trinity.52043	Nematostella_vectensis_NV2t002072001.1 NV2t002072001.1
OG0000476	Calvadosia_cruxmelitensis_Ccrux.Trinity.1151 Ccrux.Trinity.1151	Nematostella_vectensis_NV2t008265001.1 NV2t008265001.1
OG0000500	Calvadosia_cruxmelitensis_Ccrux.Trinity.7483 Ccrux.Trinity.7483	Nematostella_vectensis_NV2t000112002.1 NV2t000112002.1
OG0000536	Calvadosia_cruxmelitensis_Ccrux.Trinity.45767 Ccrux.Trinity.45767	Nematostella_vectensis_NV2t000839001.1 NV2t000839001.1, Nematostella_vectensis_NV2t000839003.1 NV2t000839003.1, Nematostella_vectensis_NV2t000840001.1 NV2t000840001.1, Nematostella_vectensis_NV2t000837004.1 NV2t000837004.1, Nematostella_vectensis_NV2t000837003.1 NV2t000837003.1, Nematostella_vectensis_NV2t000837002.1 NV2t000837002.1, Nematostella_vectensis_NV2t000837005.1 NV2t000837005.1
OG0000599	Calvadosia_cruxmelitensis_Ccrux.Trinity.65817 Ccrux.Trinity.65817	Nematostella_vectensis_NV2t016360001.1 NV2t016360001.1, Nematostella_vectensis_NV2t016360002.1 NV2t016360002.1
OG0000601	Calvadosia_cruxmelitensis_Ccrux.Trinity.2734 Ccrux.Trinity.2734	Nematostella_vectensis_NV2t011073001.1 NV2t011073001.1
OG0000715	Calvadosia_cruxmelitensis_Ccrux.Trinity.19368 Ccrux.Trinity.19368	Nematostella_vectensis_NV2t017626001.1 NV2t017626001.1
OG0000882	Calvadosia_cruxmelitensis_Ccrux.Trinity.61696 Ccrux.Trinity.61696	Nematostella_vectensis_NV2t014569002.1 NV2t014569002.1, Nematostella_vectensis_NV2t014569001.1 NV2t014569001.1
OG0000895	Calvadosia_cruxmelitensis_Ccrux.Trinity.52512 Ccrux.Trinity.52512	Nematostella_vectensis_NV2t003719001.1 NV2t003719001.1
OG0001169	Calvadosia_cruxmelitensis_Ccrux.Trinity.19790 Ccrux.Trinity.19790	Nematostella_vectensis_NV2t016074001.1 NV2t016074001.1
OG0001177	Calvadosia_cruxmelitensis_Ccrux.Trinity.67699 Ccrux.Trinity.67699	Nematostella_vectensis_NV2t017000002.1 NV2t017000002.1, Nematostella_vectensis_NV2t017000001.1 NV2t017000001.1
OG0001563	Calvadosia_cruxmelitensis_Ccrux.Trinity.74380 Ccrux.Trinity.74380, Calvadosia_cruxmelitensis_Ccrux.Trinity.74378 Ccrux.Trinity.74378	Nematostella_vectensis_NV2t001800001.1 NV2t001800001.1
OG0001571	Calvadosia_cruxmelitensis_Ccrux.Trinity.28210 Ccrux.Trinity.28210	Nematostella_vectensis_NV2t016522001.1 NV2t016522001.1
OG0002028	Calvadosia_cruxmelitensis_Ccrux.Trinity.3075 Ccrux.Trinity.3075	Nematostella_vectensis_NV2t016930001.1 NV2t016930001.1
