Orthogroup	Cnidaria_Staurozoa_Calvadosia_cruxmelitensis	Ctenophora_Tentaculata_Mnemiopsis_leidyi
OG0000001	Calvadosia_cruxmelitensis_Ccrux.Trinity.33421 Ccrux.Trinity.33421, Calvadosia_cruxmelitensis_Ccrux.Trinity.8636 Ccrux.Trinity.8636	Mnemiopsis_leidyi_ML035910a ML035910a
OG0000001	Calvadosia_cruxmelitensis_Ccrux.Trinity.23735 Ccrux.Trinity.23735, Calvadosia_cruxmelitensis_Ccrux.Trinity.23733 Ccrux.Trinity.23733	Mnemiopsis_leidyi_ML17591a ML17591a
OG0000001	Calvadosia_cruxmelitensis_Ccrux.Trinity.15136 Ccrux.Trinity.15136	Mnemiopsis_leidyi_ML21866a ML21866a
OG0000001	Calvadosia_cruxmelitensis_Ccrux.Trinity.70250 Ccrux.Trinity.70250, Calvadosia_cruxmelitensis_Ccrux.Trinity.33425 Ccrux.Trinity.33425, Calvadosia_cruxmelitensis_Ccrux.Trinity.33423 Ccrux.Trinity.33423, Calvadosia_cruxmelitensis_Ccrux.Trinity.33422 Ccrux.Trinity.33422, Calvadosia_cruxmelitensis_Ccrux.Trinity.33427 Ccrux.Trinity.33427	Mnemiopsis_leidyi_ML20591a ML20591a, Mnemiopsis_leidyi_ML05951a ML05951a
OG0000002	Calvadosia_cruxmelitensis_Ccrux.Trinity.45769 Ccrux.Trinity.45769	Mnemiopsis_leidyi_ML06976a ML06976a
OG0000002	Calvadosia_cruxmelitensis_Ccrux.Trinity.40216 Ccrux.Trinity.40216, Calvadosia_cruxmelitensis_Ccrux.Trinity.40220 Ccrux.Trinity.40220, Calvadosia_cruxmelitensis_Ccrux.Trinity.40212 Ccrux.Trinity.40212, Calvadosia_cruxmelitensis_Ccrux.Trinity.40218 Ccrux.Trinity.40218, Calvadosia_cruxmelitensis_Ccrux.Trinity.48847 Ccrux.Trinity.48847, Calvadosia_cruxmelitensis_Ccrux.Trinity.48848 Ccrux.Trinity.48848	Mnemiopsis_leidyi_ML049019a ML049019a, Mnemiopsis_leidyi_ML34222a ML34222a
OG0000002	Calvadosia_cruxmelitensis_Ccrux.Trinity.13790 Ccrux.Trinity.13790, Calvadosia_cruxmelitensis_Ccrux.Trinity.58446 Ccrux.Trinity.58446	Mnemiopsis_leidyi_ML05299a ML05299a, Mnemiopsis_leidyi_ML016334a ML016334a
OG0000002	Calvadosia_cruxmelitensis_Ccrux.Trinity.60674 Ccrux.Trinity.60674	Mnemiopsis_leidyi_ML033229a ML033229a
OG0000002	Calvadosia_cruxmelitensis_Ccrux.Trinity.55054 Ccrux.Trinity.55054	Mnemiopsis_leidyi_ML093048a ML093048a
OG0000002	Calvadosia_cruxmelitensis_Ccrux.Trinity.59035 Ccrux.Trinity.59035	Mnemiopsis_leidyi_ML27988a ML27988a
OG0000002	Calvadosia_cruxmelitensis_Ccrux.Trinity.66227 Ccrux.Trinity.66227, Calvadosia_cruxmelitensis_Ccrux.Trinity.9254 Ccrux.Trinity.9254	Mnemiopsis_leidyi_ML07453a ML07453a
OG0000003	Calvadosia_cruxmelitensis_Ccrux.Trinity.72236 Ccrux.Trinity.72236, Calvadosia_cruxmelitensis_Ccrux.Trinity.60462 Ccrux.Trinity.60462, Calvadosia_cruxmelitensis_Ccrux.Trinity.73549 Ccrux.Trinity.73549	Mnemiopsis_leidyi_ML01785a ML01785a
OG0000003	Calvadosia_cruxmelitensis_Ccrux.Trinity.59807 Ccrux.Trinity.59807	Mnemiopsis_leidyi_ML01786a ML01786a
OG0000003	Calvadosia_cruxmelitensis_Ccrux.Trinity.67573 Ccrux.Trinity.67573, Calvadosia_cruxmelitensis_Ccrux.Trinity.72435 Ccrux.Trinity.72435, Calvadosia_cruxmelitensis_Ccrux.Trinity.74546 Ccrux.Trinity.74546, Calvadosia_cruxmelitensis_Ccrux.Trinity.24225 Ccrux.Trinity.24225, Calvadosia_cruxmelitensis_Ccrux.Trinity.16785 Ccrux.Trinity.16785, Calvadosia_cruxmelitensis_Ccrux.Trinity.56752 Ccrux.Trinity.56752	Mnemiopsis_leidyi_ML090113a ML090113a
OG0000004	Calvadosia_cruxmelitensis_Ccrux.Trinity.25108 Ccrux.Trinity.25108, Calvadosia_cruxmelitensis_Ccrux.Trinity.25110 Ccrux.Trinity.25110, Calvadosia_cruxmelitensis_Ccrux.Trinity.25109 Ccrux.Trinity.25109	Mnemiopsis_leidyi_ML077636a ML077636a, Mnemiopsis_leidyi_ML270522a ML270522a
OG0000005	Calvadosia_cruxmelitensis_Ccrux.Trinity.5034 Ccrux.Trinity.5034, Calvadosia_cruxmelitensis_Ccrux.Trinity.9020 Ccrux.Trinity.9020, Calvadosia_cruxmelitensis_Ccrux.Trinity.63285 Ccrux.Trinity.63285	Mnemiopsis_leidyi_ML073034a ML073034a
OG0000005	Calvadosia_cruxmelitensis_Ccrux.Trinity.56607 Ccrux.Trinity.56607	Mnemiopsis_leidyi_ML104615a ML104615a, Mnemiopsis_leidyi_ML104616a ML104616a, Mnemiopsis_leidyi_ML00083a ML00083a
OG0000006	Calvadosia_cruxmelitensis_Ccrux.Trinity.30116 Ccrux.Trinity.30116	Mnemiopsis_leidyi_ML085031a ML085031a
OG0000008	Calvadosia_cruxmelitensis_Ccrux.Trinity.66398 Ccrux.Trinity.66398	Mnemiopsis_leidyi_ML09866a ML09866a, Mnemiopsis_leidyi_ML128618a ML128618a
OG0000009	Calvadosia_cruxmelitensis_Ccrux.Trinity.21187 Ccrux.Trinity.21187, Calvadosia_cruxmelitensis_Ccrux.Trinity.21188 Ccrux.Trinity.21188, Calvadosia_cruxmelitensis_Ccrux.Trinity.21184 Ccrux.Trinity.21184	Mnemiopsis_leidyi_ML31401a ML31401a, Mnemiopsis_leidyi_ML007435a ML007435a
OG0000010	Calvadosia_cruxmelitensis_Ccrux.Trinity.72958 Ccrux.Trinity.72958	Mnemiopsis_leidyi_ML073043a ML073043a
OG0000010	Calvadosia_cruxmelitensis_Ccrux.Trinity.58517 Ccrux.Trinity.58517, Calvadosia_cruxmelitensis_Ccrux.Trinity.57575 Ccrux.Trinity.57575, Calvadosia_cruxmelitensis_Ccrux.Trinity.36547 Ccrux.Trinity.36547, Calvadosia_cruxmelitensis_Ccrux.Trinity.36546 Ccrux.Trinity.36546	Mnemiopsis_leidyi_ML004921a ML004921a
OG0000010	Calvadosia_cruxmelitensis_Ccrux.Trinity.29340 Ccrux.Trinity.29340, Calvadosia_cruxmelitensis_Ccrux.Trinity.2222 Ccrux.Trinity.2222, Calvadosia_cruxmelitensis_Ccrux.Trinity.2223 Ccrux.Trinity.2223, Calvadosia_cruxmelitensis_Ccrux.Trinity.67054 Ccrux.Trinity.67054, Calvadosia_cruxmelitensis_Ccrux.Trinity.42201 Ccrux.Trinity.42201, Calvadosia_cruxmelitensis_Ccrux.Trinity.19248 Ccrux.Trinity.19248, Calvadosia_cruxmelitensis_Ccrux.Trinity.6213 Ccrux.Trinity.6213, Calvadosia_cruxmelitensis_Ccrux.Trinity.6216 Ccrux.Trinity.6216, Calvadosia_cruxmelitensis_Ccrux.Trinity.9249 Ccrux.Trinity.9249, Calvadosia_cruxmelitensis_Ccrux.Trinity.9248 Ccrux.Trinity.9248	Mnemiopsis_leidyi_ML00905a ML00905a
OG0000011	Calvadosia_cruxmelitensis_Ccrux.Trinity.55252 Ccrux.Trinity.55252	Mnemiopsis_leidyi_ML040527a ML040527a, Mnemiopsis_leidyi_ML049626a ML049626a, Mnemiopsis_leidyi_ML020038a ML020038a, Mnemiopsis_leidyi_ML24001a ML24001a, Mnemiopsis_leidyi_ML07111a ML07111a, Mnemiopsis_leidyi_ML30814a ML30814a, Mnemiopsis_leidyi_ML00872a ML00872a, Mnemiopsis_leidyi_ML120750a ML120750a, Mnemiopsis_leidyi_ML046712a ML046712a, Mnemiopsis_leidyi_ML07112a ML07112a
OG0000012	Calvadosia_cruxmelitensis_Ccrux.Trinity.17540 Ccrux.Trinity.17540, Calvadosia_cruxmelitensis_Ccrux.Trinity.18442 Ccrux.Trinity.18442	Mnemiopsis_leidyi_ML31161a ML31161a, Mnemiopsis_leidyi_ML03227a ML03227a, Mnemiopsis_leidyi_ML231816a ML231816a
OG0000012	Calvadosia_cruxmelitensis_Ccrux.Trinity.71725 Ccrux.Trinity.71725	Mnemiopsis_leidyi_ML065752a ML065752a, Mnemiopsis_leidyi_ML12185a ML12185a, Mnemiopsis_leidyi_ML11032a ML11032a, Mnemiopsis_leidyi_ML022012a ML022012a, Mnemiopsis_leidyi_ML11033a ML11033a, Mnemiopsis_leidyi_ML41863a ML41863a
OG0000012	Calvadosia_cruxmelitensis_Ccrux.Trinity.67526 Ccrux.Trinity.67526, Calvadosia_cruxmelitensis_Ccrux.Trinity.53296 Ccrux.Trinity.53296	Mnemiopsis_leidyi_ML189317a ML189317a, Mnemiopsis_leidyi_ML00495a ML00495a
OG0000013	Calvadosia_cruxmelitensis_Ccrux.Trinity.12887 Ccrux.Trinity.12887, Calvadosia_cruxmelitensis_Ccrux.Trinity.12891 Ccrux.Trinity.12891, Calvadosia_cruxmelitensis_Ccrux.Trinity.12894 Ccrux.Trinity.12894	Mnemiopsis_leidyi_ML101013a ML101013a
OG0000013	Calvadosia_cruxmelitensis_Ccrux.Trinity.26518 Ccrux.Trinity.26518, Calvadosia_cruxmelitensis_Ccrux.Trinity.26520 Ccrux.Trinity.26520, Calvadosia_cruxmelitensis_Ccrux.Trinity.26523 Ccrux.Trinity.26523, Calvadosia_cruxmelitensis_Ccrux.Trinity.65958 Ccrux.Trinity.65958	Mnemiopsis_leidyi_ML06021a ML06021a
OG0000015	Calvadosia_cruxmelitensis_Ccrux.Trinity.58363 Ccrux.Trinity.58363, Calvadosia_cruxmelitensis_Ccrux.Trinity.883 Ccrux.Trinity.883	Mnemiopsis_leidyi_ML25991a ML25991a
OG0000015	Calvadosia_cruxmelitensis_Ccrux.Trinity.11284 Ccrux.Trinity.11284, Calvadosia_cruxmelitensis_Ccrux.Trinity.70444 Ccrux.Trinity.70444, Calvadosia_cruxmelitensis_Ccrux.Trinity.70523 Ccrux.Trinity.70523	Mnemiopsis_leidyi_ML17012a ML17012a
OG0000016	Calvadosia_cruxmelitensis_Ccrux.Trinity.71853 Ccrux.Trinity.71853	Mnemiopsis_leidyi_ML22971a ML22971a
OG0000016	Calvadosia_cruxmelitensis_Ccrux.Trinity.66431 Ccrux.Trinity.66431	Mnemiopsis_leidyi_ML13379a ML13379a, Mnemiopsis_leidyi_ML073224a ML073224a, Mnemiopsis_leidyi_ML305524a ML305524a, Mnemiopsis_leidyi_ML227810a ML227810a, Mnemiopsis_leidyi_ML14713a ML14713a, Mnemiopsis_leidyi_ML14714a ML14714a, Mnemiopsis_leidyi_ML030215a ML030215a, Mnemiopsis_leidyi_ML35325a ML35325a, Mnemiopsis_leidyi_ML110511a ML110511a, Mnemiopsis_leidyi_ML33825a ML33825a, Mnemiopsis_leidyi_ML11342a ML11342a, Mnemiopsis_leidyi_ML104211a ML104211a, Mnemiopsis_leidyi_ML218938a ML218938a
OG0000016	Calvadosia_cruxmelitensis_Ccrux.Trinity.74298 Ccrux.Trinity.74298	Mnemiopsis_leidyi_ML077631a ML077631a
OG0000017	Calvadosia_cruxmelitensis_Ccrux.Trinity.44434 Ccrux.Trinity.44434, Calvadosia_cruxmelitensis_Ccrux.Trinity.44430 Ccrux.Trinity.44430, Calvadosia_cruxmelitensis_Ccrux.Trinity.44438 Ccrux.Trinity.44438, Calvadosia_cruxmelitensis_Ccrux.Trinity.44437 Ccrux.Trinity.44437	Mnemiopsis_leidyi_ML04477a ML04477a, Mnemiopsis_leidyi_ML025013a ML025013a, Mnemiopsis_leidyi_ML005334a ML005334a, Mnemiopsis_leidyi_ML098613a ML098613a, Mnemiopsis_leidyi_ML098614a ML098614a
OG0000017	Calvadosia_cruxmelitensis_Ccrux.Trinity.16708 Ccrux.Trinity.16708, Calvadosia_cruxmelitensis_Ccrux.Trinity.16709 Ccrux.Trinity.16709	Mnemiopsis_leidyi_ML023111a ML023111a, Mnemiopsis_leidyi_ML200228a ML200228a, Mnemiopsis_leidyi_ML200229a ML200229a
OG0000018	Calvadosia_cruxmelitensis_Ccrux.Trinity.22524 Ccrux.Trinity.22524	Mnemiopsis_leidyi_ML044129a ML044129a
OG0000019	Calvadosia_cruxmelitensis_Ccrux.Trinity.63047 Ccrux.Trinity.63047	Mnemiopsis_leidyi_ML102235a ML102235a
OG0000019	Calvadosia_cruxmelitensis_Ccrux.Trinity.70202 Ccrux.Trinity.70202, Calvadosia_cruxmelitensis_Ccrux.Trinity.49605 Ccrux.Trinity.49605, Calvadosia_cruxmelitensis_Ccrux.Trinity.49604 Ccrux.Trinity.49604	Mnemiopsis_leidyi_ML35889a ML35889a
OG0000019	Calvadosia_cruxmelitensis_Ccrux.Trinity.13406 Ccrux.Trinity.13406, Calvadosia_cruxmelitensis_Ccrux.Trinity.13401 Ccrux.Trinity.13401, Calvadosia_cruxmelitensis_Ccrux.Trinity.2304 Ccrux.Trinity.2304, Calvadosia_cruxmelitensis_Ccrux.Trinity.66596 Ccrux.Trinity.66596, Calvadosia_cruxmelitensis_Ccrux.Trinity.66348 Ccrux.Trinity.66348, Calvadosia_cruxmelitensis_Ccrux.Trinity.70789 Ccrux.Trinity.70789	Mnemiopsis_leidyi_ML218835a ML218835a
OG0000019	Calvadosia_cruxmelitensis_Ccrux.Trinity.9787 Ccrux.Trinity.9787	Mnemiopsis_leidyi_ML34871b ML34871b
OG0000022	Calvadosia_cruxmelitensis_Ccrux.Trinity.16893 Ccrux.Trinity.16893, Calvadosia_cruxmelitensis_Ccrux.Trinity.16889 Ccrux.Trinity.16889, Calvadosia_cruxmelitensis_Ccrux.Trinity.16885 Ccrux.Trinity.16885, Calvadosia_cruxmelitensis_Ccrux.Trinity.16879 Ccrux.Trinity.16879, Calvadosia_cruxmelitensis_Ccrux.Trinity.1025 Ccrux.Trinity.1025, Calvadosia_cruxmelitensis_Ccrux.Trinity.1024 Ccrux.Trinity.1024	Mnemiopsis_leidyi_ML01536a ML01536a, Mnemiopsis_leidyi_ML00134a ML00134a, Mnemiopsis_leidyi_ML139112a ML139112a
OG0000022	Calvadosia_cruxmelitensis_Ccrux.Trinity.62820 Ccrux.Trinity.62820, Calvadosia_cruxmelitensis_Ccrux.Trinity.25376 Ccrux.Trinity.25376, Calvadosia_cruxmelitensis_Ccrux.Trinity.25386 Ccrux.Trinity.25386, Calvadosia_cruxmelitensis_Ccrux.Trinity.25378 Ccrux.Trinity.25378, Calvadosia_cruxmelitensis_Ccrux.Trinity.25383 Ccrux.Trinity.25383, Calvadosia_cruxmelitensis_Ccrux.Trinity.25387 Ccrux.Trinity.25387	Mnemiopsis_leidyi_ML148937a ML148937a, Mnemiopsis_leidyi_ML08207a ML08207a, Mnemiopsis_leidyi_ML03242a ML03242a
OG0000023	Calvadosia_cruxmelitensis_Ccrux.Trinity.55494 Ccrux.Trinity.55494	Mnemiopsis_leidyi_ML069122a ML069122a, Mnemiopsis_leidyi_ML05372a ML05372a
OG0000024	Calvadosia_cruxmelitensis_Ccrux.Trinity.70291 Ccrux.Trinity.70291, Calvadosia_cruxmelitensis_Ccrux.Trinity.24636 Ccrux.Trinity.24636, Calvadosia_cruxmelitensis_Ccrux.Trinity.73985 Ccrux.Trinity.73985, Calvadosia_cruxmelitensis_Ccrux.Trinity.73984 Ccrux.Trinity.73984, Calvadosia_cruxmelitensis_Ccrux.Trinity.60000 Ccrux.Trinity.60000, Calvadosia_cruxmelitensis_Ccrux.Trinity.16064 Ccrux.Trinity.16064, Calvadosia_cruxmelitensis_Ccrux.Trinity.16063 Ccrux.Trinity.16063, Calvadosia_cruxmelitensis_Ccrux.Trinity.16066 Ccrux.Trinity.16066, Calvadosia_cruxmelitensis_Ccrux.Trinity.1592 Ccrux.Trinity.1592, Calvadosia_cruxmelitensis_Ccrux.Trinity.1591 Ccrux.Trinity.1591, Calvadosia_cruxmelitensis_Ccrux.Trinity.10890 Ccrux.Trinity.10890, Calvadosia_cruxmelitensis_Ccrux.Trinity.3789 Ccrux.Trinity.3789	Mnemiopsis_leidyi_ML327428a ML327428a, Mnemiopsis_leidyi_ML37461a ML37461a
OG0000024	Calvadosia_cruxmelitensis_Ccrux.Trinity.72091 Ccrux.Trinity.72091	Mnemiopsis_leidyi_ML03706a ML03706a, Mnemiopsis_leidyi_ML10106a ML10106a
OG0000030	Calvadosia_cruxmelitensis_Ccrux.Trinity.10006 Ccrux.Trinity.10006, Calvadosia_cruxmelitensis_Ccrux.Trinity.10008 Ccrux.Trinity.10008, Calvadosia_cruxmelitensis_Ccrux.Trinity.10007 Ccrux.Trinity.10007	Mnemiopsis_leidyi_ML029519a ML029519a, Mnemiopsis_leidyi_ML306123a ML306123a, Mnemiopsis_leidyi_ML010117a ML010117a, Mnemiopsis_leidyi_ML17408a ML17408a, Mnemiopsis_leidyi_ML17409a ML17409a
OG0000030	Calvadosia_cruxmelitensis_Ccrux.Trinity.26176 Ccrux.Trinity.26176, Calvadosia_cruxmelitensis_Ccrux.Trinity.26172 Ccrux.Trinity.26172, Calvadosia_cruxmelitensis_Ccrux.Trinity.55193 Ccrux.Trinity.55193	Mnemiopsis_leidyi_ML03054a ML03054a
OG0000034	Calvadosia_cruxmelitensis_Ccrux.Trinity.35334 Ccrux.Trinity.35334, Calvadosia_cruxmelitensis_Ccrux.Trinity.35336 Ccrux.Trinity.35336	Mnemiopsis_leidyi_ML258254a ML258254a
OG0000034	Calvadosia_cruxmelitensis_Ccrux.Trinity.49497 Ccrux.Trinity.49497, Calvadosia_cruxmelitensis_Ccrux.Trinity.47132 Ccrux.Trinity.47132, Calvadosia_cruxmelitensis_Ccrux.Trinity.47134 Ccrux.Trinity.47134, Calvadosia_cruxmelitensis_Ccrux.Trinity.47135 Ccrux.Trinity.47135, Calvadosia_cruxmelitensis_Ccrux.Trinity.47131 Ccrux.Trinity.47131, Calvadosia_cruxmelitensis_Ccrux.Trinity.5240 Ccrux.Trinity.5240, Calvadosia_cruxmelitensis_Ccrux.Trinity.5241 Ccrux.Trinity.5241, Calvadosia_cruxmelitensis_Ccrux.Trinity.5239 Ccrux.Trinity.5239	Mnemiopsis_leidyi_ML04261a ML04261a
OG0000036	Calvadosia_cruxmelitensis_Ccrux.Trinity.48893 Ccrux.Trinity.48893, Calvadosia_cruxmelitensis_Ccrux.Trinity.23947 Ccrux.Trinity.23947, Calvadosia_cruxmelitensis_Ccrux.Trinity.23943 Ccrux.Trinity.23943, Calvadosia_cruxmelitensis_Ccrux.Trinity.23946 Ccrux.Trinity.23946, Calvadosia_cruxmelitensis_Ccrux.Trinity.23940 Ccrux.Trinity.23940, Calvadosia_cruxmelitensis_Ccrux.Trinity.42286 Ccrux.Trinity.42286, Calvadosia_cruxmelitensis_Ccrux.Trinity.42285 Ccrux.Trinity.42285, Calvadosia_cruxmelitensis_Ccrux.Trinity.48894 Ccrux.Trinity.48894, Calvadosia_cruxmelitensis_Ccrux.Trinity.48890 Ccrux.Trinity.48890, Calvadosia_cruxmelitensis_Ccrux.Trinity.10169 Ccrux.Trinity.10169, Calvadosia_cruxmelitensis_Ccrux.Trinity.539 Ccrux.Trinity.539, Calvadosia_cruxmelitensis_Ccrux.Trinity.355 Ccrux.Trinity.355, Calvadosia_cruxmelitensis_Ccrux.Trinity.30905 Ccrux.Trinity.30905	Mnemiopsis_leidyi_ML11227a ML11227a
OG0000041	Calvadosia_cruxmelitensis_Ccrux.Trinity.59000 Ccrux.Trinity.59000	Mnemiopsis_leidyi_ML21898a ML21898a
OG0000041	Calvadosia_cruxmelitensis_Ccrux.Trinity.32466 Ccrux.Trinity.32466, Calvadosia_cruxmelitensis_Ccrux.Trinity.32467 Ccrux.Trinity.32467	Mnemiopsis_leidyi_ML08024a ML08024a
OG0000042	Calvadosia_cruxmelitensis_Ccrux.Trinity.55631 Ccrux.Trinity.55631, Calvadosia_cruxmelitensis_Ccrux.Trinity.72827 Ccrux.Trinity.72827, Calvadosia_cruxmelitensis_Ccrux.Trinity.42236 Ccrux.Trinity.42236, Calvadosia_cruxmelitensis_Ccrux.Trinity.1218 Ccrux.Trinity.1218, Calvadosia_cruxmelitensis_Ccrux.Trinity.1219 Ccrux.Trinity.1219, Calvadosia_cruxmelitensis_Ccrux.Trinity.69012 Ccrux.Trinity.69012, Calvadosia_cruxmelitensis_Ccrux.Trinity.8037 Ccrux.Trinity.8037	Mnemiopsis_leidyi_ML044119a ML044119a
OG0000044	Calvadosia_cruxmelitensis_Ccrux.Trinity.11028 Ccrux.Trinity.11028, Calvadosia_cruxmelitensis_Ccrux.Trinity.11029 Ccrux.Trinity.11029, Calvadosia_cruxmelitensis_Ccrux.Trinity.31172 Ccrux.Trinity.31172, Calvadosia_cruxmelitensis_Ccrux.Trinity.31175 Ccrux.Trinity.31175, Calvadosia_cruxmelitensis_Ccrux.Trinity.31178 Ccrux.Trinity.31178, Calvadosia_cruxmelitensis_Ccrux.Trinity.31183 Ccrux.Trinity.31183	Mnemiopsis_leidyi_ML03126a ML03126a, Mnemiopsis_leidyi_ML25826a ML25826a
OG0000045	Calvadosia_cruxmelitensis_Ccrux.Trinity.3251 Ccrux.Trinity.3251, Calvadosia_cruxmelitensis_Ccrux.Trinity.9800 Ccrux.Trinity.9800, Calvadosia_cruxmelitensis_Ccrux.Trinity.9793 Ccrux.Trinity.9793, Calvadosia_cruxmelitensis_Ccrux.Trinity.71194 Ccrux.Trinity.71194	Mnemiopsis_leidyi_ML097515a ML097515a
OG0000048	Calvadosia_cruxmelitensis_Ccrux.Trinity.26912 Ccrux.Trinity.26912, Calvadosia_cruxmelitensis_Ccrux.Trinity.26915 Ccrux.Trinity.26915	Mnemiopsis_leidyi_ML015611a ML015611a
OG0000049	Calvadosia_cruxmelitensis_Ccrux.Trinity.36955 Ccrux.Trinity.36955, Calvadosia_cruxmelitensis_Ccrux.Trinity.36954 Ccrux.Trinity.36954	Mnemiopsis_leidyi_ML015721a ML015721a, Mnemiopsis_leidyi_ML083035a ML083035a
OG0000051	Calvadosia_cruxmelitensis_Ccrux.Trinity.43175 Ccrux.Trinity.43175, Calvadosia_cruxmelitensis_Ccrux.Trinity.43176 Ccrux.Trinity.43176, Calvadosia_cruxmelitensis_Ccrux.Trinity.5294 Ccrux.Trinity.5294	Mnemiopsis_leidyi_ML128420a ML128420a, Mnemiopsis_leidyi_ML128419a ML128419a, Mnemiopsis_leidyi_ML011744a ML011744a, Mnemiopsis_leidyi_ML279516a ML279516a, Mnemiopsis_leidyi_ML15153a ML15153a, Mnemiopsis_leidyi_ML170514a ML170514a, Mnemiopsis_leidyi_ML358829a ML358829a, Mnemiopsis_leidyi_ML023017a ML023017a
OG0000052	Calvadosia_cruxmelitensis_Ccrux.Trinity.21180 Ccrux.Trinity.21180, Calvadosia_cruxmelitensis_Ccrux.Trinity.20610 Ccrux.Trinity.20610	Mnemiopsis_leidyi_ML204430a ML204430a, Mnemiopsis_leidyi_ML204429a ML204429a, Mnemiopsis_leidyi_ML020113a ML020113a, Mnemiopsis_leidyi_ML50011a ML50011a, Mnemiopsis_leidyi_ML282520a ML282520a
OG0000053	Calvadosia_cruxmelitensis_Ccrux.Trinity.8876 Ccrux.Trinity.8876, Calvadosia_cruxmelitensis_Ccrux.Trinity.8874 Ccrux.Trinity.8874	Mnemiopsis_leidyi_ML11053a ML11053a
OG0000054	Calvadosia_cruxmelitensis_Ccrux.Trinity.18828 Ccrux.Trinity.18828, Calvadosia_cruxmelitensis_Ccrux.Trinity.44030 Ccrux.Trinity.44030	Mnemiopsis_leidyi_ML095316a ML095316a
OG0000058	Calvadosia_cruxmelitensis_Ccrux.Trinity.13948 Ccrux.Trinity.13948, Calvadosia_cruxmelitensis_Ccrux.Trinity.13949 Ccrux.Trinity.13949, Calvadosia_cruxmelitensis_Ccrux.Trinity.52269 Ccrux.Trinity.52269, Calvadosia_cruxmelitensis_Ccrux.Trinity.59160 Ccrux.Trinity.59160, Calvadosia_cruxmelitensis_Ccrux.Trinity.13824 Ccrux.Trinity.13824, Calvadosia_cruxmelitensis_Ccrux.Trinity.66662 Ccrux.Trinity.66662, Calvadosia_cruxmelitensis_Ccrux.Trinity.49285 Ccrux.Trinity.49285, Calvadosia_cruxmelitensis_Ccrux.Trinity.49278 Ccrux.Trinity.49278, Calvadosia_cruxmelitensis_Ccrux.Trinity.29253 Ccrux.Trinity.29253, Calvadosia_cruxmelitensis_Ccrux.Trinity.29254 Ccrux.Trinity.29254	Mnemiopsis_leidyi_ML15451a ML15451a, Mnemiopsis_leidyi_ML048618a ML048618a, Mnemiopsis_leidyi_ML048623a ML048623a
OG0000061	Calvadosia_cruxmelitensis_Ccrux.Trinity.13062 Ccrux.Trinity.13062	Mnemiopsis_leidyi_ML07526a ML07526a, Mnemiopsis_leidyi_ML07523a ML07523a
OG0000061	Calvadosia_cruxmelitensis_Ccrux.Trinity.45943 Ccrux.Trinity.45943	Mnemiopsis_leidyi_ML072819a ML072819a
OG0000062	Calvadosia_cruxmelitensis_Ccrux.Trinity.31247 Ccrux.Trinity.31247, Calvadosia_cruxmelitensis_Ccrux.Trinity.31254 Ccrux.Trinity.31254, Calvadosia_cruxmelitensis_Ccrux.Trinity.71180 Ccrux.Trinity.71180	Mnemiopsis_leidyi_ML085714a ML085714a
OG0000065	Calvadosia_cruxmelitensis_Ccrux.Trinity.465 Ccrux.Trinity.465	Mnemiopsis_leidyi_ML14244a ML14244a
OG0000070	Calvadosia_cruxmelitensis_Ccrux.Trinity.7303 Ccrux.Trinity.7303, Calvadosia_cruxmelitensis_Ccrux.Trinity.7302 Ccrux.Trinity.7302	Mnemiopsis_leidyi_ML02361a ML02361a
OG0000087	Calvadosia_cruxmelitensis_Ccrux.Trinity.46936 Ccrux.Trinity.46936, Calvadosia_cruxmelitensis_Ccrux.Trinity.46943 Ccrux.Trinity.46943, Calvadosia_cruxmelitensis_Ccrux.Trinity.46957 Ccrux.Trinity.46957, Calvadosia_cruxmelitensis_Ccrux.Trinity.46948 Ccrux.Trinity.46948	Mnemiopsis_leidyi_ML004920a ML004920a
OG0000087	Calvadosia_cruxmelitensis_Ccrux.Trinity.24305 Ccrux.Trinity.24305	Mnemiopsis_leidyi_ML06334a ML06334a
OG0000093	Calvadosia_cruxmelitensis_Ccrux.Trinity.53582 Ccrux.Trinity.53582	Mnemiopsis_leidyi_ML093044a ML093044a
OG0000094	Calvadosia_cruxmelitensis_Ccrux.Trinity.28928 Ccrux.Trinity.28928, Calvadosia_cruxmelitensis_Ccrux.Trinity.28927 Ccrux.Trinity.28927	Mnemiopsis_leidyi_ML09081a ML09081a
OG0000103	Calvadosia_cruxmelitensis_Ccrux.Trinity.37402 Ccrux.Trinity.37402, Calvadosia_cruxmelitensis_Ccrux.Trinity.37397 Ccrux.Trinity.37397, Calvadosia_cruxmelitensis_Ccrux.Trinity.37401 Ccrux.Trinity.37401, Calvadosia_cruxmelitensis_Ccrux.Trinity.37399 Ccrux.Trinity.37399, Calvadosia_cruxmelitensis_Ccrux.Trinity.37394 Ccrux.Trinity.37394, Calvadosia_cruxmelitensis_Ccrux.Trinity.37396 Ccrux.Trinity.37396, Calvadosia_cruxmelitensis_Ccrux.Trinity.37400 Ccrux.Trinity.37400, Calvadosia_cruxmelitensis_Ccrux.Trinity.37395 Ccrux.Trinity.37395	Mnemiopsis_leidyi_ML14703a ML14703a
OG0000113	Calvadosia_cruxmelitensis_Ccrux.Trinity.47143 Ccrux.Trinity.47143, Calvadosia_cruxmelitensis_Ccrux.Trinity.47144 Ccrux.Trinity.47144, Calvadosia_cruxmelitensis_Ccrux.Trinity.47147 Ccrux.Trinity.47147, Calvadosia_cruxmelitensis_Ccrux.Trinity.47146 Ccrux.Trinity.47146, Calvadosia_cruxmelitensis_Ccrux.Trinity.47141 Ccrux.Trinity.47141	Mnemiopsis_leidyi_ML086612a ML086612a
OG0000119	Calvadosia_cruxmelitensis_Ccrux.Trinity.19667 Ccrux.Trinity.19667	Mnemiopsis_leidyi_ML18521a ML18521a, Mnemiopsis_leidyi_ML11002a ML11002a
OG0000133	Calvadosia_cruxmelitensis_Ccrux.Trinity.23770 Ccrux.Trinity.23770	Mnemiopsis_leidyi_ML018015a ML018015a
OG0000134	Calvadosia_cruxmelitensis_Ccrux.Trinity.27545 Ccrux.Trinity.27545	Mnemiopsis_leidyi_ML126214a ML126214a
OG0000152	Calvadosia_cruxmelitensis_Ccrux.Trinity.35324 Ccrux.Trinity.35324, Calvadosia_cruxmelitensis_Ccrux.Trinity.35317 Ccrux.Trinity.35317, Calvadosia_cruxmelitensis_Ccrux.Trinity.35323 Ccrux.Trinity.35323, Calvadosia_cruxmelitensis_Ccrux.Trinity.35322 Ccrux.Trinity.35322	Mnemiopsis_leidyi_ML12828a ML12828a, Mnemiopsis_leidyi_ML12827a ML12827a
OG0000156	Calvadosia_cruxmelitensis_Ccrux.Trinity.38048 Ccrux.Trinity.38048, Calvadosia_cruxmelitensis_Ccrux.Trinity.38045 Ccrux.Trinity.38045, Calvadosia_cruxmelitensis_Ccrux.Trinity.38037 Ccrux.Trinity.38037, Calvadosia_cruxmelitensis_Ccrux.Trinity.38043 Ccrux.Trinity.38043	Mnemiopsis_leidyi_ML000712a ML000712a
OG0000157	Calvadosia_cruxmelitensis_Ccrux.Trinity.52207 Ccrux.Trinity.52207	Mnemiopsis_leidyi_ML01552a ML01552a
OG0000165	Calvadosia_cruxmelitensis_Ccrux.Trinity.5581 Ccrux.Trinity.5581, Calvadosia_cruxmelitensis_Ccrux.Trinity.5580 Ccrux.Trinity.5580	Mnemiopsis_leidyi_ML40868a ML40868a
OG0000176	Calvadosia_cruxmelitensis_Ccrux.Trinity.37744 Ccrux.Trinity.37744, Calvadosia_cruxmelitensis_Ccrux.Trinity.37742 Ccrux.Trinity.37742, Calvadosia_cruxmelitensis_Ccrux.Trinity.37741 Ccrux.Trinity.37741	Mnemiopsis_leidyi_ML50511a ML50511a
OG0000177	Calvadosia_cruxmelitensis_Ccrux.Trinity.18042 Ccrux.Trinity.18042, Calvadosia_cruxmelitensis_Ccrux.Trinity.18051 Ccrux.Trinity.18051	Mnemiopsis_leidyi_ML020010a ML020010a, Mnemiopsis_leidyi_ML07729a ML07729a
OG0000182	Calvadosia_cruxmelitensis_Ccrux.Trinity.24872 Ccrux.Trinity.24872	Mnemiopsis_leidyi_ML07572a ML07572a
OG0000191	Calvadosia_cruxmelitensis_Ccrux.Trinity.7540 Ccrux.Trinity.7540	Mnemiopsis_leidyi_ML072813a ML072813a, Mnemiopsis_leidyi_ML079812a ML079812a, Mnemiopsis_leidyi_ML216351a ML216351a, Mnemiopsis_leidyi_ML49551a ML49551a, Mnemiopsis_leidyi_ML090224a ML090224a, Mnemiopsis_leidyi_ML00173a ML00173a, Mnemiopsis_leidyi_ML023012a ML023012a, Mnemiopsis_leidyi_ML023013a ML023013a, Mnemiopsis_leidyi_ML149636a ML149636a, Mnemiopsis_leidyi_ML07244a ML07244a
OG0000193	Calvadosia_cruxmelitensis_Ccrux.Trinity.15283 Ccrux.Trinity.15283	Mnemiopsis_leidyi_ML03269a ML03269a
OG0000194	Calvadosia_cruxmelitensis_Ccrux.Trinity.4794 Ccrux.Trinity.4794, Calvadosia_cruxmelitensis_Ccrux.Trinity.4793 Ccrux.Trinity.4793	Mnemiopsis_leidyi_ML16565a ML16565a
OG0000195	Calvadosia_cruxmelitensis_Ccrux.Trinity.44374 Ccrux.Trinity.44374, Calvadosia_cruxmelitensis_Ccrux.Trinity.44376 Ccrux.Trinity.44376, Calvadosia_cruxmelitensis_Ccrux.Trinity.44372 Ccrux.Trinity.44372	Mnemiopsis_leidyi_ML173714a ML173714a
OG0000199	Calvadosia_cruxmelitensis_Ccrux.Trinity.25100 Ccrux.Trinity.25100	Mnemiopsis_leidyi_ML46359a ML46359a
OG0000212	Calvadosia_cruxmelitensis_Ccrux.Trinity.29726 Ccrux.Trinity.29726, Calvadosia_cruxmelitensis_Ccrux.Trinity.29725 Ccrux.Trinity.29725, Calvadosia_cruxmelitensis_Ccrux.Trinity.29724 Ccrux.Trinity.29724	Mnemiopsis_leidyi_ML097529a ML097529a
OG0000214	Calvadosia_cruxmelitensis_Ccrux.Trinity.627 Ccrux.Trinity.627, Calvadosia_cruxmelitensis_Ccrux.Trinity.628 Ccrux.Trinity.628	Mnemiopsis_leidyi_ML43434a ML43434a
OG0000229	Calvadosia_cruxmelitensis_Ccrux.Trinity.74101 Ccrux.Trinity.74101	Mnemiopsis_leidyi_ML019415a ML019415a
OG0000237	Calvadosia_cruxmelitensis_Ccrux.Trinity.17741 Ccrux.Trinity.17741, Calvadosia_cruxmelitensis_Ccrux.Trinity.17745 Ccrux.Trinity.17745	Mnemiopsis_leidyi_ML008016a ML008016a
OG0000253	Calvadosia_cruxmelitensis_Ccrux.Trinity.7701 Ccrux.Trinity.7701, Calvadosia_cruxmelitensis_Ccrux.Trinity.7700 Ccrux.Trinity.7700	Mnemiopsis_leidyi_ML015627a ML015627a
OG0000285	Calvadosia_cruxmelitensis_Ccrux.Trinity.73336 Ccrux.Trinity.73336	Mnemiopsis_leidyi_ML10116a ML10116a
OG0000331	Calvadosia_cruxmelitensis_Ccrux.Trinity.35604 Ccrux.Trinity.35604, Calvadosia_cruxmelitensis_Ccrux.Trinity.49894 Ccrux.Trinity.49894, Calvadosia_cruxmelitensis_Ccrux.Trinity.49893 Ccrux.Trinity.49893	Mnemiopsis_leidyi_ML017312a ML017312a
OG0000524	Calvadosia_cruxmelitensis_Ccrux.Trinity.63289 Ccrux.Trinity.63289	Mnemiopsis_leidyi_ML002511a ML002511a
OG0000542	Calvadosia_cruxmelitensis_Ccrux.Trinity.73983 Ccrux.Trinity.73983	Mnemiopsis_leidyi_ML15155a ML15155a
OG0001202	Calvadosia_cruxmelitensis_Ccrux.Trinity.60257 Ccrux.Trinity.60257	Mnemiopsis_leidyi_ML27964a ML27964a
