Orthogroup	Placozoa_Trichoplacidae_Trichoplax_spec-H2	Cnidaria_Anthozoa_Nematostella_vectensis
OG0000001	Trichoplax_specH2_tr_A0A369S6H3_A0A369S6H3_9METZ tr|A0A369S6H3|A0A369S6H3_9METZ Protein sidekick-1 OS=Trichoplax sp. H2 OX=287889 GN=TrispH2_005469 PE=4 SV=1	Nematostella_vectensis_NV2t000702003.1 NV2t000702003.1, Nematostella_vectensis_NV2t000702002.1 NV2t000702002.1, Nematostella_vectensis_NV2t000702004.1 NV2t000702004.1, Nematostella_vectensis_NV2t000702005.1 NV2t000702005.1, Nematostella_vectensis_NV2t000702006.1 NV2t000702006.1, Nematostella_vectensis_NV2t000702001.1 NV2t000702001.1
OG0000001	Trichoplax_specH2_tr_A0A369S2W3_A0A369S2W3_9METZ tr|A0A369S2W3|A0A369S2W3_9METZ Protein sidekick-2 OS=Trichoplax sp. H2 OX=287889 GN=TrispH2_006253 PE=4 SV=1	Nematostella_vectensis_NV2t006892003.1 NV2t006892003.1, Nematostella_vectensis_NV2t006892004.1 NV2t006892004.1, Nematostella_vectensis_NV2t006892002.1 NV2t006892002.1, Nematostella_vectensis_NV2t006892001.1 NV2t006892001.1
OG0000001	Trichoplax_specH2_tr_A0A369S5F0_A0A369S5F0_9METZ tr|A0A369S5F0|A0A369S5F0_9METZ Down syndrome cell adhesion molecule-like protein OS=Trichoplax sp. H2 OX=287889 GN=TrispH2_007185 PE=4 SV=1	Nematostella_vectensis_NV2t022749001.1 NV2t022749001.1
OG0000001	Trichoplax_specH2_tr_A0A369SD60_A0A369SD60_9METZ tr|A0A369SD60|A0A369SD60_9METZ Netrin-1 OS=Trichoplax sp. H2 OX=287889 GN=TrispH2_003497 PE=4 SV=1	Nematostella_vectensis_NV2t007734005.1 NV2t007734005.1
OG0000001	Trichoplax_specH2_tr_A0A369SBY2_A0A369SBY2_9METZ tr|A0A369SBY2|A0A369SBY2_9METZ Laminin subunit gamma-1 OS=Trichoplax sp. H2 OX=287889 GN=TrispH2_003028 PE=4 SV=1	Nematostella_vectensis_NV2t025737001.1 NV2t025737001.1
OG0000002	Trichoplax_specH2_tr_A0A369SFC4_A0A369SFC4_9METZ tr|A0A369SFC4|A0A369SFC4_9METZ Semaphorin-5A OS=Trichoplax sp. H2 OX=287889 GN=TrispH2_002772 PE=4 SV=1	Nematostella_vectensis_NV2t011758001.1 NV2t011758001.1
OG0000002	Trichoplax_specH2_tr_A0A369SGE8_A0A369SGE8_9METZ tr|A0A369SGE8|A0A369SGE8_9METZ Semaphorin-5A OS=Trichoplax sp. H2 OX=287889 GN=TrispH2_002776 PE=3 SV=1	Nematostella_vectensis_NV2t022863003.1 NV2t022863003.1, Nematostella_vectensis_NV2t022863001.1 NV2t022863001.1, Nematostella_vectensis_NV2t022863002.1 NV2t022863002.1
OG0000003	Trichoplax_specH2_tr_A0A369RUF6_A0A369RUF6_9METZ tr|A0A369RUF6|A0A369RUF6_9METZ EGF-like domain-containing protein OS=Trichoplax sp. H2 OX=287889 GN=TrispH2_010661 PE=4 SV=1, Trichoplax_specH2_tr_A0A369S6N3_A0A369S6N3_9METZ tr|A0A369S6N3|A0A369S6N3_9METZ Pro-epidermal growth factor OS=Trichoplax sp. H2 OX=287889 GN=TrispH2_005589 PE=4 SV=1	Nematostella_vectensis_NV2t019497001.1 NV2t019497001.1, Nematostella_vectensis_NV2t019497002.1 NV2t019497002.1
OG0000003	Trichoplax_specH2_tr_A0A369S631_A0A369S631_9METZ tr|A0A369S631|A0A369S631_9METZ Pro-epidermal growth factor OS=Trichoplax sp. H2 OX=287889 GN=TrispH2_005194 PE=4 SV=1, Trichoplax_specH2_tr_A0A369RXQ2_A0A369RXQ2_9METZ tr|A0A369RXQ2|A0A369RXQ2_9METZ Fibrillin-3 OS=Trichoplax sp. H2 OX=287889 GN=TrispH2_008035 PE=4 SV=1, Trichoplax_specH2_tr_A0A369RQB1_A0A369RQB1_9METZ tr|A0A369RQB1|A0A369RQB1_9METZ Fibrillin-1 _Fragment_ OS=Trichoplax sp. H2 OX=287889 GN=TrispH2_011419 PE=4 SV=1	Nematostella_vectensis_NV2t003029001.1 NV2t003029001.1, Nematostella_vectensis_NV2t003028001.1 NV2t003028001.1
OG0000003	Trichoplax_specH2_tr_A0A369RWH2_A0A369RWH2_9METZ tr|A0A369RWH2|A0A369RWH2_9METZ Fibulin-2 OS=Trichoplax sp. H2 OX=287889 GN=TrispH2_008038 PE=4 SV=1	Nematostella_vectensis_NV2t020861001.1 NV2t020861001.1
OG0000004	Trichoplax_specH2_tr_A0A369RWX1_A0A369RWX1_9METZ tr|A0A369RWX1|A0A369RWX1_9METZ Protocadherin beta-13 OS=Trichoplax sp. H2 OX=287889 GN=TrispH2_009019 PE=4 SV=1	Nematostella_vectensis_NV2t021936001.1 NV2t021936001.1, Nematostella_vectensis_NV2t008980001.1 NV2t008980001.1, Nematostella_vectensis_NV2t008406003.1 NV2t008406003.1, Nematostella_vectensis_NV2t008406002.1 NV2t008406002.1, Nematostella_vectensis_NV2t008406001.1 NV2t008406001.1, Nematostella_vectensis_NV2t008769001.1 NV2t008769001.1
OG0000004	Trichoplax_specH2_tr_A0A369RRF2_A0A369RRF2_9METZ tr|A0A369RRF2|A0A369RRF2_9METZ Protocadherin Fat 4 OS=Trichoplax sp. H2 OX=287889 GN=TrispH2_011401 PE=4 SV=1	Nematostella_vectensis_NV2t003227001.1 NV2t003227001.1
OG0000004	Trichoplax_specH2_tr_A0A369SLV2_A0A369SLV2_9METZ tr|A0A369SLV2|A0A369SLV2_9METZ Protocadherin-like protein OS=Trichoplax sp. H2 OX=287889 GN=TrispH2_001602 PE=4 SV=1	Nematostella_vectensis_NV2t011625002.1 NV2t011625002.1, Nematostella_vectensis_NV2t011625001.1 NV2t011625001.1, Nematostella_vectensis_NV2t004921001.1 NV2t004921001.1, Nematostella_vectensis_NV2t004715001.1 NV2t004715001.1, Nematostella_vectensis_NV2t004933001.1 NV2t004933001.1, Nematostella_vectensis_NV2t004933002.1 NV2t004933002.1, Nematostella_vectensis_NV2t004933003.1 NV2t004933003.1, Nematostella_vectensis_NV2t004933004.1 NV2t004933004.1, Nematostella_vectensis_NV2t004933006.1 NV2t004933006.1
OG0000004	Trichoplax_specH2_tr_A0A369RXK6_A0A369RXK6_9METZ tr|A0A369RXK6|A0A369RXK6_9METZ Protocadherin Fat 1 OS=Trichoplax sp. H2 OX=287889 GN=TrispH2_009009 PE=4 SV=1	Nematostella_vectensis_NV2t003144001.1 NV2t003144001.1
OG0000005	Trichoplax_specH2_tr_A0A369RXS2_A0A369RXS2_9METZ tr|A0A369RXS2|A0A369RXS2_9METZ Metalloendopeptidase OS=Trichoplax sp. H2 OX=287889 GN=TrispH2_008764 PE=4 SV=1, Trichoplax_specH2_tr_A0A369RXS7_A0A369RXS7_9METZ tr|A0A369RXS7|A0A369RXS7_9METZ Metalloendopeptidase OS=Trichoplax sp. H2 OX=287889 GN=TrispH2_008765 PE=4 SV=1, Trichoplax_specH2_tr_A0A369RVQ8_A0A369RVQ8_9METZ tr|A0A369RVQ8|A0A369RVQ8_9METZ Metalloendopeptidase OS=Trichoplax sp. H2 OX=287889 GN=TrispH2_009194 PE=4 SV=1, Trichoplax_specH2_tr_A0A369S221_A0A369S221_9METZ tr|A0A369S221|A0A369S221_9METZ Metalloendopeptidase OS=Trichoplax sp. H2 OX=287889 GN=TrispH2_007517 PE=4 SV=1, Trichoplax_specH2_tr_A0A369RTA1_A0A369RTA1_9METZ tr|A0A369RTA1|A0A369RTA1_9METZ Metalloendopeptidase OS=Trichoplax sp. H2 OX=287889 GN=TrispH2_010451 PE=4 SV=1, Trichoplax_specH2_tr_A0A369SCL3_A0A369SCL3_9METZ tr|A0A369SCL3|A0A369SCL3_9METZ Metalloendopeptidase OS=Trichoplax sp. H2 OX=287889 GN=TrispH2_003256 PE=4 SV=1	Nematostella_vectensis_NV2t021687001.1 NV2t021687001.1, Nematostella_vectensis_NV2t021684001.1 NV2t021684001.1, Nematostella_vectensis_NV2t008552001.1 NV2t008552001.1, Nematostella_vectensis_NV2t008552002.1 NV2t008552002.1, Nematostella_vectensis_NV2t008552003.1 NV2t008552003.1, Nematostella_vectensis_NV2t018077001.1 NV2t018077001.1, Nematostella_vectensis_NV2t016729001.1 NV2t016729001.1, Nematostella_vectensis_NV2t016730001.1 NV2t016730001.1, Nematostella_vectensis_NV2t015011001.1 NV2t015011001.1, Nematostella_vectensis_NV2t023859001.1 NV2t023859001.1, Nematostella_vectensis_NV2t013745004.1 NV2t013745004.1, Nematostella_vectensis_NV2t013745003.1 NV2t013745003.1, Nematostella_vectensis_NV2t013745002.1 NV2t013745002.1, Nematostella_vectensis_NV2t013745001.1 NV2t013745001.1, Nematostella_vectensis_NV2t013745005.1 NV2t013745005.1, Nematostella_vectensis_NV2t013749001.1 NV2t013749001.1, Nematostella_vectensis_NV2t023064002.1 NV2t023064002.1, Nematostella_vectensis_NV2t023064001.1 NV2t023064001.1, Nematostella_vectensis_NV2t011168001.1 NV2t011168001.1, Nematostella_vectensis_NV2t011169001.1 NV2t011169001.1, Nematostella_vectensis_NV2t017332001.1 NV2t017332001.1, Nematostella_vectensis_NV2t017332003.1 NV2t017332003.1, Nematostella_vectensis_NV2t017332002.1 NV2t017332002.1, Nematostella_vectensis_NV2t005141004.1 NV2t005141004.1, Nematostella_vectensis_NV2t005141003.1 NV2t005141003.1, Nematostella_vectensis_NV2t005141001.1 NV2t005141001.1, Nematostella_vectensis_NV2t005141005.1 NV2t005141005.1, Nematostella_vectensis_NV2t005141002.1 NV2t005141002.1, Nematostella_vectensis_NV2t005152001.1 NV2t005152001.1, Nematostella_vectensis_NV2t013994001.1 NV2t013994001.1, Nematostella_vectensis_NV2t003279001.1 NV2t003279001.1, Nematostella_vectensis_NV2t021385001.1 NV2t021385001.1, Nematostella_vectensis_NV2t010155001.1 NV2t010155001.1
OG0000007	Trichoplax_specH2_tr_A0A369RQ73_A0A369RQ73_9METZ tr|A0A369RQ73|A0A369RQ73_9METZ Mucin-like protein OS=Trichoplax sp. H2 OX=287889 GN=TrispH2_011343 PE=4 SV=1, Trichoplax_specH2_tr_A0A369RPH5_A0A369RPH5_9METZ tr|A0A369RPH5|A0A369RPH5_9METZ Mucin-like protein OS=Trichoplax sp. H2 OX=287889 GN=TrispH2_011565 PE=4 SV=1, Trichoplax_specH2_tr_A0A369S4T6_A0A369S4T6_9METZ tr|A0A369S4T6|A0A369S4T6_9METZ Mucin-like protein _Fragment_ OS=Trichoplax sp. H2 OX=287889 GN=TrispH2_007189 PE=4 SV=1, Trichoplax_specH2_tr_A0A369RN78_A0A369RN78_9METZ tr|A0A369RN78|A0A369RN78_9METZ Latent-transforming growth factor beta-binding protein 1 _Fragment_ OS=Trichoplax sp. H2 OX=287889 GN=TrispH2_011578 PE=4 SV=1, Trichoplax_specH2_tr_A0A369S2P8_A0A369S2P8_9METZ tr|A0A369S2P8|A0A369S2P8_9METZ Mucin-like protein OS=Trichoplax sp. H2 OX=287889 GN=TrispH2_005647 PE=4 SV=1, Trichoplax_specH2_tr_A0A369RWY4_A0A369RWY4_9METZ tr|A0A369RWY4|A0A369RWY4_9METZ Mucin-like protein OS=Trichoplax sp. H2 OX=287889 GN=TrispH2_008034 PE=4 SV=1, Trichoplax_specH2_tr_A0A369SB42_A0A369SB42_9METZ tr|A0A369SB42|A0A369SB42_9METZ Neurogenic locus notch-like protein 1 OS=Trichoplax sp. H2 OX=287889 GN=TrispH2_004605 PE=4 SV=1, Trichoplax_specH2_tr_A0A369RXM4_A0A369RXM4_9METZ tr|A0A369RXM4|A0A369RXM4_9METZ Mucin-like protein _Fragment_ OS=Trichoplax sp. H2 OX=287889 GN=TrispH2_008039 PE=4 SV=1, Trichoplax_specH2_tr_A0A369S5X3_A0A369S5X3_9METZ tr|A0A369S5X3|A0A369S5X3_9METZ Mucin-like protein _Fragment_ OS=Trichoplax sp. H2 OX=287889 GN=TrispH2_005312 PE=4 SV=1, Trichoplax_specH2_tr_A0A369RXN5_A0A369RXN5_9METZ tr|A0A369RXN5|A0A369RXN5_9METZ Fibrillin-2 OS=Trichoplax sp. H2 OX=287889 GN=TrispH2_008036 PE=3 SV=1, Trichoplax_specH2_tr_A0A369RY18_A0A369RY18_9METZ tr|A0A369RY18|A0A369RY18_9METZ Mucin-like protein OS=Trichoplax sp. H2 OX=287889 GN=TrispH2_007838 PE=4 SV=1, Trichoplax_specH2_tr_A0A369RNR1_A0A369RNR1_9METZ tr|A0A369RNR1|A0A369RNR1_9METZ Mucin-like protein _Fragment_ OS=Trichoplax sp. H2 OX=287889 GN=TrispH2_011392 PE=4 SV=1, Trichoplax_specH2_tr_A0A369RXL3_A0A369RXL3_9METZ tr|A0A369RXL3|A0A369RXL3_9METZ Mucin-like protein _Fragment_ OS=Trichoplax sp. H2 OX=287889 GN=TrispH2_007837 PE=4 SV=1	Nematostella_vectensis_NV2t016270001.1 NV2t016270001.1, Nematostella_vectensis_NV2t016270002.1 NV2t016270002.1, Nematostella_vectensis_NV2t016273001.1 NV2t016273001.1
OG0000007	Trichoplax_specH2_tr_A0A369SI60_A0A369SI60_9METZ tr|A0A369SI60|A0A369SI60_9METZ Delta and Notch-like epidermal growth factor-related receptor OS=Trichoplax sp. H2 OX=287889 GN=TrispH2_001367 PE=4 SV=1	Nematostella_vectensis_NV2t014812001.1 NV2t014812001.1
OG0000007	Trichoplax_specH2_tr_A0A369S2C9_A0A369S2C9_9METZ tr|A0A369S2C9|A0A369S2C9_9METZ Pro-epidermal growth factor OS=Trichoplax sp. H2 OX=287889 GN=TrispH2_007469 PE=4 SV=1, Trichoplax_specH2_tr_A0A369S0Z1_A0A369S0Z1_9METZ tr|A0A369S0Z1|A0A369S0Z1_9METZ Nidogen-2 OS=Trichoplax sp. H2 OX=287889 GN=TrispH2_007470 PE=4 SV=1, Trichoplax_specH2_tr_A0A369RUV9_A0A369RUV9_9METZ tr|A0A369RUV9|A0A369RUV9_9METZ Pro-epidermal growth factor OS=Trichoplax sp. H2 OX=287889 GN=TrispH2_010664 PE=4 SV=1	Nematostella_vectensis_NV2t003396003.1 NV2t003396003.1, Nematostella_vectensis_NV2t003396001.1 NV2t003396001.1
OG0000008	Trichoplax_specH2_tr_A0A369RN33_A0A369RN33_9METZ tr|A0A369RN33|A0A369RN33_9METZ Fibropellin-3 _Fragment_ OS=Trichoplax sp. H2 OX=287889 GN=TrispH2_011763 PE=4 SV=1	Nematostella_vectensis_NV2t010691004.1 NV2t010691004.1, Nematostella_vectensis_NV2t023073001.1 NV2t023073001.1
OG0000008	Trichoplax_specH2_tr_A0A369S2T8_A0A369S2T8_9METZ tr|A0A369S2T8|A0A369S2T8_9METZ Neurogenic locus Notch protein OS=Trichoplax sp. H2 OX=287889 GN=TrispH2_007419 PE=4 SV=1	Nematostella_vectensis_NV2t013003001.1 NV2t013003001.1
OG0000008	Trichoplax_specH2_tr_A0A369RTQ9_A0A369RTQ9_9METZ tr|A0A369RTQ9|A0A369RTQ9_9METZ Neurogenic locus notch-like protein 2 OS=Trichoplax sp. H2 OX=287889 GN=TrispH2_010552 PE=4 SV=1, Trichoplax_specH2_tr_A0A369RSJ3_A0A369RSJ3_9METZ tr|A0A369RSJ3|A0A369RSJ3_9METZ Fibropellin-1 OS=Trichoplax sp. H2 OX=287889 GN=TrispH2_010551 PE=4 SV=1, Trichoplax_specH2_tr_A0A369RRM3_A0A369RRM3_9METZ tr|A0A369RRM3|A0A369RRM3_9METZ Fibropellin-1 OS=Trichoplax sp. H2 OX=287889 GN=TrispH2_010553 PE=4 SV=1	Nematostella_vectensis_NV2t017145002.1 NV2t017145002.1
OG0000008	Trichoplax_specH2_tr_A0A369RQN3_A0A369RQN3_9METZ tr|A0A369RQN3|A0A369RQN3_9METZ Oncoprotein-induced transcript 3 protein OS=Trichoplax sp. H2 OX=287889 GN=TrispH2_010898 PE=4 SV=1, Trichoplax_specH2_tr_A0A369RVT7_A0A369RVT7_9METZ tr|A0A369RVT7|A0A369RVT7_9METZ Oncoprotein-induced transcript 3 protein OS=Trichoplax sp. H2 OX=287889 GN=TrispH2_010640 PE=4 SV=1, Trichoplax_specH2_tr_A0A369SAR6_A0A369SAR6_9METZ tr|A0A369SAR6|A0A369SAR6_9METZ Neurogenic locus notch-like protein 1 _Fragment_ OS=Trichoplax sp. H2 OX=287889 GN=TrispH2_004287 PE=4 SV=1, Trichoplax_specH2_tr_A0A369S4F0_A0A369S4F0_9METZ tr|A0A369S4F0|A0A369S4F0_9METZ Neurogenic locus notch-like protein 1 OS=Trichoplax sp. H2 OX=287889 GN=TrispH2_006297 PE=4 SV=1, Trichoplax_specH2_tr_A0A369RZ02_A0A369RZ02_9METZ tr|A0A369RZ02|A0A369RZ02_9METZ Neurogenic locus notch-like protein 1 OS=Trichoplax sp. H2 OX=287889 GN=TrispH2_007780 PE=4 SV=1, Trichoplax_specH2_tr_A0A369RPA6_A0A369RPA6_9METZ tr|A0A369RPA6|A0A369RPA6_9METZ Neurogenic locus notch-like protein 1 OS=Trichoplax sp. H2 OX=287889 GN=TrispH2_011618 PE=4 SV=1, Trichoplax_specH2_tr_A0A369RQA4_A0A369RQA4_9METZ tr|A0A369RQA4|A0A369RQA4_9METZ Neurogenic locus Notch protein _Fragment_ OS=Trichoplax sp. H2 OX=287889 GN=TrispH2_010772 PE=4 SV=1, Trichoplax_specH2_tr_A0A369RQ96_A0A369RQ96_9METZ tr|A0A369RQ96|A0A369RQ96_9METZ Fibropellin-1 OS=Trichoplax sp. H2 OX=287889 GN=TrispH2_010769 PE=4 SV=1, Trichoplax_specH2_tr_A0A369RYD6_A0A369RYD6_9METZ tr|A0A369RYD6|A0A369RYD6_9METZ Neurogenic locus notch-like protein 1 OS=Trichoplax sp. H2 OX=287889 GN=TrispH2_007985 PE=4 SV=1	Nematostella_vectensis_NV2t011904001.1 NV2t011904001.1, Nematostella_vectensis_NV2t011904002.1 NV2t011904002.1, Nematostella_vectensis_NV2t011904015.1 NV2t011904015.1, Nematostella_vectensis_NV2t011904007.1 NV2t011904007.1, Nematostella_vectensis_NV2t011904010.1 NV2t011904010.1, Nematostella_vectensis_NV2t011904016.1 NV2t011904016.1, Nematostella_vectensis_NV2t011904013.1 NV2t011904013.1, Nematostella_vectensis_NV2t011904014.1 NV2t011904014.1, Nematostella_vectensis_NV2t011904012.1 NV2t011904012.1, Nematostella_vectensis_NV2t011904005.1 NV2t011904005.1, Nematostella_vectensis_NV2t011904008.1 NV2t011904008.1, Nematostella_vectensis_NV2t011904004.1 NV2t011904004.1, Nematostella_vectensis_NV2t011904003.1 NV2t011904003.1, Nematostella_vectensis_NV2t011904009.1 NV2t011904009.1, Nematostella_vectensis_NV2t011904006.1 NV2t011904006.1, Nematostella_vectensis_NV2t011903001.1 NV2t011903001.1, Nematostella_vectensis_NV2t023645001.1 NV2t023645001.1, Nematostella_vectensis_NV2t025393001.1 NV2t025393001.1, Nematostella_vectensis_NV2t006411001.1 NV2t006411001.1, Nematostella_vectensis_NV2t020124005.1 NV2t020124005.1, Nematostella_vectensis_NV2t020124003.1 NV2t020124003.1, Nematostella_vectensis_NV2t020124004.1 NV2t020124004.1, Nematostella_vectensis_NV2t020124002.1 NV2t020124002.1, Nematostella_vectensis_NV2t020124001.1 NV2t020124001.1, Nematostella_vectensis_NV2t008000001.1 NV2t008000001.1, Nematostella_vectensis_NV2t019957001.1 NV2t019957001.1
OG0000008	Trichoplax_specH2_tr_A0A369S505_A0A369S505_9METZ tr|A0A369S505|A0A369S505_9METZ Neurogenic locus notch-like protein 1 OS=Trichoplax sp. H2 OX=287889 GN=TrispH2_006298 PE=4 SV=1, Trichoplax_specH2_tr_A0A369RPR8_A0A369RPR8_9METZ tr|A0A369RPR8|A0A369RPR8_9METZ Fibropellin-1 OS=Trichoplax sp. H2 OX=287889 GN=TrispH2_011762 PE=4 SV=1, Trichoplax_specH2_tr_A0A369RN17_A0A369RN17_9METZ tr|A0A369RN17|A0A369RN17_9METZ Neurogenic locus notch-like protein 1 _Fragment_ OS=Trichoplax sp. H2 OX=287889 GN=TrispH2_011810 PE=4 SV=1	Nematostella_vectensis_NV2t022145001.1 NV2t022145001.1, Nematostella_vectensis_NV2t006034001.1 NV2t006034001.1
OG0000008	Trichoplax_specH2_tr_A0A369SC23_A0A369SC23_9METZ tr|A0A369SC23|A0A369SC23_9METZ Protein crumbs OS=Trichoplax sp. H2 OX=287889 GN=TrispH2_003111 PE=4 SV=1	Nematostella_vectensis_NV2t010370001.1 NV2t010370001.1, Nematostella_vectensis_NV2t010398001.1 NV2t010398001.1, Nematostella_vectensis_NV2t010398002.1 NV2t010398002.1
OG0000009	Trichoplax_specH2_tr_A0A369SFK8_A0A369SFK8_9METZ tr|A0A369SFK8|A0A369SFK8_9METZ Cubilin OS=Trichoplax sp. H2 OX=287889 GN=TrispH2_002786 PE=4 SV=1	Nematostella_vectensis_NV2t018837001.1 NV2t018837001.1, Nematostella_vectensis_NV2t017853001.1 NV2t017853001.1
OG0000009	Trichoplax_specH2_tr_A0A369RUH4_A0A369RUH4_9METZ tr|A0A369RUH4|A0A369RUH4_9METZ Cubilin OS=Trichoplax sp. H2 OX=287889 GN=TrispH2_009726 PE=4 SV=1, Trichoplax_specH2_tr_A0A369SBJ5_A0A369SBJ5_9METZ tr|A0A369SBJ5|A0A369SBJ5_9METZ Cubilin OS=Trichoplax sp. H2 OX=287889 GN=TrispH2_003997 PE=4 SV=1, Trichoplax_specH2_tr_A0A369S908_A0A369S908_9METZ tr|A0A369S908|A0A369S908_9METZ Cubilin OS=Trichoplax sp. H2 OX=287889 GN=TrispH2_003995 PE=4 SV=1, Trichoplax_specH2_tr_A0A369RNW2_A0A369RNW2_9METZ tr|A0A369RNW2|A0A369RNW2_9METZ Cubilin _Fragment_ OS=Trichoplax sp. H2 OX=287889 GN=TrispH2_012013 PE=4 SV=1, Trichoplax_specH2_tr_A0A369RML7_A0A369RML7_9METZ tr|A0A369RML7|A0A369RML7_9METZ Cubilin _Fragment_ OS=Trichoplax sp. H2 OX=287889 GN=TrispH2_011907 PE=4 SV=1, Trichoplax_specH2_tr_A0A369SBZ7_A0A369SBZ7_9METZ tr|A0A369SBZ7|A0A369SBZ7_9METZ Cubilin OS=Trichoplax sp. H2 OX=287889 GN=TrispH2_004215 PE=4 SV=1	Nematostella_vectensis_NV2t003169001.1 NV2t003169001.1
OG0000009	Trichoplax_specH2_tr_A0A369SFU7_A0A369SFU7_9METZ tr|A0A369SFU7|A0A369SFU7_9METZ Cubilin OS=Trichoplax sp. H2 OX=287889 GN=TrispH2_002261 PE=4 SV=1	Nematostella_vectensis_NV2t003625001.1 NV2t003625001.1, Nematostella_vectensis_NV2t005224001.1 NV2t005224001.1, Nematostella_vectensis_NV2t002814001.1 NV2t002814001.1, Nematostella_vectensis_NV2t003167001.1 NV2t003167001.1, Nematostella_vectensis_NV2t003167002.1 NV2t003167002.1, Nematostella_vectensis_NV2t003698001.1 NV2t003698001.1, Nematostella_vectensis_NV2t003699001.1 NV2t003699001.1, Nematostella_vectensis_NV2t003699002.1 NV2t003699002.1, Nematostella_vectensis_NV2t003699003.1 NV2t003699003.1, Nematostella_vectensis_NV2t014373001.1 NV2t014373001.1
OG0000010	Trichoplax_specH2_tr_A0A369RPG1_A0A369RPG1_9METZ tr|A0A369RPG1|A0A369RPG1_9METZ Basement membrane-specific heparan sulfate proteoglycan core protein _Fragment_ OS=Trichoplax sp. H2 OX=287889 GN=TrispH2_010827 PE=4 SV=1	Nematostella_vectensis_NV2t014905001.1 NV2t014905001.1, Nematostella_vectensis_NV2t014905002.1 NV2t014905002.1, Nematostella_vectensis_NV2t014905003.1 NV2t014905003.1
OG0000010	Trichoplax_specH2_tr_A0A369S1P8_A0A369S1P8_9METZ tr|A0A369S1P8|A0A369S1P8_9METZ Roundabout-like protein 3 OS=Trichoplax sp. H2 OX=287889 GN=TrispH2_007861 PE=4 SV=1	Nematostella_vectensis_NV2t021353001.1 NV2t021353001.1, Nematostella_vectensis_NV2t021353003.1 NV2t021353003.1
OG0000010	Trichoplax_specH2_tr_A0A369RVV2_A0A369RVV2_9METZ tr|A0A369RVV2|A0A369RVV2_9METZ Neural cell adhesion molecule 2 OS=Trichoplax sp. H2 OX=287889 GN=TrispH2_010641 PE=4 SV=1, Trichoplax_specH2_tr_A0A369RWI3_A0A369RWI3_9METZ tr|A0A369RWI3|A0A369RWI3_9METZ Protein sax-3 OS=Trichoplax sp. H2 OX=287889 GN=TrispH2_010638 PE=4 SV=1	Nematostella_vectensis_NV2t023125001.1 NV2t023125001.1
OG0000010	Trichoplax_specH2_tr_A0A369RVJ4_A0A369RVJ4_9METZ tr|A0A369RVJ4|A0A369RVJ4_9METZ Hemicentin-2 _Fragment_ OS=Trichoplax sp. H2 OX=287889 GN=TrispH2_009801 PE=4 SV=1	Nematostella_vectensis_NV2t022783003.1 NV2t022783003.1, Nematostella_vectensis_NV2t022783004.1 NV2t022783004.1, Nematostella_vectensis_NV2t022783001.1 NV2t022783001.1, Nematostella_vectensis_NV2t022783005.1 NV2t022783005.1, Nematostella_vectensis_NV2t022783002.1 NV2t022783002.1, Nematostella_vectensis_NV2t022081001.1 NV2t022081001.1
OG0000010	Trichoplax_specH2_tr_A0A369SBT0_A0A369SBT0_9METZ tr|A0A369SBT0|A0A369SBT0_9METZ Agrin OS=Trichoplax sp. H2 OX=287889 GN=TrispH2_004613 PE=4 SV=1	Nematostella_vectensis_NV2t006047001.1 NV2t006047001.1, Nematostella_vectensis_NV2t014904001.1 NV2t014904001.1, Nematostella_vectensis_NV2t000707001.1 NV2t000707001.1
OG0000010	Trichoplax_specH2_tr_A0A369SGZ7_A0A369SGZ7_9METZ tr|A0A369SGZ7|A0A369SGZ7_9METZ Follistatin OS=Trichoplax sp. H2 OX=287889 GN=TrispH2_002122 PE=4 SV=1	Nematostella_vectensis_NV2t023832001.1 NV2t023832001.1
OG0000011	Trichoplax_specH2_tr_A0A369SG46_A0A369SG46_9METZ tr|A0A369SG46|A0A369SG46_9METZ Plasminogen OS=Trichoplax sp. H2 OX=287889 GN=TrispH2_003216 PE=4 SV=1, Trichoplax_specH2_tr_A0A369RQ32_A0A369RQ32_9METZ tr|A0A369RQ32|A0A369RQ32_9METZ Hepatocyte growth factor-like protein OS=Trichoplax sp. H2 OX=287889 GN=TrispH2_011475 PE=4 SV=1, Trichoplax_specH2_tr_A0A369RUX0_A0A369RUX0_9METZ tr|A0A369RUX0|A0A369RUX0_9METZ Plasminogen OS=Trichoplax sp. H2 OX=287889 GN=TrispH2_009661 PE=4 SV=1, Trichoplax_specH2_tr_A0A369RUZ3_A0A369RUZ3_9METZ tr|A0A369RUZ3|A0A369RUZ3_9METZ Plasminogen OS=Trichoplax sp. H2 OX=287889 GN=TrispH2_009071 PE=4 SV=1, Trichoplax_specH2_tr_A0A369RNX8_A0A369RNX8_9METZ tr|A0A369RNX8|A0A369RNX8_9METZ Neurotrypsin OS=Trichoplax sp. H2 OX=287889 GN=TrispH2_011681 PE=4 SV=1, Trichoplax_specH2_tr_A0A369RPG0_A0A369RPG0_9METZ tr|A0A369RPG0|A0A369RPG0_9METZ Neurotrypsin OS=Trichoplax sp. H2 OX=287889 GN=TrispH2_011806 PE=4 SV=1, Trichoplax_specH2_tr_A0A369S0J0_A0A369S0J0_9METZ tr|A0A369S0J0|A0A369S0J0_9METZ Antigen WC1.1 OS=Trichoplax sp. H2 OX=287889 GN=TrispH2_008475 PE=4 SV=1, Trichoplax_specH2_tr_A0A369SEP3_A0A369SEP3_9METZ tr|A0A369SEP3|A0A369SEP3_9METZ Plasminogen OS=Trichoplax sp. H2 OX=287889 GN=TrispH2_003221 PE=4 SV=1, Trichoplax_specH2_tr_A0A369RSM3_A0A369RSM3_9METZ tr|A0A369RSM3|A0A369RSM3_9METZ Hyaluronan-binding protein 2 OS=Trichoplax sp. H2 OX=287889 GN=TrispH2_010599 PE=4 SV=1, Trichoplax_specH2_tr_A0A369RSF0_A0A369RSF0_9METZ tr|A0A369RSF0|A0A369RSF0_9METZ Hepatocyte growth factor-like protein OS=Trichoplax sp. H2 OX=287889 GN=TrispH2_010598 PE=4 SV=1, Trichoplax_specH2_tr_A0A369RRY9_A0A369RRY9_9METZ tr|A0A369RRY9|A0A369RRY9_9METZ MAM and LDL-receptor class A domain-containing protein 2 OS=Trichoplax sp. H2 OX=287889 GN=TrispH2_010597 PE=4 SV=1, Trichoplax_specH2_tr_A0A369RRA5_A0A369RRA5_9METZ tr|A0A369RRA5|A0A369RRA5_9METZ MAM and LDL-receptor class A domain-containing protein 2 OS=Trichoplax sp. H2 OX=287889 GN=TrispH2_010596 PE=4 SV=1, Trichoplax_specH2_tr_A0A369RRQ1_A0A369RRQ1_9METZ tr|A0A369RRQ1|A0A369RRQ1_9METZ MAM and LDL-receptor class A domain-containing protein 2 OS=Trichoplax sp. H2 OX=287889 GN=TrispH2_010595 PE=4 SV=1, Trichoplax_specH2_tr_A0A369SDE6_A0A369SDE6_9METZ tr|A0A369SDE6|A0A369SDE6_9METZ MAM and LDL-receptor class A domain-containing protein 1 OS=Trichoplax sp. H2 OX=287889 GN=TrispH2_003222 PE=4 SV=1, Trichoplax_specH2_tr_A0A369SE49_A0A369SE49_9METZ tr|A0A369SE49|A0A369SE49_9METZ Neurotrypsin OS=Trichoplax sp. H2 OX=287889 GN=TrispH2_002984 PE=4 SV=1, Trichoplax_specH2_tr_A0A369RZ52_A0A369RZ52_9METZ tr|A0A369RZ52|A0A369RZ52_9METZ Neurotrypsin OS=Trichoplax sp. H2 OX=287889 GN=TrispH2_007547 PE=4 SV=1, Trichoplax_specH2_tr_A0A369S6S6_A0A369S6S6_9METZ tr|A0A369S6S6|A0A369S6S6_9METZ Neurotrypsin OS=Trichoplax sp. H2 OX=287889 GN=TrispH2_006821 PE=4 SV=1, Trichoplax_specH2_tr_A0A369RQR2_A0A369RQR2_9METZ tr|A0A369RQR2|A0A369RQR2_9METZ Neurotrypsin OS=Trichoplax sp. H2 OX=287889 GN=TrispH2_010133 PE=4 SV=1	Nematostella_vectensis_NV2t012077002.1 NV2t012077002.1, Nematostella_vectensis_NV2t006768001.1 NV2t006768001.1
OG0000012	Trichoplax_specH2_tr_A0A369RQH6_A0A369RQH6_9METZ tr|A0A369RQH6|A0A369RQH6_9METZ Fibrillin-2 _Fragment_ OS=Trichoplax sp. H2 OX=287889 GN=TrispH2_011117 PE=4 SV=1, Trichoplax_specH2_tr_A0A369RVG2_A0A369RVG2_9METZ tr|A0A369RVG2|A0A369RVG2_9METZ BMP-binding endothelial regulator protein OS=Trichoplax sp. H2 OX=287889 GN=TrispH2_010308 PE=4 SV=1	Nematostella_vectensis_NV2t012730001.1 NV2t012730001.1
OG0000013	Trichoplax_specH2_tr_A0A369RTS8_A0A369RTS8_9METZ tr|A0A369RTS8|A0A369RTS8_9METZ Protein Wnt OS=Trichoplax sp. H2 OX=287889 GN=TrispH2_010556 PE=3 SV=1, Trichoplax_specH2_tr_A0A369SL16_A0A369SL16_9METZ tr|A0A369SL16|A0A369SL16_9METZ Protein Wnt OS=Trichoplax sp. H2 OX=287889 GN=TrispH2_000144 PE=3 SV=1	Nematostella_vectensis_NV2t003689001.1 NV2t003689001.1, Nematostella_vectensis_NV2t004522001.1 NV2t004522001.1, Nematostella_vectensis_NV2t005661001.1 NV2t005661001.1
OG0000014	Trichoplax_specH2_tr_A0A369S333_A0A369S333_9METZ tr|A0A369S333|A0A369S333_9METZ A disintegrin and metalloproteinase with thrombospondin motifs 19 OS=Trichoplax sp. H2 OX=287889 GN=TrispH2_005653 PE=4 SV=1	Nematostella_vectensis_NV2t022999001.1 NV2t022999001.1, Nematostella_vectensis_NV2t023123001.1 NV2t023123001.1, Nematostella_vectensis_NV2t024253001.1 NV2t024253001.1, Nematostella_vectensis_NV2t023275001.1 NV2t023275001.1, Nematostella_vectensis_NV2t020821001.1 NV2t020821001.1, Nematostella_vectensis_NV2t000088001.1 NV2t000088001.1, Nematostella_vectensis_NV2t000087001.1 NV2t000087001.1, Nematostella_vectensis_NV2t025184002.1 NV2t025184002.1, Nematostella_vectensis_NV2t025184001.1 NV2t025184001.1, Nematostella_vectensis_NV2t017494001.1 NV2t017494001.1, Nematostella_vectensis_NV2t022459002.1 NV2t022459002.1, Nematostella_vectensis_NV2t022459001.1 NV2t022459001.1, Nematostella_vectensis_NV2t021229001.1 NV2t021229001.1, Nematostella_vectensis_NV2t022465001.1 NV2t022465001.1, Nematostella_vectensis_NV2t021631001.1 NV2t021631001.1, Nematostella_vectensis_NV2t021630001.1 NV2t021630001.1, Nematostella_vectensis_NV2t021635001.1 NV2t021635001.1, Nematostella_vectensis_NV2t021636001.1 NV2t021636001.1, Nematostella_vectensis_NV2t021230001.1 NV2t021230001.1, Nematostella_vectensis_NV2t021638002.1 NV2t021638002.1, Nematostella_vectensis_NV2t021638001.1 NV2t021638001.1, Nematostella_vectensis_NV2t001124001.1 NV2t001124001.1, Nematostella_vectensis_NV2t001120001.1 NV2t001120001.1, Nematostella_vectensis_NV2t001123004.1 NV2t001123004.1, Nematostella_vectensis_NV2t001123002.1 NV2t001123002.1, Nematostella_vectensis_NV2t001123005.1 NV2t001123005.1, Nematostella_vectensis_NV2t001123003.1 NV2t001123003.1, Nematostella_vectensis_NV2t024070001.1 NV2t024070001.1
OG0000015	Trichoplax_specH2_tr_A0A369RPZ6_A0A369RPZ6_9METZ tr|A0A369RPZ6|A0A369RPZ6_9METZ Oncoprotein-induced transcript 3 protein OS=Trichoplax sp. H2 OX=287889 GN=TrispH2_011015 PE=4 SV=1, Trichoplax_specH2_tr_A0A369RZH8_A0A369RZH8_9METZ tr|A0A369RZH8|A0A369RZH8_9METZ Oncoprotein-induced transcript 3 protein OS=Trichoplax sp. H2 OX=287889 GN=TrispH2_007988 PE=4 SV=1	Nematostella_vectensis_NV2t012183001.1 NV2t012183001.1, Nematostella_vectensis_NV2t011069001.1 NV2t011069001.1, Nematostella_vectensis_NV2t011632001.1 NV2t011632001.1, Nematostella_vectensis_NV2t011345005.1 NV2t011345005.1, Nematostella_vectensis_NV2t011345001.1 NV2t011345001.1, Nematostella_vectensis_NV2t011345002.1 NV2t011345002.1, Nematostella_vectensis_NV2t011345004.1 NV2t011345004.1, Nematostella_vectensis_NV2t011345003.1 NV2t011345003.1
OG0000017	Trichoplax_specH2_tr_A0A369S4E6_A0A369S4E6_9METZ tr|A0A369S4E6|A0A369S4E6_9METZ Serpin B10 OS=Trichoplax sp. H2 OX=287889 GN=TrispH2_006507 PE=3 SV=1, Trichoplax_specH2_tr_A0A369S5H0_A0A369S5H0_9METZ tr|A0A369S5H0|A0A369S5H0_9METZ Serpin B9 OS=Trichoplax sp. H2 OX=287889 GN=TrispH2_006508 PE=3 SV=1	Nematostella_vectensis_NV2t021103001.1 NV2t021103001.1
OG0000018	Trichoplax_specH2_tr_A0A369RS12_A0A369RS12_9METZ tr|A0A369RS12|A0A369RS12_9METZ Neurogenic locus Notch protein _Fragment_ OS=Trichoplax sp. H2 OX=287889 GN=TrispH2_010937 PE=4 SV=1, Trichoplax_specH2_tr_A0A369RLU0_A0A369RLU0_9METZ tr|A0A369RLU0|A0A369RLU0_9METZ Scavenger receptor cysteine-rich domain superfamily protein _Fragment_ OS=Trichoplax sp. H2 OX=287889 GN=TrispH2_012026 PE=4 SV=1, Trichoplax_specH2_tr_A0A369SBL6_A0A369SBL6_9METZ tr|A0A369SBL6|A0A369SBL6_9METZ Neurogenic locus notch-like protein 1 OS=Trichoplax sp. H2 OX=287889 GN=TrispH2_003460 PE=4 SV=1, Trichoplax_specH2_tr_A0A369S179_A0A369S179_9METZ tr|A0A369S179|A0A369S179_9METZ Deleted in malignant brain tumors 1 protein _Fragment_ OS=Trichoplax sp. H2 OX=287889 GN=TrispH2_007263 PE=4 SV=1, Trichoplax_specH2_tr_A0A369RNM2_A0A369RNM2_9METZ tr|A0A369RNM2|A0A369RNM2_9METZ Scavenger receptor cysteine-rich domain superfamily protein _Fragment_ OS=Trichoplax sp. H2 OX=287889 GN=TrispH2_011888 PE=4 SV=1, Trichoplax_specH2_tr_A0A369S394_A0A369S394_9METZ tr|A0A369S394|A0A369S394_9METZ Deleted in malignant brain tumors 1 protein OS=Trichoplax sp. H2 OX=287889 GN=TrispH2_005649 PE=4 SV=1, Trichoplax_specH2_tr_A0A369RNE8_A0A369RNE8_9METZ tr|A0A369RNE8|A0A369RNE8_9METZ Scavenger receptor cysteine-rich domain superfamily protein OS=Trichoplax sp. H2 OX=287889 GN=TrispH2_011666 PE=4 SV=1, Trichoplax_specH2_tr_A0A369S0X8_A0A369S0X8_9METZ tr|A0A369S0X8|A0A369S0X8_9METZ Deleted in malignant brain tumors 1 protein _Fragment_ OS=Trichoplax sp. H2 OX=287889 GN=TrispH2_007445 PE=4 SV=1, Trichoplax_specH2_tr_A0A369S5N9_A0A369S5N9_9METZ tr|A0A369S5N9|A0A369S5N9_9METZ Deleted in malignant brain tumors 1 protein OS=Trichoplax sp. H2 OX=287889 GN=TrispH2_005286 PE=4 SV=1, Trichoplax_specH2_tr_A0A369RV21_A0A369RV21_9METZ tr|A0A369RV21|A0A369RV21_9METZ Deleted in malignant brain tumors 1 protein OS=Trichoplax sp. H2 OX=287889 GN=TrispH2_009063 PE=4 SV=1, Trichoplax_specH2_tr_A0A369SFS7_A0A369SFS7_9METZ tr|A0A369SFS7|A0A369SFS7_9METZ Deleted in malignant brain tumors 1 protein OS=Trichoplax sp. H2 OX=287889 GN=TrispH2_002800 PE=4 SV=1, Trichoplax_specH2_tr_A0A369SFF2_A0A369SFF2_9METZ tr|A0A369SFF2|A0A369SFF2_9METZ Deleted in malignant brain tumors 1 protein OS=Trichoplax sp. H2 OX=287889 GN=TrispH2_002801 PE=4 SV=1, Trichoplax_specH2_tr_A0A369SFG1_A0A369SFG1_9METZ tr|A0A369SFG1|A0A369SFG1_9METZ Deleted in malignant brain tumors 1 protein OS=Trichoplax sp. H2 OX=287889 GN=TrispH2_002804 PE=4 SV=1, Trichoplax_specH2_tr_A0A369SFL5_A0A369SFL5_9METZ tr|A0A369SFL5|A0A369SFL5_9METZ Deleted in malignant brain tumors 1 protein OS=Trichoplax sp. H2 OX=287889 GN=TrispH2_002803 PE=4 SV=1, Trichoplax_specH2_tr_A0A369S4B2_A0A369S4B2_9METZ tr|A0A369S4B2|A0A369S4B2_9METZ Deleted in malignant brain tumors 1 protein OS=Trichoplax sp. H2 OX=287889 GN=TrispH2_005663 PE=4 SV=1, Trichoplax_specH2_tr_A0A369RQM6_A0A369RQM6_9METZ tr|A0A369RQM6|A0A369RQM6_9METZ Neurogenic locus Notch protein _Fragment_ OS=Trichoplax sp. H2 OX=287889 GN=TrispH2_011146 PE=4 SV=1	Nematostella_vectensis_NV2t006191001.1 NV2t006191001.1, Nematostella_vectensis_NV2t006127002.1 NV2t006127002.1, Nematostella_vectensis_NV2t006127001.1 NV2t006127001.1
OG0000018	Trichoplax_specH2_tr_A0A369RVY6_A0A369RVY6_9METZ tr|A0A369RVY6|A0A369RVY6_9METZ Fibropellin-1 OS=Trichoplax sp. H2 OX=287889 GN=TrispH2_009781 PE=4 SV=1	Nematostella_vectensis_NV2t016213001.1 NV2t016213001.1
OG0000019	Trichoplax_specH2_tr_A0A369SHA9_A0A369SHA9_9METZ tr|A0A369SHA9|A0A369SHA9_9METZ Growth/differentiation factor 8 OS=Trichoplax sp. H2 OX=287889 GN=TrispH2_001421 PE=3 SV=1	Nematostella_vectensis_NV2t000173001.1 NV2t000173001.1
OG0000019	Trichoplax_specH2_tr_A0A369SEF4_A0A369SEF4_9METZ tr|A0A369SEF4|A0A369SEF4_9METZ Bone morphogenetic protein 4 OS=Trichoplax sp. H2 OX=287889 GN=TrispH2_002393 PE=3 SV=1	Nematostella_vectensis_NV2t019847002.1 NV2t019847002.1, Nematostella_vectensis_NV2t019847001.1 NV2t019847001.1
OG0000021	Trichoplax_specH2_tr_A0A369RTQ1_A0A369RTQ1_9METZ tr|A0A369RTQ1|A0A369RTQ1_9METZ Nidogen-1 OS=Trichoplax sp. H2 OX=287889 GN=TrispH2_009409 PE=4 SV=1	Nematostella_vectensis_NV2t020722001.1 NV2t020722001.1, Nematostella_vectensis_NV2t020722002.1 NV2t020722002.1, Nematostella_vectensis_NV2t020722003.1 NV2t020722003.1
OG0000021	Trichoplax_specH2_tr_A0A369SSL3_A0A369SSL3_9METZ tr|A0A369SSL3|A0A369SSL3_9METZ Low-density lipoprotein receptor-related protein 4 OS=Trichoplax sp. H2 OX=287889 GN=TrispH2_000491 PE=4 SV=1	Nematostella_vectensis_NV2t001337001.1 NV2t001337001.1
OG0000022	Trichoplax_specH2_tr_A0A369SFY9_A0A369SFY9_9METZ tr|A0A369SFY9|A0A369SFY9_9METZ Annexin OS=Trichoplax sp. H2 OX=287889 GN=TrispH2_002457 PE=3 SV=1	Nematostella_vectensis_NV2t009562002.1 NV2t009562002.1, Nematostella_vectensis_NV2t009562001.1 NV2t009562001.1
OG0000022	Trichoplax_specH2_tr_A0A369RNY4_A0A369RNY4_9METZ tr|A0A369RNY4|A0A369RNY4_9METZ Annexin OS=Trichoplax sp. H2 OX=287889 GN=TrispH2_011427 PE=3 SV=1	Nematostella_vectensis_NV2t010289001.1 NV2t010289001.1
OG0000023	Trichoplax_specH2_tr_A0A369RUH1_A0A369RUH1_9METZ tr|A0A369RUH1|A0A369RUH1_9METZ Disintegrin and metalloproteinase domain-containing protein 12 OS=Trichoplax sp. H2 OX=287889 GN=TrispH2_009954 PE=4 SV=1, Trichoplax_specH2_tr_A0A369RP58_A0A369RP58_9METZ tr|A0A369RP58|A0A369RP58_9METZ Disintegrin and metalloproteinase domain-containing protein 9 OS=Trichoplax sp. H2 OX=287889 GN=TrispH2_011592 PE=4 SV=1, Trichoplax_specH2_tr_A0A369RUI2_A0A369RUI2_9METZ tr|A0A369RUI2|A0A369RUI2_9METZ Disintegrin and metalloproteinase domain-containing protein 12 OS=Trichoplax sp. H2 OX=287889 GN=TrispH2_009955 PE=4 SV=1, Trichoplax_specH2_tr_A0A369RUG6_A0A369RUG6_9METZ tr|A0A369RUG6|A0A369RUG6_9METZ Disintegrin and metalloproteinase domain-containing protein 9 OS=Trichoplax sp. H2 OX=287889 GN=TrispH2_009958 PE=4 SV=1, Trichoplax_specH2_tr_A0A369RNG1_A0A369RNG1_9METZ tr|A0A369RNG1|A0A369RNG1_9METZ Disintegrin and metalloproteinase domain-containing protein 12 _Fragment_ OS=Trichoplax sp. H2 OX=287889 GN=TrispH2_011748 PE=4 SV=1	Nematostella_vectensis_NV2t018385002.1 NV2t018385002.1, Nematostella_vectensis_NV2t018385001.1 NV2t018385001.1
OG0000024	Trichoplax_specH2_tr_A0A369S7Y3_A0A369S7Y3_9METZ tr|A0A369S7Y3|A0A369S7Y3_9METZ Equistatin OS=Trichoplax sp. H2 OX=287889 GN=TrispH2_005616 PE=4 SV=1	Nematostella_vectensis_NV2t000107001.1 NV2t000107001.1, Nematostella_vectensis_NV2t000107002.1 NV2t000107002.1, Nematostella_vectensis_NV2t014420001.1 NV2t014420001.1, Nematostella_vectensis_NV2t019319001.1 NV2t019319001.1, Nematostella_vectensis_NV2t019319003.1 NV2t019319003.1, Nematostella_vectensis_NV2t019319004.1 NV2t019319004.1, Nematostella_vectensis_NV2t019319002.1 NV2t019319002.1, Nematostella_vectensis_NV2t019319005.1 NV2t019319005.1, Nematostella_vectensis_NV2t014046002.1 NV2t014046002.1, Nematostella_vectensis_NV2t014046001.1 NV2t014046001.1, Nematostella_vectensis_NV2t014045001.1 NV2t014045001.1, Nematostella_vectensis_NV2t014040001.1 NV2t014040001.1, Nematostella_vectensis_NV2t014419001.1 NV2t014419001.1, Nematostella_vectensis_NV2t014039001.1 NV2t014039001.1
OG0000024	Trichoplax_specH2_tr_A0A369RZZ2_A0A369RZZ2_9METZ tr|A0A369RZZ2|A0A369RZZ2_9METZ H-2 class II histocompatibility antigen gamma chain OS=Trichoplax sp. H2 OX=287889 GN=TrispH2_007682 PE=4 SV=1	Nematostella_vectensis_NV2t003373001.1 NV2t003373001.1, Nematostella_vectensis_NV2t003373002.1 NV2t003373002.1, Nematostella_vectensis_NV2t003373003.1 NV2t003373003.1
OG0000028	Trichoplax_specH2_tr_A0A369SN44_A0A369SN44_9METZ tr|A0A369SN44|A0A369SN44_9METZ Collagen alpha-1_IV_ chain OS=Trichoplax sp. H2 OX=287889 GN=TrispH2_000807 PE=4 SV=1, Trichoplax_specH2_tr_A0A369SLF9_A0A369SLF9_9METZ tr|A0A369SLF9|A0A369SLF9_9METZ Collagen alpha-1_IV_ chain OS=Trichoplax sp. H2 OX=287889 GN=TrispH2_000806 PE=4 SV=1	Nematostella_vectensis_NV2t021411001.1 NV2t021411001.1, Nematostella_vectensis_NV2t021409001.1 NV2t021409001.1
OG0000029	Trichoplax_specH2_tr_A0A369S5H8_A0A369S5H8_9METZ tr|A0A369S5H8|A0A369S5H8_9METZ Contactin-associated protein-like 5 OS=Trichoplax sp. H2 OX=287889 GN=TrispH2_005166 PE=4 SV=1, Trichoplax_specH2_tr_A0A369SFH7_A0A369SFH7_9METZ tr|A0A369SFH7|A0A369SFH7_9METZ Contactin-associated protein-like 5 OS=Trichoplax sp. H2 OX=287889 GN=TrispH2_002868 PE=4 SV=1, Trichoplax_specH2_tr_A0A369RZ57_A0A369RZ57_9METZ tr|A0A369RZ57|A0A369RZ57_9METZ Contactin-associated protein-like 5 OS=Trichoplax sp. H2 OX=287889 GN=TrispH2_008811 PE=4 SV=1, Trichoplax_specH2_tr_A0A369RZ29_A0A369RZ29_9METZ tr|A0A369RZ29|A0A369RZ29_9METZ Contactin-associated protein-like 5 OS=Trichoplax sp. H2 OX=287889 GN=TrispH2_008809 PE=4 SV=1, Trichoplax_specH2_tr_A0A369RUI3_A0A369RUI3_9METZ tr|A0A369RUI3|A0A369RUI3_9METZ Contactin-associated protein-like 5 OS=Trichoplax sp. H2 OX=287889 GN=TrispH2_010415 PE=4 SV=1	Nematostella_vectensis_NV2t004704001.1 NV2t004704001.1, Nematostella_vectensis_NV2t004683002.1 NV2t004683002.1, Nematostella_vectensis_NV2t004683001.1 NV2t004683001.1, Nematostella_vectensis_NV2t009601003.1 NV2t009601003.1, Nematostella_vectensis_NV2t009601002.1 NV2t009601002.1, Nematostella_vectensis_NV2t009601001.1 NV2t009601001.1, Nematostella_vectensis_NV2t011326001.1 NV2t011326001.1, Nematostella_vectensis_NV2t011326002.1 NV2t011326002.1, Nematostella_vectensis_NV2t011326003.1 NV2t011326003.1, Nematostella_vectensis_NV2t011326004.1 NV2t011326004.1, Nematostella_vectensis_NV2t000244001.1 NV2t000244001.1, Nematostella_vectensis_NV2t000244002.1 NV2t000244002.1, Nematostella_vectensis_NV2t003375001.1 NV2t003375001.1, Nematostella_vectensis_NV2t008818001.1 NV2t008818001.1, Nematostella_vectensis_NV2t008819001.1 NV2t008819001.1
OG0000030	Trichoplax_specH2_tr_A0A369S5E1_A0A369S5E1_9METZ tr|A0A369S5E1|A0A369S5E1_9METZ ADAM 17-like protease OS=Trichoplax sp. H2 OX=287889 GN=TrispH2_005778 PE=4 SV=1	Nematostella_vectensis_NV2t006771001.1 NV2t006771001.1, Nematostella_vectensis_NV2t006771002.1 NV2t006771002.1
OG0000030	Trichoplax_specH2_tr_A0A369SER2_A0A369SER2_9METZ tr|A0A369SER2|A0A369SER2_9METZ Disintegrin and metalloproteinase domain-containing protein 10 OS=Trichoplax sp. H2 OX=287889 GN=TrispH2_003217 PE=4 SV=1, Trichoplax_specH2_tr_A0A369S7J2_A0A369S7J2_9METZ tr|A0A369S7J2|A0A369S7J2_9METZ Disintegrin and metalloproteinase domain-containing protein 10 OS=Trichoplax sp. H2 OX=287889 GN=TrispH2_005268 PE=4 SV=1, Trichoplax_specH2_tr_A0A369RXA9_A0A369RXA9_9METZ tr|A0A369RXA9|A0A369RXA9_9METZ Disintegrin and metalloproteinase domain-containing protein 10 OS=Trichoplax sp. H2 OX=287889 GN=TrispH2_009082 PE=4 SV=1, Trichoplax_specH2_tr_A0A369RV51_A0A369RV51_9METZ tr|A0A369RV51|A0A369RV51_9METZ Disintegrin and metalloproteinase domain-containing protein 10 OS=Trichoplax sp. H2 OX=287889 GN=TrispH2_008658 PE=4 SV=1	Nematostella_vectensis_NV2t013893003.1 NV2t013893003.1, Nematostella_vectensis_NV2t013893002.1 NV2t013893002.1, Nematostella_vectensis_NV2t024729009.1 NV2t024729009.1, Nematostella_vectensis_NV2t024729016.1 NV2t024729016.1, Nematostella_vectensis_NV2t024729018.1 NV2t024729018.1, Nematostella_vectensis_NV2t024729004.1 NV2t024729004.1, Nematostella_vectensis_NV2t024729015.1 NV2t024729015.1, Nematostella_vectensis_NV2t024729005.1 NV2t024729005.1, Nematostella_vectensis_NV2t024729010.1 NV2t024729010.1, Nematostella_vectensis_NV2t024729008.1 NV2t024729008.1, Nematostella_vectensis_NV2t024729007.1 NV2t024729007.1, Nematostella_vectensis_NV2t024729006.1 NV2t024729006.1
OG0000034	Trichoplax_specH2_tr_A0A369S1X9_A0A369S1X9_9METZ tr|A0A369S1X9|A0A369S1X9_9METZ Attractin-like protein 1 OS=Trichoplax sp. H2 OX=287889 GN=TrispH2_007083 PE=4 SV=1	Nematostella_vectensis_NV2t018302001.1 NV2t018302001.1
OG0000034	Trichoplax_specH2_tr_A0A369SCB4_A0A369SCB4_9METZ tr|A0A369SCB4|A0A369SCB4_9METZ Multiple epidermal growth factor-like domains protein 8 OS=Trichoplax sp. H2 OX=287889 GN=TrispH2_004337 PE=4 SV=1	Nematostella_vectensis_NV2t021926001.1 NV2t021926001.1
OG0000041	Trichoplax_specH2_tr_A0A369RUI5_A0A369RUI5_9METZ tr|A0A369RUI5|A0A369RUI5_9METZ Poly [ADP-ribose] polymerase OS=Trichoplax sp. H2 OX=287889 GN=TrispH2_009716 PE=3 SV=1, Trichoplax_specH2_tr_A0A369RVR9_A0A369RVR9_9METZ tr|A0A369RVR9|A0A369RVR9_9METZ Poly [ADP-ribose] polymerase OS=Trichoplax sp. H2 OX=287889 GN=TrispH2_009712 PE=3 SV=1	Nematostella_vectensis_NV2t008369001.1 NV2t008369001.1
OG0000047	Trichoplax_specH2_tr_A0A369RTL2_A0A369RTL2_9METZ tr|A0A369RTL2|A0A369RTL2_9METZ Ferric-chelate reductase 1 OS=Trichoplax sp. H2 OX=287889 GN=TrispH2_010618 PE=3 SV=1	Nematostella_vectensis_NV2t000021003.1 NV2t000021003.1, Nematostella_vectensis_NV2t000021001.1 NV2t000021001.1, Nematostella_vectensis_NV2t000021002.1 NV2t000021002.1, Nematostella_vectensis_NV2t000027001.1 NV2t000027001.1
OG0000049	Trichoplax_specH2_tr_A0A369S9H8_A0A369S9H8_9METZ tr|A0A369S9H8|A0A369S9H8_9METZ Plexin-A2 OS=Trichoplax sp. H2 OX=287889 GN=TrispH2_004244 PE=3 SV=1, Trichoplax_specH2_tr_A0A369SC16_A0A369SC16_9METZ tr|A0A369SC16|A0A369SC16_9METZ Plexin A3 OS=Trichoplax sp. H2 OX=287889 GN=TrispH2_004246 PE=3 SV=1	Nematostella_vectensis_NV2t002812001.1 NV2t002812001.1
OG0000051	Trichoplax_specH2_tr_A0A369SAB3_A0A369SAB3_9METZ tr|A0A369SAB3|A0A369SAB3_9METZ Voltage-dependent calcium channel subunit alpha-2/delta-1 OS=Trichoplax sp. H2 OX=287889 GN=TrispH2_004901 PE=4 SV=1	Nematostella_vectensis_NV2t016117001.1 NV2t016117001.1, Nematostella_vectensis_NV2t016117002.1 NV2t016117002.1
OG0000054	Trichoplax_specH2_tr_A0A369S0G0_A0A369S0G0_9METZ tr|A0A369S0G0|A0A369S0G0_9METZ Leucine-rich repeat-containing protein 7 OS=Trichoplax sp. H2 OX=287889 GN=TrispH2_007703 PE=4 SV=1	Nematostella_vectensis_NV2t000638001.1 NV2t000638001.1
OG0000054	Trichoplax_specH2_tr_A0A369S7Y8_A0A369S7Y8_9METZ tr|A0A369S7Y8|A0A369S7Y8_9METZ Leucine-rich repeat-containing protein 1 OS=Trichoplax sp. H2 OX=287889 GN=TrispH2_005790 PE=4 SV=1	Nematostella_vectensis_NV2t005524014.1 NV2t005524014.1, Nematostella_vectensis_NV2t005524013.1 NV2t005524013.1, Nematostella_vectensis_NV2t005524012.1 NV2t005524012.1
OG0000056	Trichoplax_specH2_tr_A0A369S7K0_A0A369S7K0_9METZ tr|A0A369S7K0|A0A369S7K0_9METZ E3 ubiquitin-protein ligase TRIM9 OS=Trichoplax sp. H2 OX=287889 GN=TrispH2_005591 PE=4 SV=1	Nematostella_vectensis_NV2t021066001.1 NV2t021066001.1, Nematostella_vectensis_NV2t021065001.1 NV2t021065001.1
OG0000058	Trichoplax_specH2_tr_A0A369RQT7_A0A369RQT7_9METZ tr|A0A369RQT7|A0A369RQT7_9METZ Neurotrypsin OS=Trichoplax sp. H2 OX=287889 GN=TrispH2_010134 PE=4 SV=1, Trichoplax_specH2_tr_A0A369RTU2_A0A369RTU2_9METZ tr|A0A369RTU2|A0A369RTU2_9METZ MAM and LDL-receptor class A domain-containing protein 2 OS=Trichoplax sp. H2 OX=287889 GN=TrispH2_010594 PE=4 SV=1	Nematostella_vectensis_NV2t023295002.1 NV2t023295002.1, Nematostella_vectensis_NV2t023295001.1 NV2t023295001.1, Nematostella_vectensis_NV2t022985001.1 NV2t022985001.1, Nematostella_vectensis_NV2t023818001.1 NV2t023818001.1, Nematostella_vectensis_NV2t023715001.1 NV2t023715001.1
OG0000061	Trichoplax_specH2_tr_A0A369S1I2_A0A369S1I2_9METZ tr|A0A369S1I2|A0A369S1I2_9METZ Copine-8 OS=Trichoplax sp. H2 OX=287889 GN=TrispH2_007458 PE=3 SV=1, Trichoplax_specH2_tr_A0A369S101_A0A369S101_9METZ tr|A0A369S101|A0A369S101_9METZ Copine-8 OS=Trichoplax sp. H2 OX=287889 GN=TrispH2_007456 PE=3 SV=1, Trichoplax_specH2_tr_A0A369S108_A0A369S108_9METZ tr|A0A369S108|A0A369S108_9METZ Copine-5 OS=Trichoplax sp. H2 OX=287889 GN=TrispH2_007455 PE=3 SV=1, Trichoplax_specH2_tr_A0A369S1A7_A0A369S1A7_9METZ tr|A0A369S1A7|A0A369S1A7_9METZ Copine-8 OS=Trichoplax sp. H2 OX=287889 GN=TrispH2_007453 PE=3 SV=1	Nematostella_vectensis_NV2t000137001.1 NV2t000137001.1, Nematostella_vectensis_NV2t000137003.1 NV2t000137003.1, Nematostella_vectensis_NV2t000137002.1 NV2t000137002.1
OG0000062	Trichoplax_specH2_tr_A0A369SLK4_A0A369SLK4_9METZ tr|A0A369SLK4|A0A369SLK4_9METZ Delta-like protein _Fragment_ OS=Trichoplax sp. H2 OX=287889 GN=TrispH2_000422 PE=4 SV=1	Nematostella_vectensis_NV2t020616011.1 NV2t020616011.1, Nematostella_vectensis_NV2t020616009.1 NV2t020616009.1, Nematostella_vectensis_NV2t020616013.1 NV2t020616013.1, Nematostella_vectensis_NV2t020616012.1 NV2t020616012.1, Nematostella_vectensis_NV2t020616010.1 NV2t020616010.1, Nematostella_vectensis_NV2t020616014.1 NV2t020616014.1, Nematostella_vectensis_NV2t020616016.1 NV2t020616016.1, Nematostella_vectensis_NV2t020616015.1 NV2t020616015.1, Nematostella_vectensis_NV2t020616006.1 NV2t020616006.1, Nematostella_vectensis_NV2t020616007.1 NV2t020616007.1, Nematostella_vectensis_NV2t020616004.1 NV2t020616004.1, Nematostella_vectensis_NV2t020616001.1 NV2t020616001.1, Nematostella_vectensis_NV2t020616005.1 NV2t020616005.1, Nematostella_vectensis_NV2t020616002.1 NV2t020616002.1, Nematostella_vectensis_NV2t020616008.1 NV2t020616008.1, Nematostella_vectensis_NV2t020616003.1 NV2t020616003.1
OG0000065	Trichoplax_specH2_tr_A0A369RSU8_A0A369RSU8_9METZ tr|A0A369RSU8|A0A369RSU8_9METZ Glypican-1 OS=Trichoplax sp. H2 OX=287889 GN=TrispH2_011045 PE=3 SV=1	Nematostella_vectensis_NV2t022015001.1 NV2t022015001.1
OG0000065	Trichoplax_specH2_tr_A0A369S461_A0A369S461_9METZ tr|A0A369S461|A0A369S461_9METZ Glypican-5 OS=Trichoplax sp. H2 OX=287889 GN=TrispH2_006316 PE=3 SV=1	Nematostella_vectensis_NV2t022018001.1 NV2t022018001.1
OG0000076	Trichoplax_specH2_tr_A0A369SIH0_A0A369SIH0_9METZ tr|A0A369SIH0|A0A369SIH0_9METZ IgGFc-binding protein OS=Trichoplax sp. H2 OX=287889 GN=TrispH2_001042 PE=4 SV=1, Trichoplax_specH2_tr_A0A369SDE2_A0A369SDE2_9METZ tr|A0A369SDE2|A0A369SDE2_9METZ Neurogenic locus notch-like protein 1 OS=Trichoplax sp. H2 OX=287889 GN=TrispH2_003735 PE=4 SV=1, Trichoplax_specH2_tr_A0A369RRC8_A0A369RRC8_9METZ tr|A0A369RRC8|A0A369RRC8_9METZ Receptor-type tyrosine-protein phosphatase F _Fragment_ OS=Trichoplax sp. H2 OX=287889 GN=TrispH2_010153 PE=4 SV=1, Trichoplax_specH2_tr_A0A369S780_A0A369S780_9METZ tr|A0A369S780|A0A369S780_9METZ IgGFc-binding protein _Fragment_ OS=Trichoplax sp. H2 OX=287889 GN=TrispH2_004821 PE=4 SV=1	Nematostella_vectensis_NV2t013872001.1 NV2t013872001.1
OG0000080	Trichoplax_specH2_tr_A0A369SDK0_A0A369SDK0_9METZ tr|A0A369SDK0|A0A369SDK0_9METZ Metalloproteinase inhibitor 2 OS=Trichoplax sp. H2 OX=287889 GN=TrispH2_003781 PE=3 SV=1	Nematostella_vectensis_NV2t017964001.1 NV2t017964001.1, Nematostella_vectensis_NV2t003669001.1 NV2t003669001.1, Nematostella_vectensis_NV2t003671001.1 NV2t003671001.1, Nematostella_vectensis_NV2t002779001.1 NV2t002779001.1
OG0000087	Trichoplax_specH2_tr_A0A369RRF5_A0A369RRF5_9METZ tr|A0A369RRF5|A0A369RRF5_9METZ A-kinase anchor protein 9 OS=Trichoplax sp. H2 OX=287889 GN=TrispH2_010842 PE=4 SV=1	Nematostella_vectensis_NV2t017495001.1 NV2t017495001.1, Nematostella_vectensis_NV2t017495003.1 NV2t017495003.1, Nematostella_vectensis_NV2t017495002.1 NV2t017495002.1, Nematostella_vectensis_NV2t017495004.1 NV2t017495004.1
OG0000087	Trichoplax_specH2_tr_A0A369SIZ0_A0A369SIZ0_9METZ tr|A0A369SIZ0|A0A369SIZ0_9METZ Peripheral-type benzodiazepine receptor-associated protein 1 OS=Trichoplax sp. H2 OX=287889 GN=TrispH2_002002 PE=3 SV=1	Nematostella_vectensis_NV2t015454001.1 NV2t015454001.1
OG0000088	Trichoplax_specH2_tr_A0A369S3Q5_A0A369S3Q5_9METZ tr|A0A369S3Q5|A0A369S3Q5_9METZ Spondin-1 OS=Trichoplax sp. H2 OX=287889 GN=TrispH2_005556 PE=4 SV=1	Nematostella_vectensis_NV2t009987001.1 NV2t009987001.1
OG0000089	Trichoplax_specH2_tr_A0A369SKS5_A0A369SKS5_9METZ tr|A0A369SKS5|A0A369SKS5_9METZ Chordin-like protein 2 OS=Trichoplax sp. H2 OX=287889 GN=TrispH2_000973 PE=4 SV=1	Nematostella_vectensis_NV2t022735001.1 NV2t022735001.1
OG0000094	Trichoplax_specH2_tr_A0A369S3W3_A0A369S3W3_9METZ tr|A0A369S3W3|A0A369S3W3_9METZ Leucine-rich repeat and calponin homology domain-containing protein 4 OS=Trichoplax sp. H2 OX=287889 GN=TrispH2_006311 PE=4 SV=1	Nematostella_vectensis_NV2t021528002.1 NV2t021528002.1, Nematostella_vectensis_NV2t021528001.1 NV2t021528001.1
OG0000101	Trichoplax_specH2_tr_A0A369S369_A0A369S369_9METZ tr|A0A369S369|A0A369S369_9METZ Hemicentin-2 OS=Trichoplax sp. H2 OX=287889 GN=TrispH2_007574 PE=4 SV=1	Nematostella_vectensis_NV2t022495005.1 NV2t022495005.1, Nematostella_vectensis_NV2t022495004.1 NV2t022495004.1, Nematostella_vectensis_NV2t022495006.1 NV2t022495006.1, Nematostella_vectensis_NV2t022495007.1 NV2t022495007.1, Nematostella_vectensis_NV2t022495002.1 NV2t022495002.1, Nematostella_vectensis_NV2t022495001.1 NV2t022495001.1, Nematostella_vectensis_NV2t022495003.1 NV2t022495003.1
OG0000103	Trichoplax_specH2_tr_A0A369SHJ4_A0A369SHJ4_9METZ tr|A0A369SHJ4|A0A369SHJ4_9METZ Leucine-rich repeat-containing protein 49 OS=Trichoplax sp. H2 OX=287889 GN=TrispH2_001347 PE=4 SV=1	Nematostella_vectensis_NV2t024079004.1 NV2t024079004.1, Nematostella_vectensis_NV2t024079001.1 NV2t024079001.1, Nematostella_vectensis_NV2t024079007.1 NV2t024079007.1, Nematostella_vectensis_NV2t024079002.1 NV2t024079002.1, Nematostella_vectensis_NV2t024079005.1 NV2t024079005.1, Nematostella_vectensis_NV2t024079003.1 NV2t024079003.1, Nematostella_vectensis_NV2t024079006.1 NV2t024079006.1
OG0000114	Trichoplax_specH2_tr_A0A369SL69_A0A369SL69_9METZ tr|A0A369SL69|A0A369SL69_9METZ Host cell factor 1 OS=Trichoplax sp. H2 OX=287889 GN=TrispH2_001164 PE=4 SV=1	Nematostella_vectensis_NV2t003399001.1 NV2t003399001.1
OG0000119	Trichoplax_specH2_tr_A0A369S6X6_A0A369S6X6_9METZ tr|A0A369S6X6|A0A369S6X6_9METZ Leucine-rich repeat-containing protein 40 OS=Trichoplax sp. H2 OX=287889 GN=TrispH2_005295 PE=4 SV=1	Nematostella_vectensis_NV2t000890002.1 NV2t000890002.1, Nematostella_vectensis_NV2t000890001.1 NV2t000890001.1
OG0000126	Trichoplax_specH2_tr_A0A369SI23_A0A369SI23_9METZ tr|A0A369SI23|A0A369SI23_9METZ Vitellogenin _Fragment_ OS=Trichoplax sp. H2 OX=287889 GN=TrispH2_001424 PE=4 SV=1	Nematostella_vectensis_NV2t000074001.1 NV2t000074001.1, Nematostella_vectensis_NV2t001922003.1 NV2t001922003.1, Nematostella_vectensis_NV2t001922004.1 NV2t001922004.1, Nematostella_vectensis_NV2t001922001.1 NV2t001922001.1, Nematostella_vectensis_NV2t001922005.1 NV2t001922005.1
OG0000131	Trichoplax_specH2_tr_A0A369SDN2_A0A369SDN2_9METZ tr|A0A369SDN2|A0A369SDN2_9METZ Ephrin type-B receptor 3 _Fragment_ OS=Trichoplax sp. H2 OX=287889 GN=TrispH2_003778 PE=4 SV=1, Trichoplax_specH2_tr_A0A369SDG4_A0A369SDG4_9METZ tr|A0A369SDG4|A0A369SDG4_9METZ Ephrin type-A receptor 4 OS=Trichoplax sp. H2 OX=287889 GN=TrispH2_003777 PE=4 SV=1, Trichoplax_specH2_tr_A0A369SCK6_A0A369SCK6_9METZ tr|A0A369SCK6|A0A369SCK6_9METZ Ephrin type-B receptor 5 OS=Trichoplax sp. H2 OX=287889 GN=TrispH2_003776 PE=4 SV=1	Nematostella_vectensis_NV2t019864001.1 NV2t019864001.1, Nematostella_vectensis_NV2t019863002.1 NV2t019863002.1, Nematostella_vectensis_NV2t013270001.1 NV2t013270001.1
OG0000133	Trichoplax_specH2_tr_A0A369RUT8_A0A369RUT8_9METZ tr|A0A369RUT8|A0A369RUT8_9METZ Leucine-rich repeat-containing protein 9 OS=Trichoplax sp. H2 OX=287889 GN=TrispH2_009164 PE=4 SV=1	Nematostella_vectensis_NV2t005944001.1 NV2t005944001.1
OG0000134	Trichoplax_specH2_tr_A0A369S5P2_A0A369S5P2_9METZ tr|A0A369S5P2|A0A369S5P2_9METZ Midasin OS=Trichoplax sp. H2 OX=287889 GN=TrispH2_005306 PE=3 SV=1	Nematostella_vectensis_NV2t019051002.1 NV2t019051002.1, Nematostella_vectensis_NV2t019051001.1 NV2t019051001.1, Nematostella_vectensis_NV2t008904001.1 NV2t008904001.1
OG0000142	Trichoplax_specH2_tr_A0A369RSL4_A0A369RSL4_9METZ tr|A0A369RSL4|A0A369RSL4_9METZ Slit-like protein 3 protein OS=Trichoplax sp. H2 OX=287889 GN=TrispH2_010915 PE=4 SV=1	Nematostella_vectensis_NV2t002562001.1 NV2t002562001.1
OG0000150	Trichoplax_specH2_tr_A0A369SEN7_A0A369SEN7_9METZ tr|A0A369SEN7|A0A369SEN7_9METZ Pappalysin-1 OS=Trichoplax sp. H2 OX=287889 GN=TrispH2_002674 PE=4 SV=1	Nematostella_vectensis_NV2t025632001.1 NV2t025632001.1
OG0000152	Trichoplax_specH2_tr_A0A369SCJ8_A0A369SCJ8_9METZ tr|A0A369SCJ8|A0A369SCJ8_9METZ Leucine-rich repeat protein soc-2-like protein OS=Trichoplax sp. H2 OX=287889 GN=TrispH2_003372 PE=4 SV=1	Nematostella_vectensis_NV2t015243001.1 NV2t015243001.1
OG0000156	Trichoplax_specH2_tr_A0A369S512_A0A369S512_9METZ tr|A0A369S512|A0A369S512_9METZ Microfibrillar-associated protein 1 OS=Trichoplax sp. H2 OX=287889 GN=TrispH2_005170 PE=3 SV=1	Nematostella_vectensis_NV2t013515001.1 NV2t013515001.1
OG0000159	Trichoplax_specH2_tr_A0A369S617_A0A369S617_9METZ tr|A0A369S617|A0A369S617_9METZ Fibronectin type 3 and ankyrin repeat domains protein 1 OS=Trichoplax sp. H2 OX=287889 GN=TrispH2_005137 PE=4 SV=1	Nematostella_vectensis_NV2t014678001.1 NV2t014678001.1
OG0000165	Trichoplax_specH2_tr_A0A369S6V3_A0A369S6V3_9METZ tr|A0A369S6V3|A0A369S6V3_9METZ Leucine-rich repeat-containing protein 58 OS=Trichoplax sp. H2 OX=287889 GN=TrispH2_007187 PE=4 SV=1	Nematostella_vectensis_NV2t022022001.1 NV2t022022001.1
OG0000166	Trichoplax_specH2_tr_A0A369SCT1_A0A369SCT1_9METZ tr|A0A369SCT1|A0A369SCT1_9METZ Secreted frizzled-related protein 3 OS=Trichoplax sp. H2 OX=287889 GN=TrispH2_003359 PE=4 SV=1	Nematostella_vectensis_NV2t024249001.1 NV2t024249001.1
OG0000171	Trichoplax_specH2_tr_A0A369SB05_A0A369SB05_9METZ tr|A0A369SB05|A0A369SB05_9METZ Peptide-N_4_-_N-acetyl-beta-glucosaminyl_asparagine amidase OS=Trichoplax sp. H2 OX=287889 GN=TrispH2_003946 PE=3 SV=1	Nematostella_vectensis_NV2t012417001.1 NV2t012417001.1
OG0000176	Trichoplax_specH2_tr_A0A369SFQ5_A0A369SFQ5_9METZ tr|A0A369SFQ5|A0A369SFQ5_9METZ Ankyrin repeat and fibronectin type-III domain-containing protein 1 OS=Trichoplax sp. H2 OX=287889 GN=TrispH2_002743 PE=4 SV=1	Nematostella_vectensis_NV2t007812002.1 NV2t007812002.1, Nematostella_vectensis_NV2t007812003.1 NV2t007812003.1, Nematostella_vectensis_NV2t007812001.1 NV2t007812001.1
OG0000177	Trichoplax_specH2_tr_A0A369SCM1_A0A369SCM1_9METZ tr|A0A369SCM1|A0A369SCM1_9METZ Protein phosphatase 1 regulatory subunit 7 OS=Trichoplax sp. H2 OX=287889 GN=TrispH2_004666 PE=4 SV=1	Nematostella_vectensis_NV2t013212001.1 NV2t013212001.1
OG0000182	Trichoplax_specH2_tr_A0A369RQE4_A0A369RQE4_9METZ tr|A0A369RQE4|A0A369RQE4_9METZ von Willebrand factor A domain-containing protein 3A OS=Trichoplax sp. H2 OX=287889 GN=TrispH2_011375 PE=4 SV=1	Nematostella_vectensis_NV2t006820001.1 NV2t006820001.1
OG0000187	Trichoplax_specH2_tr_A0A369SB83_A0A369SB83_9METZ tr|A0A369SB83|A0A369SB83_9METZ Leucine-rich repeat-containing protein 69 OS=Trichoplax sp. H2 OX=287889 GN=TrispH2_003856 PE=4 SV=1	Nematostella_vectensis_NV2t005309001.1 NV2t005309001.1, Nematostella_vectensis_NV2t005308001.1 NV2t005308001.1, Nematostella_vectensis_NV2t005309002.1 NV2t005309002.1
OG0000192	Trichoplax_specH2_tr_A0A369S5A1_A0A369S5A1_9METZ tr|A0A369S5A1|A0A369S5A1_9METZ Protein flightless-1-like protein OS=Trichoplax sp. H2 OX=287889 GN=TrispH2_006167 PE=4 SV=1	Nematostella_vectensis_NV2t007835001.1 NV2t007835001.1, Nematostella_vectensis_NV2t007835002.1 NV2t007835002.1, Nematostella_vectensis_NV2t007835003.1 NV2t007835003.1
OG0000193	Trichoplax_specH2_tr_A0A369SL81_A0A369SL81_9METZ tr|A0A369SL81|A0A369SL81_9METZ poly_A_-specific ribonuclease OS=Trichoplax sp. H2 OX=287889 GN=TrispH2_000252 PE=3 SV=1	Nematostella_vectensis_NV2t009771001.1 NV2t009771001.1
OG0000194	Trichoplax_specH2_tr_A0A369SDN1_A0A369SDN1_9METZ tr|A0A369SDN1|A0A369SDN1_9METZ Leucine-rich repeat-containing protein 57 OS=Trichoplax sp. H2 OX=287889 GN=TrispH2_003128 PE=4 SV=1	Nematostella_vectensis_NV2t011108001.1 NV2t011108001.1, Nematostella_vectensis_NV2t011108002.1 NV2t011108002.1
OG0000195	Trichoplax_specH2_tr_A0A369SEK2_A0A369SEK2_9METZ tr|A0A369SEK2|A0A369SEK2_9METZ Ras suppressor protein 1 OS=Trichoplax sp. H2 OX=287889 GN=TrispH2_002282 PE=4 SV=1	Nematostella_vectensis_NV2t011142001.1 NV2t011142001.1
OG0000199	Trichoplax_specH2_tr_A0A369S9I3_A0A369S9I3_9METZ tr|A0A369S9I3|A0A369S9I3_9METZ 26S proteasome non-ATPase regulatory subunit 4 OS=Trichoplax sp. H2 OX=287889 GN=TrispH2_005037 PE=3 SV=1	Nematostella_vectensis_NV2t017578001.1 NV2t017578001.1
OG0000200	Trichoplax_specH2_tr_A0A369SIX8_A0A369SIX8_9METZ tr|A0A369SIX8|A0A369SIX8_9METZ von Willebrand factor A domain-containing protein 3B OS=Trichoplax sp. H2 OX=287889 GN=TrispH2_001129 PE=4 SV=1	Nematostella_vectensis_NV2t002853001.1 NV2t002853001.1
OG0000201	Trichoplax_specH2_tr_A0A369SK25_A0A369SK25_9METZ tr|A0A369SK25|A0A369SK25_9METZ Leucine-rich repeats and immunoglobulin-like domains protein 3 OS=Trichoplax sp. H2 OX=287889 GN=TrispH2_000076 PE=4 SV=1	Nematostella_vectensis_NV2t000988005.1 NV2t000988005.1, Nematostella_vectensis_NV2t000988003.1 NV2t000988003.1, Nematostella_vectensis_NV2t000988004.1 NV2t000988004.1, Nematostella_vectensis_NV2t000988001.1 NV2t000988001.1, Nematostella_vectensis_NV2t000988002.1 NV2t000988002.1
OG0000203	Trichoplax_specH2_tr_A0A369RU06_A0A369RU06_9METZ tr|A0A369RU06|A0A369RU06_9METZ Delta and Notch-like epidermal growth factor-related receptor OS=Trichoplax sp. H2 OX=287889 GN=TrispH2_009790 PE=4 SV=1	Nematostella_vectensis_NV2t022236001.1 NV2t022236001.1
OG0000204	Trichoplax_specH2_tr_A0A369RR22_A0A369RR22_9METZ tr|A0A369RR22|A0A369RR22_9METZ Leucine-rich repeat-containing protein 59 OS=Trichoplax sp. H2 OX=287889 GN=TrispH2_011004 PE=4 SV=1	Nematostella_vectensis_NV2t003725001.1 NV2t003725001.1
OG0000209	Trichoplax_specH2_tr_A0A369S4D6_A0A369S4D6_9METZ tr|A0A369S4D6|A0A369S4D6_9METZ Integrator complex subunit 6-A OS=Trichoplax sp. H2 OX=287889 GN=TrispH2_006915 PE=4 SV=1	Nematostella_vectensis_NV2t022763001.1 NV2t022763001.1
OG0000210	Trichoplax_specH2_tr_A0A369SJG3_A0A369SJG3_9METZ tr|A0A369SJG3|A0A369SJG3_9METZ X-ray radiation resistance-associated protein 1 OS=Trichoplax sp. H2 OX=287889 GN=TrispH2_000966 PE=4 SV=1	Nematostella_vectensis_NV2t021186001.1 NV2t021186001.1, Nematostella_vectensis_NV2t019015002.1 NV2t019015002.1
OG0000211	Trichoplax_specH2_tr_A0A369S995_A0A369S995_9METZ tr|A0A369S995|A0A369S995_9METZ Centriolin OS=Trichoplax sp. H2 OX=287889 GN=TrispH2_004094 PE=4 SV=1	Nematostella_vectensis_NV2t025670003.1 NV2t025670003.1, Nematostella_vectensis_NV2t025670006.1 NV2t025670006.1
OG0000212	Trichoplax_specH2_tr_A0A369S958_A0A369S958_9METZ tr|A0A369S958|A0A369S958_9METZ E3 ubiquitin-protein ligase LRSAM1 OS=Trichoplax sp. H2 OX=287889 GN=TrispH2_004164 PE=4 SV=1	Nematostella_vectensis_NV2t025332003.1 NV2t025332003.1, Nematostella_vectensis_NV2t025332002.1 NV2t025332002.1
OG0000214	Trichoplax_specH2_tr_A0A369SIJ2_A0A369SIJ2_9METZ tr|A0A369SIJ2|A0A369SIJ2_9METZ Integrator complex subunit 14 OS=Trichoplax sp. H2 OX=287889 GN=TrispH2_001307 PE=3 SV=1	Nematostella_vectensis_NV2t024154001.1 NV2t024154001.1
OG0000219	Trichoplax_specH2_tr_A0A369S539_A0A369S539_9METZ tr|A0A369S539|A0A369S539_9METZ von Willebrand factor A domain-containing protein 8 OS=Trichoplax sp. H2 OX=287889 GN=TrispH2_005205 PE=4 SV=1	Nematostella_vectensis_NV2t022330001.1 NV2t022330001.1
OG0000225	Trichoplax_specH2_tr_A0A369RM65_A0A369RM65_9METZ tr|A0A369RM65|A0A369RM65_9METZ Sushi_ von Willebrand factor type A_ EGF and pentraxin domain-containing protein 1 _Fragment_ OS=Trichoplax sp. H2 OX=287889 GN=TrispH2_011952 PE=4 SV=1	Nematostella_vectensis_NV2t020524001.1 NV2t020524001.1
OG0000229	Trichoplax_specH2_tr_A0A369RYG9_A0A369RYG9_9METZ tr|A0A369RYG9|A0A369RYG9_9METZ Leucine-rich repeat protein 1 OS=Trichoplax sp. H2 OX=287889 GN=TrispH2_009033 PE=4 SV=1	Nematostella_vectensis_NV2t021107001.1 NV2t021107001.1
OG0000239	Trichoplax_specH2_tr_A0A369S1A9_A0A369S1A9_9METZ tr|A0A369S1A9|A0A369S1A9_9METZ von Willebrand factor A domain-containing protein 3B OS=Trichoplax sp. H2 OX=287889 GN=TrispH2_007298 PE=4 SV=1	Nematostella_vectensis_NV2t009537001.1 NV2t009537001.1
OG0000241	Trichoplax_specH2_tr_A0A369SDA8_A0A369SDA8_9METZ tr|A0A369SDA8|A0A369SDA8_9METZ Laminin G domain-containing protein _Fragment_ OS=Trichoplax sp. H2 OX=287889 GN=TrispH2_003109 PE=4 SV=1	Nematostella_vectensis_NV2t025685001.1 NV2t025685001.1
OG0000253	Trichoplax_specH2_tr_A0A369S9T7_A0A369S9T7_9METZ tr|A0A369S9T7|A0A369S9T7_9METZ General transcription factor IIH subunit OS=Trichoplax sp. H2 OX=287889 GN=TrispH2_005084 PE=3 SV=1	Nematostella_vectensis_NV2t014946001.1 NV2t014946001.1
OG0000265	Trichoplax_specH2_tr_A0A369S4B7_A0A369S4B7_9METZ tr|A0A369S4B7|A0A369S4B7_9METZ Protein turtle-like protein B OS=Trichoplax sp. H2 OX=287889 GN=TrispH2_007172 PE=4 SV=1	Nematostella_vectensis_NV2t021328001.1 NV2t021328001.1
OG0000268	Trichoplax_specH2_tr_A0A369SFP1_A0A369SFP1_9METZ tr|A0A369SFP1|A0A369SFP1_9METZ Cytokine receptor-like factor 3 OS=Trichoplax sp. H2 OX=287889 GN=TrispH2_002349 PE=4 SV=1	Nematostella_vectensis_NV2t007378001.1 NV2t007378001.1
OG0000276	Trichoplax_specH2_tr_A0A369S0H9_A0A369S0H9_9METZ tr|A0A369S0H9|A0A369S0H9_9METZ N-acetylglucosamine-1-phosphodiester alpha-N-acetylglucosaminidase OS=Trichoplax sp. H2 OX=287889 GN=TrispH2_008155 PE=4 SV=1, Trichoplax_specH2_tr_A0A369SJN9_A0A369SJN9_9METZ tr|A0A369SJN9|A0A369SJN9_9METZ N-acetylglucosamine-1-phosphodiester alpha-N-acetylglucosaminidase OS=Trichoplax sp. H2 OX=287889 GN=TrispH2_000133 PE=4 SV=1	Nematostella_vectensis_NV2t004034001.1 NV2t004034001.1, Nematostella_vectensis_NV2t004033001.1 NV2t004033001.1
OG0000282	Trichoplax_specH2_tr_A0A369S3A7_A0A369S3A7_9METZ tr|A0A369S3A7|A0A369S3A7_9METZ Leucine-rich repeat-containing protein 47 OS=Trichoplax sp. H2 OX=287889 GN=TrispH2_006046 PE=4 SV=1	Nematostella_vectensis_NV2t010745001.1 NV2t010745001.1
OG0000309	Trichoplax_specH2_tr_A0A369SIC4_A0A369SIC4_9METZ tr|A0A369SIC4|A0A369SIC4_9METZ Malignant fibrous histiocytoma-amplified sequence 1 OS=Trichoplax sp. H2 OX=287889 GN=TrispH2_001310 PE=4 SV=1	Nematostella_vectensis_NV2t023330001.1 NV2t023330001.1
OG0000314	Trichoplax_specH2_tr_A0A369S009_A0A369S009_9METZ tr|A0A369S009|A0A369S009_9METZ Protein phosphatase 1 regulatory subunit 7 OS=Trichoplax sp. H2 OX=287889 GN=TrispH2_008307 PE=4 SV=1	Nematostella_vectensis_NV2t007515002.1 NV2t007515002.1, Nematostella_vectensis_NV2t007515003.1 NV2t007515003.1
OG0000371	Trichoplax_specH2_tr_A0A369SH87_A0A369SH87_9METZ tr|A0A369SH87|A0A369SH87_9METZ Centrosomal protein of 97 kDa OS=Trichoplax sp. H2 OX=287889 GN=TrispH2_001847 PE=4 SV=1	Nematostella_vectensis_NV2t008880001.1 NV2t008880001.1, Nematostella_vectensis_NV2t008880002.1 NV2t008880002.1
OG0000448	Trichoplax_specH2_tr_A0A369S9Q9_A0A369S9Q9_9METZ tr|A0A369S9Q9|A0A369S9Q9_9METZ ATP-binding cassette sub-family A member 1 OS=Trichoplax sp. H2 OX=287889 GN=TrispH2_003678 PE=4 SV=1	Nematostella_vectensis_NV2t020815001.1 NV2t020815001.1
OG0000698	Trichoplax_specH2_tr_A0A369RY66_A0A369RY66_9METZ tr|A0A369RY66|A0A369RY66_9METZ Arachidonate 5-lipoxygenase OS=Trichoplax sp. H2 OX=287889 GN=TrispH2_008233 PE=4 SV=1	Nematostella_vectensis_NV2t013059001.1 NV2t013059001.1
OG0001575	Trichoplax_specH2_tr_A0A369SDT1_A0A369SDT1_9METZ tr|A0A369SDT1|A0A369SDT1_9METZ Uncharacterized protein OS=Trichoplax sp. H2 OX=287889 GN=TrispH2_002986 PE=4 SV=1	Nematostella_vectensis_NV2t021915001.1 NV2t021915001.1
