Orthogroup	Cnidaria_Anthozoa_Xenia_spec	Cnidaria_Anthozoa_Acropora_digitifera
OG0000000	Xenia_spec_Xe_009126_T1 Xe_009126_T1 Xe_009126	Acropora_digitifera_adi_v1.08380 adi_v1.08380
OG0000000	Xenia_spec_Xe_009140_T1 Xe_009140_T1 Xe_009140	Acropora_digitifera_adi_v1.14253 adi_v1.14253, Acropora_digitifera_adi_v1.08651 adi_v1.08651, Acropora_digitifera_adi_v1.00456 adi_v1.00456, Acropora_digitifera_adi_v1.08650 adi_v1.08650, Acropora_digitifera_adi_v1.14251 adi_v1.14251, Acropora_digitifera_adi_v1.00454 adi_v1.00454, Acropora_digitifera_adi_v1.00455 adi_v1.00455, Acropora_digitifera_adi_v1.21001 adi_v1.21001, Acropora_digitifera_adi_v1.08649 adi_v1.08649, Acropora_digitifera_adi_v1.14254 adi_v1.14254, Acropora_digitifera_adi_v1.08974 adi_v1.08974, Acropora_digitifera_adi_v1.17747 adi_v1.17747, Acropora_digitifera_adi_v1.10971 adi_v1.10971, Acropora_digitifera_adi_v1.03089 adi_v1.03089, Acropora_digitifera_adi_v1.18895 adi_v1.18895, Acropora_digitifera_adi_v1.22096 adi_v1.22096, Acropora_digitifera_adi_v1.18297 adi_v1.18297, Acropora_digitifera_adi_v1.24356 adi_v1.24356, Acropora_digitifera_adi_v1.20123 adi_v1.20123, Acropora_digitifera_adi_v1.13695 adi_v1.13695, Acropora_digitifera_adi_v1.15148 adi_v1.15148, Acropora_digitifera_adi_v1.13912 adi_v1.13912, Acropora_digitifera_adi_v1.20223 adi_v1.20223
OG0000001	Xenia_spec_Xe_003284_T1 Xe_003284_T1 Xe_003284	Acropora_digitifera_adi_v1.19636 adi_v1.19636
OG0000001	Xenia_spec_Xe_015497_T1 Xe_015497_T1 Xe_015497, Xenia_spec_Xe_015497_T2 Xe_015497_T2 Xe_015497, Xenia_spec_Xe_004687_T1 Xe_004687_T1 Xe_004687, Xenia_spec_Xe_004686_T1 Xe_004686_T1 Xe_004686	Acropora_digitifera_adi_v1.16442 adi_v1.16442, Acropora_digitifera_adi_v1.14600 adi_v1.14600
OG0000001	Xenia_spec_Xe_004325_T1 Xe_004325_T1 Xe_004325, Xenia_spec_Xe_004232_T1 Xe_004232_T1 Xe_004232	Acropora_digitifera_adi_v1.11962 adi_v1.11962
OG0000001	Xenia_spec_Xe_020701_T1 Xe_020701_T1 Xe_020701	Acropora_digitifera_adi_v1.04637 adi_v1.04637, Acropora_digitifera_adi_v1.08764 adi_v1.08764
OG0000001	Xenia_spec_Xe_014520_T1 Xe_014520_T1 Xe_014520	Acropora_digitifera_adi_v1.04277 adi_v1.04277, Acropora_digitifera_adi_v1.21086 adi_v1.21086
OG0000001	Xenia_spec_Xe_018235_T1 Xe_018235_T1 Xe_018235	Acropora_digitifera_adi_v1.00967 adi_v1.00967
OG0000001	Xenia_spec_Xe_014011_T1 Xe_014011_T1 Xe_014011	Acropora_digitifera_adi_v1.03506 adi_v1.03506
OG0000001	Xenia_spec_Xe_011751_T1 Xe_011751_T1 Xe_011751	Acropora_digitifera_adi_v1.01229 adi_v1.01229
OG0000001	Xenia_spec_Xe_020157_T1 Xe_020157_T1 Xe_020157	Acropora_digitifera_adi_v1.22406 adi_v1.22406
OG0000001	Xenia_spec_Xe_008027_T1 Xe_008027_T1 Xe_008027	Acropora_digitifera_adi_v1.10769 adi_v1.10769
OG0000001	Xenia_spec_Xe_016511_T1 Xe_016511_T1 Xe_016511	Acropora_digitifera_adi_v1.01960 adi_v1.01960
OG0000001	Xenia_spec_Xe_008821_T1 Xe_008821_T1 Xe_008821	Acropora_digitifera_adi_v1.06175 adi_v1.06175
OG0000001	Xenia_spec_Xe_007494_T1 Xe_007494_T1 Xe_007494	Acropora_digitifera_adi_v1.11383 adi_v1.11383
OG0000001	Xenia_spec_Xe_002223_T1 Xe_002223_T1 Xe_002223	Acropora_digitifera_adi_v1.19391 adi_v1.19391, Acropora_digitifera_adi_v1.06434 adi_v1.06434
OG0000002	Xenia_spec_Xe_002083_T1 Xe_002083_T1 Xe_002083, Xenia_spec_Xe_002085_T1 Xe_002085_T1 Xe_002085	Acropora_digitifera_adi_v1.00160 adi_v1.00160, Acropora_digitifera_adi_v1.00161 adi_v1.00161
OG0000002	Xenia_spec_Xe_009903_T1 Xe_009903_T1 Xe_009903	Acropora_digitifera_adi_v1.01703 adi_v1.01703, Acropora_digitifera_adi_v1.01702 adi_v1.01702, Acropora_digitifera_adi_v1.01379 adi_v1.01379, Acropora_digitifera_adi_v1.14561 adi_v1.14561, Acropora_digitifera_adi_v1.01794 adi_v1.01794, Acropora_digitifera_adi_v1.18031 adi_v1.18031
OG0000002	Xenia_spec_Xe_009641_T1 Xe_009641_T1 Xe_009641	Acropora_digitifera_adi_v1.13790 adi_v1.13790
OG0000002	Xenia_spec_Xe_016275_T1 Xe_016275_T1 Xe_016275	Acropora_digitifera_adi_v1.14624 adi_v1.14624, Acropora_digitifera_adi_v1.14936 adi_v1.14936
OG0000002	Xenia_spec_Xe_007481_T1 Xe_007481_T1 Xe_007481	Acropora_digitifera_adi_v1.24510 adi_v1.24510, Acropora_digitifera_adi_v1.08206 adi_v1.08206, Acropora_digitifera_adi_v1.09809 adi_v1.09809
OG0000002	Xenia_spec_Xe_007911_T1 Xe_007911_T1 Xe_007911	Acropora_digitifera_adi_v1.01409 adi_v1.01409
OG0000003	Xenia_spec_Xe_008214_T1 Xe_008214_T1 Xe_008214	Acropora_digitifera_adi_v1.14319 adi_v1.14319
OG0000003	Xenia_spec_Xe_009803_T1 Xe_009803_T1 Xe_009803, Xenia_spec_Xe_009805_T1 Xe_009805_T1 Xe_009805, Xenia_spec_Xe_009799_T1 Xe_009799_T1 Xe_009799	Acropora_digitifera_adi_v1.06053 adi_v1.06053, Acropora_digitifera_adi_v1.10205 adi_v1.10205, Acropora_digitifera_adi_v1.16681 adi_v1.16681, Acropora_digitifera_adi_v1.01604 adi_v1.01604, Acropora_digitifera_adi_v1.15378 adi_v1.15378, Acropora_digitifera_adi_v1.19802 adi_v1.19802, Acropora_digitifera_adi_v1.24403 adi_v1.24403
OG0000003	Xenia_spec_Xe_013651_T1 Xe_013651_T1 Xe_013651	Acropora_digitifera_adi_v1.12298 adi_v1.12298, Acropora_digitifera_adi_v1.02332 adi_v1.02332
OG0000003	Xenia_spec_Xe_009687_T1 Xe_009687_T1 Xe_009687, Xenia_spec_Xe_010093_T1 Xe_010093_T1 Xe_010093	Acropora_digitifera_adi_v1.14876 adi_v1.14876, Acropora_digitifera_adi_v1.14877 adi_v1.14877, Acropora_digitifera_adi_v1.20752 adi_v1.20752, Acropora_digitifera_adi_v1.21376 adi_v1.21376, Acropora_digitifera_adi_v1.21106 adi_v1.21106, Acropora_digitifera_adi_v1.02803 adi_v1.02803, Acropora_digitifera_adi_v1.15897 adi_v1.15897, Acropora_digitifera_adi_v1.23691 adi_v1.23691, Acropora_digitifera_adi_v1.04076 adi_v1.04076
OG0000003	Xenia_spec_Xe_009593_T1 Xe_009593_T1 Xe_009593	Acropora_digitifera_adi_v1.02396 adi_v1.02396
OG0000003	Xenia_spec_Xe_002591_T1 Xe_002591_T1 Xe_002591	Acropora_digitifera_adi_v1.16248 adi_v1.16248, Acropora_digitifera_adi_v1.02561 adi_v1.02561, Acropora_digitifera_adi_v1.23712 adi_v1.23712
OG0000004	Xenia_spec_Xe_011536_T1 Xe_011536_T1 Xe_011536, Xenia_spec_Xe_011542_T1 Xe_011542_T1 Xe_011542, Xenia_spec_Xe_011546_T1 Xe_011546_T1 Xe_011546, Xenia_spec_Xe_011555_T1 Xe_011555_T1 Xe_011555, Xenia_spec_Xe_011529_T1 Xe_011529_T1 Xe_011529, Xenia_spec_Xe_011579_T1 Xe_011579_T1 Xe_011579, Xenia_spec_Xe_011524_T1 Xe_011524_T1 Xe_011524, Xenia_spec_Xe_011450_T1 Xe_011450_T1 Xe_011450	Acropora_digitifera_adi_v1.05900 adi_v1.05900, Acropora_digitifera_adi_v1.23089 adi_v1.23089, Acropora_digitifera_adi_v1.14602 adi_v1.14602, Acropora_digitifera_adi_v1.03325 adi_v1.03325, Acropora_digitifera_adi_v1.18241 adi_v1.18241
OG0000004	Xenia_spec_Xe_009740_T1 Xe_009740_T1 Xe_009740	Acropora_digitifera_adi_v1.10905 adi_v1.10905, Acropora_digitifera_adi_v1.14514 adi_v1.14514
OG0000004	Xenia_spec_Xe_016725_T1 Xe_016725_T1 Xe_016725, Xenia_spec_Xe_016786_T1 Xe_016786_T1 Xe_016786, Xenia_spec_Xe_016743_T1 Xe_016743_T1 Xe_016743, Xenia_spec_Xe_016731_T1 Xe_016731_T1 Xe_016731, Xenia_spec_Xe_016842_T1 Xe_016842_T1 Xe_016842, Xenia_spec_Xe_011736_T1 Xe_011736_T1 Xe_011736, Xenia_spec_Xe_011737_T1 Xe_011737_T1 Xe_011737	Acropora_digitifera_adi_v1.24482 adi_v1.24482
OG0000004	Xenia_spec_Xe_002025_T1 Xe_002025_T1 Xe_002025	Acropora_digitifera_adi_v1.21613 adi_v1.21613, Acropora_digitifera_adi_v1.01068 adi_v1.01068, Acropora_digitifera_adi_v1.23429 adi_v1.23429, Acropora_digitifera_adi_v1.03709 adi_v1.03709, Acropora_digitifera_adi_v1.10229 adi_v1.10229, Acropora_digitifera_adi_v1.03710 adi_v1.03710, Acropora_digitifera_adi_v1.22249 adi_v1.22249, Acropora_digitifera_adi_v1.17078 adi_v1.17078, Acropora_digitifera_adi_v1.23001 adi_v1.23001, Acropora_digitifera_adi_v1.21914 adi_v1.21914
OG0000004	Xenia_spec_Xe_003386_T1 Xe_003386_T1 Xe_003386, Xenia_spec_Xe_013511_T1 Xe_013511_T1 Xe_013511, Xenia_spec_Xe_003396_T1 Xe_003396_T1 Xe_003396	Acropora_digitifera_adi_v1.15324 adi_v1.15324
OG0000004	Xenia_spec_Xe_003341_T1 Xe_003341_T1 Xe_003341	Acropora_digitifera_adi_v1.13267 adi_v1.13267
OG0000004	Xenia_spec_Xe_016049_T1 Xe_016049_T1 Xe_016049	Acropora_digitifera_adi_v1.15665 adi_v1.15665
OG0000004	Xenia_spec_Xe_005233_T1 Xe_005233_T1 Xe_005233	Acropora_digitifera_adi_v1.16039 adi_v1.16039, Acropora_digitifera_adi_v1.20707 adi_v1.20707
OG0000004	Xenia_spec_Xe_005231_T1 Xe_005231_T1 Xe_005231	Acropora_digitifera_adi_v1.19517 adi_v1.19517
OG0000004	Xenia_spec_Xe_015008_T2 Xe_015008_T2 Xe_015008, Xenia_spec_Xe_015008_T1 Xe_015008_T1 Xe_015008	Acropora_digitifera_adi_v1.10196 adi_v1.10196
OG0000004	Xenia_spec_Xe_016404_T1 Xe_016404_T1 Xe_016404, Xenia_spec_Xe_016394_T1 Xe_016394_T1 Xe_016394, Xenia_spec_Xe_016402_T1 Xe_016402_T1 Xe_016402, Xenia_spec_Xe_016393_T1 Xe_016393_T1 Xe_016393, Xenia_spec_Xe_010643_T1 Xe_010643_T1 Xe_010643, Xenia_spec_Xe_010641_T1 Xe_010641_T1 Xe_010641, Xenia_spec_Xe_010631_T1 Xe_010631_T1 Xe_010631, Xenia_spec_Xe_010630_T1 Xe_010630_T1 Xe_010630, Xenia_spec_Xe_010644_T1 Xe_010644_T1 Xe_010644	Acropora_digitifera_adi_v1.08872 adi_v1.08872, Acropora_digitifera_adi_v1.00148 adi_v1.00148
OG0000005	Xenia_spec_Xe_013630_T1 Xe_013630_T1 Xe_013630, Xenia_spec_Xe_013630_T2 Xe_013630_T2 Xe_013630, Xenia_spec_Xe_013693_T1 Xe_013693_T1 Xe_013693	Acropora_digitifera_adi_v1.20368 adi_v1.20368
OG0000005	Xenia_spec_Xe_001395_T1 Xe_001395_T1 Xe_001395	Acropora_digitifera_adi_v1.15751 adi_v1.15751
OG0000005	Xenia_spec_Xe_010629_T1 Xe_010629_T1 Xe_010629, Xenia_spec_Xe_010645_T1 Xe_010645_T1 Xe_010645	Acropora_digitifera_adi_v1.07442 adi_v1.07442
OG0000005	Xenia_spec_Xe_010516_T1 Xe_010516_T1 Xe_010516	Acropora_digitifera_adi_v1.18953 adi_v1.18953, Acropora_digitifera_adi_v1.15782 adi_v1.15782
OG0000005	Xenia_spec_Xe_015363_T1 Xe_015363_T1 Xe_015363, Xenia_spec_Xe_014383_T1 Xe_014383_T1 Xe_014383	Acropora_digitifera_adi_v1.13648 adi_v1.13648, Acropora_digitifera_adi_v1.01716 adi_v1.01716
OG0000005	Xenia_spec_Xe_020345_T1 Xe_020345_T1 Xe_020345	Acropora_digitifera_adi_v1.06941 adi_v1.06941
OG0000005	Xenia_spec_Xe_015051_T1 Xe_015051_T1 Xe_015051, Xenia_spec_Xe_014351_T1 Xe_014351_T1 Xe_014351, Xenia_spec_Xe_014613_T1 Xe_014613_T1 Xe_014613, Xenia_spec_Xe_014350_T1 Xe_014350_T1 Xe_014350	Acropora_digitifera_adi_v1.02212 adi_v1.02212
OG0000005	Xenia_spec_Xe_015665_T1 Xe_015665_T1 Xe_015665	Acropora_digitifera_adi_v1.23604 adi_v1.23604
OG0000006	Xenia_spec_Xe_008035_T1 Xe_008035_T1 Xe_008035	Acropora_digitifera_adi_v1.02129 adi_v1.02129
OG0000006	Xenia_spec_Xe_007877_T1 Xe_007877_T1 Xe_007877, Xenia_spec_Xe_007877_T2 Xe_007877_T2 Xe_007877, Xenia_spec_Xe_020681_T1 Xe_020681_T1 Xe_020681, Xenia_spec_Xe_007894_T1 Xe_007894_T1 Xe_007894, Xenia_spec_Xe_007895_T1 Xe_007895_T1 Xe_007895	Acropora_digitifera_adi_v1.18431 adi_v1.18431, Acropora_digitifera_adi_v1.10670 adi_v1.10670, Acropora_digitifera_adi_v1.19424 adi_v1.19424, Acropora_digitifera_adi_v1.13848 adi_v1.13848, Acropora_digitifera_adi_v1.20802 adi_v1.20802, Acropora_digitifera_adi_v1.19423 adi_v1.19423
OG0000007	Xenia_spec_Xe_015834_T1 Xe_015834_T1 Xe_015834	Acropora_digitifera_adi_v1.08798 adi_v1.08798, Acropora_digitifera_adi_v1.13188 adi_v1.13188
OG0000007	Xenia_spec_Xe_013053_T1 Xe_013053_T1 Xe_013053	Acropora_digitifera_adi_v1.02160 adi_v1.02160, Acropora_digitifera_adi_v1.22828 adi_v1.22828
OG0000007	Xenia_spec_Xe_015322_T1 Xe_015322_T1 Xe_015322, Xenia_spec_Xe_015322_T2 Xe_015322_T2 Xe_015322, Xenia_spec_Xe_014878_T1 Xe_014878_T1 Xe_014878, Xenia_spec_Xe_014862_T1 Xe_014862_T1 Xe_014862, Xenia_spec_Xe_014860_T1 Xe_014860_T1 Xe_014860, Xenia_spec_Xe_014856_T1 Xe_014856_T1 Xe_014856, Xenia_spec_Xe_014858_T1 Xe_014858_T1 Xe_014858, Xenia_spec_Xe_014859_T1 Xe_014859_T1 Xe_014859	Acropora_digitifera_adi_v1.00199 adi_v1.00199, Acropora_digitifera_adi_v1.06437 adi_v1.06437, Acropora_digitifera_adi_v1.18885 adi_v1.18885, Acropora_digitifera_adi_v1.09820 adi_v1.09820, Acropora_digitifera_adi_v1.22003 adi_v1.22003, Acropora_digitifera_adi_v1.14298 adi_v1.14298, Acropora_digitifera_adi_v1.14299 adi_v1.14299, Acropora_digitifera_adi_v1.14300 adi_v1.14300, Acropora_digitifera_adi_v1.19005 adi_v1.19005, Acropora_digitifera_adi_v1.11371 adi_v1.11371, Acropora_digitifera_adi_v1.13720 adi_v1.13720, Acropora_digitifera_adi_v1.06951 adi_v1.06951, Acropora_digitifera_adi_v1.06438 adi_v1.06438, Acropora_digitifera_adi_v1.21019 adi_v1.21019, Acropora_digitifera_adi_v1.07913 adi_v1.07913, Acropora_digitifera_adi_v1.11289 adi_v1.11289, Acropora_digitifera_adi_v1.07914 adi_v1.07914
OG0000007	Xenia_spec_Xe_016389_T1 Xe_016389_T1 Xe_016389	Acropora_digitifera_adi_v1.13986 adi_v1.13986, Acropora_digitifera_adi_v1.04075 adi_v1.04075
OG0000007	Xenia_spec_Xe_014646_T1 Xe_014646_T1 Xe_014646	Acropora_digitifera_adi_v1.17191 adi_v1.17191, Acropora_digitifera_adi_v1.14511 adi_v1.14511
OG0000008	Xenia_spec_Xe_002860_T1 Xe_002860_T1 Xe_002860	Acropora_digitifera_adi_v1.19358 adi_v1.19358
OG0000008	Xenia_spec_Xe_011936_T1 Xe_011936_T1 Xe_011936, Xenia_spec_Xe_011933_T1 Xe_011933_T1 Xe_011933	Acropora_digitifera_adi_v1.23804 adi_v1.23804, Acropora_digitifera_adi_v1.20455 adi_v1.20455
OG0000008	Xenia_spec_Xe_002861_T1 Xe_002861_T1 Xe_002861	Acropora_digitifera_adi_v1.09584 adi_v1.09584
OG0000008	Xenia_spec_Xe_002415_T1 Xe_002415_T1 Xe_002415	Acropora_digitifera_adi_v1.14084 adi_v1.14084
OG0000008	Xenia_spec_Xe_002862_T1 Xe_002862_T1 Xe_002862	Acropora_digitifera_adi_v1.09582 adi_v1.09582, Acropora_digitifera_adi_v1.06302 adi_v1.06302, Acropora_digitifera_adi_v1.09583 adi_v1.09583
OG0000008	Xenia_spec_Xe_002863_T1 Xe_002863_T1 Xe_002863	Acropora_digitifera_adi_v1.03573 adi_v1.03573, Acropora_digitifera_adi_v1.19697 adi_v1.19697
OG0000008	Xenia_spec_Xe_007896_T1 Xe_007896_T1 Xe_007896	Acropora_digitifera_adi_v1.01978 adi_v1.01978
OG0000009	Xenia_spec_Xe_015997_T1 Xe_015997_T1 Xe_015997, Xenia_spec_Xe_014294_T1 Xe_014294_T1 Xe_014294, Xenia_spec_Xe_015996_T1 Xe_015996_T1 Xe_015996	Acropora_digitifera_adi_v1.00989 adi_v1.00989
OG0000009	Xenia_spec_Xe_000997_T1 Xe_000997_T1 Xe_000997, Xenia_spec_Xe_012293_T1 Xe_012293_T1 Xe_012293, Xenia_spec_Xe_012207_T1 Xe_012207_T1 Xe_012207, Xenia_spec_Xe_017784_T1 Xe_017784_T1 Xe_017784	Acropora_digitifera_adi_v1.18886 adi_v1.18886, Acropora_digitifera_adi_v1.20204 adi_v1.20204, Acropora_digitifera_adi_v1.20203 adi_v1.20203, Acropora_digitifera_adi_v1.20205 adi_v1.20205, Acropora_digitifera_adi_v1.13170 adi_v1.13170, Acropora_digitifera_adi_v1.18978 adi_v1.18978
OG0000009	Xenia_spec_Xe_003323_T1 Xe_003323_T1 Xe_003323	Acropora_digitifera_adi_v1.13554 adi_v1.13554
OG0000009	Xenia_spec_Xe_015833_T1 Xe_015833_T1 Xe_015833	Acropora_digitifera_adi_v1.13189 adi_v1.13189
OG0000010	Xenia_spec_Xe_012929_T1 Xe_012929_T1 Xe_012929	Acropora_digitifera_adi_v1.00664 adi_v1.00664
OG0000010	Xenia_spec_Xe_014014_T1 Xe_014014_T1 Xe_014014	Acropora_digitifera_adi_v1.04228 adi_v1.04228
OG0000010	Xenia_spec_Xe_004964_T1 Xe_004964_T1 Xe_004964	Acropora_digitifera_adi_v1.06326 adi_v1.06326
OG0000010	Xenia_spec_Xe_002513_T1 Xe_002513_T1 Xe_002513	Acropora_digitifera_adi_v1.05525 adi_v1.05525
OG0000010	Xenia_spec_Xe_012650_T1 Xe_012650_T1 Xe_012650	Acropora_digitifera_adi_v1.20157 adi_v1.20157
OG0000012	Xenia_spec_Xe_015811_T1 Xe_015811_T1 Xe_015811	Acropora_digitifera_adi_v1.08393 adi_v1.08393
OG0000013	Xenia_spec_Xe_009620_T1 Xe_009620_T1 Xe_009620, Xenia_spec_Xe_002014_T1 Xe_002014_T1 Xe_002014, Xenia_spec_Xe_001883_T1 Xe_001883_T1 Xe_001883, Xenia_spec_Xe_003143_T1 Xe_003143_T1 Xe_003143	Acropora_digitifera_adi_v1.17615 adi_v1.17615
OG0000013	Xenia_spec_Xe_012562_T1 Xe_012562_T1 Xe_012562	Acropora_digitifera_adi_v1.23656 adi_v1.23656, Acropora_digitifera_adi_v1.23655 adi_v1.23655, Acropora_digitifera_adi_v1.23654 adi_v1.23654
OG0000013	Xenia_spec_Xe_015020_T1 Xe_015020_T1 Xe_015020	Acropora_digitifera_adi_v1.16598 adi_v1.16598
OG0000013	Xenia_spec_Xe_016066_T1 Xe_016066_T1 Xe_016066, Xenia_spec_Xe_016066_T2 Xe_016066_T2 Xe_016066	Acropora_digitifera_adi_v1.06764 adi_v1.06764
OG0000013	Xenia_spec_Xe_014676_T1 Xe_014676_T1 Xe_014676	Acropora_digitifera_adi_v1.02062 adi_v1.02062, Acropora_digitifera_adi_v1.02063 adi_v1.02063
OG0000014	Xenia_spec_Xe_002262_T1 Xe_002262_T1 Xe_002262	Acropora_digitifera_adi_v1.10799 adi_v1.10799, Acropora_digitifera_adi_v1.14366 adi_v1.14366
OG0000014	Xenia_spec_Xe_007050_T1 Xe_007050_T1 Xe_007050, Xenia_spec_Xe_007052_T1 Xe_007052_T1 Xe_007052, Xenia_spec_Xe_007053_T1 Xe_007053_T1 Xe_007053	Acropora_digitifera_adi_v1.10968 adi_v1.10968
OG0000014	Xenia_spec_Xe_011969_T1 Xe_011969_T1 Xe_011969	Acropora_digitifera_adi_v1.14581 adi_v1.14581
OG0000014	Xenia_spec_Xe_004267_T1 Xe_004267_T1 Xe_004267	Acropora_digitifera_adi_v1.06910 adi_v1.06910
OG0000014	Xenia_spec_Xe_014217_T1 Xe_014217_T1 Xe_014217	Acropora_digitifera_adi_v1.16603 adi_v1.16603, Acropora_digitifera_adi_v1.13245 adi_v1.13245, Acropora_digitifera_adi_v1.20449 adi_v1.20449, Acropora_digitifera_adi_v1.05790 adi_v1.05790, Acropora_digitifera_adi_v1.02358 adi_v1.02358, Acropora_digitifera_adi_v1.16964 adi_v1.16964
OG0000014	Xenia_spec_Xe_008099_T1 Xe_008099_T1 Xe_008099, Xenia_spec_Xe_007055_T1 Xe_007055_T1 Xe_007055	Acropora_digitifera_adi_v1.16403 adi_v1.16403
OG0000015	Xenia_spec_Xe_002027_T1 Xe_002027_T1 Xe_002027, Xenia_spec_Xe_002017_T1 Xe_002017_T1 Xe_002017, Xenia_spec_Xe_002026_T1 Xe_002026_T1 Xe_002026, Xenia_spec_Xe_002028_T1 Xe_002028_T1 Xe_002028, Xenia_spec_Xe_001050_T1 Xe_001050_T1 Xe_001050, Xenia_spec_Xe_001050_T2 Xe_001050_T2 Xe_001050, Xenia_spec_Xe_007946_T1 Xe_007946_T1 Xe_007946, Xenia_spec_Xe_007945_T1 Xe_007945_T1 Xe_007945	Acropora_digitifera_adi_v1.13064 adi_v1.13064, Acropora_digitifera_adi_v1.04802 adi_v1.04802, Acropora_digitifera_adi_v1.21797 adi_v1.21797, Acropora_digitifera_adi_v1.01313 adi_v1.01313, Acropora_digitifera_adi_v1.21798 adi_v1.21798, Acropora_digitifera_adi_v1.21068 adi_v1.21068, Acropora_digitifera_adi_v1.07627 adi_v1.07627, Acropora_digitifera_adi_v1.13318 adi_v1.13318, Acropora_digitifera_adi_v1.14554 adi_v1.14554, Acropora_digitifera_adi_v1.13317 adi_v1.13317, Acropora_digitifera_adi_v1.09195 adi_v1.09195, Acropora_digitifera_adi_v1.10025 adi_v1.10025, Acropora_digitifera_adi_v1.18255 adi_v1.18255, Acropora_digitifera_adi_v1.10116 adi_v1.10116, Acropora_digitifera_adi_v1.14347 adi_v1.14347, Acropora_digitifera_adi_v1.04885 adi_v1.04885, Acropora_digitifera_adi_v1.14346 adi_v1.14346, Acropora_digitifera_adi_v1.24382 adi_v1.24382, Acropora_digitifera_adi_v1.01110 adi_v1.01110, Acropora_digitifera_adi_v1.17903 adi_v1.17903, Acropora_digitifera_adi_v1.23833 adi_v1.23833, Acropora_digitifera_adi_v1.22393 adi_v1.22393, Acropora_digitifera_adi_v1.10186 adi_v1.10186
OG0000016	Xenia_spec_Xe_012247_T1 Xe_012247_T1 Xe_012247, Xenia_spec_Xe_012248_T1 Xe_012248_T1 Xe_012248	Acropora_digitifera_adi_v1.02178 adi_v1.02178, Acropora_digitifera_adi_v1.02175 adi_v1.02175
OG0000016	Xenia_spec_Xe_012246_T1 Xe_012246_T1 Xe_012246	Acropora_digitifera_adi_v1.02177 adi_v1.02177, Acropora_digitifera_adi_v1.02174 adi_v1.02174
OG0000016	Xenia_spec_Xe_012705_T1 Xe_012705_T1 Xe_012705	Acropora_digitifera_adi_v1.03032 adi_v1.03032, Acropora_digitifera_adi_v1.03024 adi_v1.03024, Acropora_digitifera_adi_v1.03033 adi_v1.03033
OG0000018	Xenia_spec_Xe_013913_T1 Xe_013913_T1 Xe_013913, Xenia_spec_Xe_013934_T1 Xe_013934_T1 Xe_013934	Acropora_digitifera_adi_v1.08251 adi_v1.08251, Acropora_digitifera_adi_v1.08253 adi_v1.08253
OG0000018	Xenia_spec_Xe_013911_T1 Xe_013911_T1 Xe_013911	Acropora_digitifera_adi_v1.19537 adi_v1.19537, Acropora_digitifera_adi_v1.24394 adi_v1.24394, Acropora_digitifera_adi_v1.06439 adi_v1.06439, Acropora_digitifera_adi_v1.08717 adi_v1.08717, Acropora_digitifera_adi_v1.18043 adi_v1.18043, Acropora_digitifera_adi_v1.04186 adi_v1.04186, Acropora_digitifera_adi_v1.02958 adi_v1.02958, Acropora_digitifera_adi_v1.13776 adi_v1.13776, Acropora_digitifera_adi_v1.10056 adi_v1.10056, Acropora_digitifera_adi_v1.13777 adi_v1.13777
OG0000018	Xenia_spec_Xe_005091_T1 Xe_005091_T1 Xe_005091	Acropora_digitifera_adi_v1.13977 adi_v1.13977
OG0000018	Xenia_spec_Xe_004831_T1 Xe_004831_T1 Xe_004831	Acropora_digitifera_adi_v1.18899 adi_v1.18899
OG0000019	Xenia_spec_Xe_002372_T1 Xe_002372_T1 Xe_002372, Xenia_spec_Xe_002371_T1 Xe_002371_T1 Xe_002371	Acropora_digitifera_adi_v1.07696 adi_v1.07696
OG0000019	Xenia_spec_Xe_000961_T1 Xe_000961_T1 Xe_000961, Xenia_spec_Xe_000961_T2 Xe_000961_T2 Xe_000961	Acropora_digitifera_adi_v1.01025 adi_v1.01025
OG0000019	Xenia_spec_Xe_002679_T1 Xe_002679_T1 Xe_002679	Acropora_digitifera_adi_v1.07728 adi_v1.07728
OG0000020	Xenia_spec_Xe_008243_T1 Xe_008243_T1 Xe_008243	Acropora_digitifera_adi_v1.07215 adi_v1.07215
OG0000020	Xenia_spec_Xe_009290_T1 Xe_009290_T1 Xe_009290	Acropora_digitifera_adi_v1.23219 adi_v1.23219
OG0000020	Xenia_spec_Xe_009738_T1 Xe_009738_T1 Xe_009738, Xenia_spec_Xe_010176_T1 Xe_010176_T1 Xe_010176, Xenia_spec_Xe_009677_T1 Xe_009677_T1 Xe_009677	Acropora_digitifera_adi_v1.23748 adi_v1.23748, Acropora_digitifera_adi_v1.04537 adi_v1.04537, Acropora_digitifera_adi_v1.23610 adi_v1.23610
OG0000020	Xenia_spec_Xe_001362_T1 Xe_001362_T1 Xe_001362, Xenia_spec_Xe_009975_T1 Xe_009975_T1 Xe_009975, Xenia_spec_Xe_009974_T1 Xe_009974_T1 Xe_009974	Acropora_digitifera_adi_v1.00434 adi_v1.00434, Acropora_digitifera_adi_v1.10005 adi_v1.10005
OG0000020	Xenia_spec_Xe_007912_T2 Xe_007912_T2 Xe_007912, Xenia_spec_Xe_007912_T1 Xe_007912_T1 Xe_007912	Acropora_digitifera_adi_v1.09052 adi_v1.09052
OG0000021	Xenia_spec_Xe_012353_T1 Xe_012353_T1 Xe_012353	Acropora_digitifera_adi_v1.16464 adi_v1.16464, Acropora_digitifera_adi_v1.16465 adi_v1.16465
OG0000022	Xenia_spec_Xe_008122_T1 Xe_008122_T1 Xe_008122	Acropora_digitifera_adi_v1.17095 adi_v1.17095
OG0000023	Xenia_spec_Xe_013551_T1 Xe_013551_T1 Xe_013551, Xenia_spec_Xe_013537_T1 Xe_013537_T1 Xe_013537	Acropora_digitifera_adi_v1.19445 adi_v1.19445
OG0000024	Xenia_spec_Xe_015864_T1 Xe_015864_T1 Xe_015864	Acropora_digitifera_adi_v1.05363 adi_v1.05363
OG0000024	Xenia_spec_Xe_015637_T1 Xe_015637_T1 Xe_015637	Acropora_digitifera_adi_v1.21193 adi_v1.21193
OG0000027	Xenia_spec_Xe_010141_T1 Xe_010141_T1 Xe_010141	Acropora_digitifera_adi_v1.00758 adi_v1.00758
OG0000028	Xenia_spec_Xe_014296_T1 Xe_014296_T1 Xe_014296	Acropora_digitifera_adi_v1.22704 adi_v1.22704
OG0000029	Xenia_spec_Xe_005745_T1 Xe_005745_T1 Xe_005745	Acropora_digitifera_adi_v1.05908 adi_v1.05908, Acropora_digitifera_adi_v1.23964 adi_v1.23964
OG0000029	Xenia_spec_Xe_009791_T1 Xe_009791_T1 Xe_009791	Acropora_digitifera_adi_v1.06123 adi_v1.06123, Acropora_digitifera_adi_v1.06122 adi_v1.06122, Acropora_digitifera_adi_v1.15580 adi_v1.15580, Acropora_digitifera_adi_v1.18528 adi_v1.18528, Acropora_digitifera_adi_v1.24512 adi_v1.24512
OG0000030	Xenia_spec_Xe_002453_T1 Xe_002453_T1 Xe_002453	Acropora_digitifera_adi_v1.13106 adi_v1.13106
OG0000030	Xenia_spec_Xe_020361_T1 Xe_020361_T1 Xe_020361, Xenia_spec_Xe_020374_T1 Xe_020374_T1 Xe_020374	Acropora_digitifera_adi_v1.02168 adi_v1.02168
OG0000030	Xenia_spec_Xe_008808_T1 Xe_008808_T1 Xe_008808, Xenia_spec_Xe_008342_T1 Xe_008342_T1 Xe_008342	Acropora_digitifera_adi_v1.09623 adi_v1.09623
OG0000031	Xenia_spec_Xe_001203_T1 Xe_001203_T1 Xe_001203	Acropora_digitifera_adi_v1.18951 adi_v1.18951, Acropora_digitifera_adi_v1.22489 adi_v1.22489, Acropora_digitifera_adi_v1.00735 adi_v1.00735, Acropora_digitifera_adi_v1.22525 adi_v1.22525, Acropora_digitifera_adi_v1.16698 adi_v1.16698, Acropora_digitifera_adi_v1.12619 adi_v1.12619, Acropora_digitifera_adi_v1.16697 adi_v1.16697, Acropora_digitifera_adi_v1.23860 adi_v1.23860, Acropora_digitifera_adi_v1.02734 adi_v1.02734, Acropora_digitifera_adi_v1.03323 adi_v1.03323, Acropora_digitifera_adi_v1.03324 adi_v1.03324
OG0000033	Xenia_spec_Xe_009545_T1 Xe_009545_T1 Xe_009545, Xenia_spec_Xe_009552_T1 Xe_009552_T1 Xe_009552, Xenia_spec_Xe_009447_T1 Xe_009447_T1 Xe_009447, Xenia_spec_Xe_009467_T1 Xe_009467_T1 Xe_009467, Xenia_spec_Xe_009470_T2 Xe_009470_T2 Xe_009470, Xenia_spec_Xe_009470_T1 Xe_009470_T1 Xe_009470, Xenia_spec_Xe_009458_T1 Xe_009458_T1 Xe_009458, Xenia_spec_Xe_009454_T1 Xe_009454_T1 Xe_009454, Xenia_spec_Xe_009450_T1 Xe_009450_T1 Xe_009450, Xenia_spec_Xe_009466_T1 Xe_009466_T1 Xe_009466, Xenia_spec_Xe_009546_T1 Xe_009546_T1 Xe_009546, Xenia_spec_Xe_009448_T1 Xe_009448_T1 Xe_009448, Xenia_spec_Xe_018287_T1 Xe_018287_T1 Xe_018287, Xenia_spec_Xe_018285_T1 Xe_018285_T1 Xe_018285	Acropora_digitifera_adi_v1.07578 adi_v1.07578
OG0000034	Xenia_spec_Xe_013993_T1 Xe_013993_T1 Xe_013993	Acropora_digitifera_adi_v1.08610 adi_v1.08610
OG0000035	Xenia_spec_Xe_008542_T1 Xe_008542_T1 Xe_008542, Xenia_spec_Xe_008540_T1 Xe_008540_T1 Xe_008540	Acropora_digitifera_adi_v1.00964 adi_v1.00964, Acropora_digitifera_adi_v1.01652 adi_v1.01652
OG0000035	Xenia_spec_Xe_009250_T1 Xe_009250_T1 Xe_009250	Acropora_digitifera_adi_v1.01269 adi_v1.01269, Acropora_digitifera_adi_v1.00036 adi_v1.00036, Acropora_digitifera_adi_v1.22626 adi_v1.22626, Acropora_digitifera_adi_v1.02763 adi_v1.02763, Acropora_digitifera_adi_v1.22961 adi_v1.22961, Acropora_digitifera_adi_v1.02263 adi_v1.02263, Acropora_digitifera_adi_v1.00783 adi_v1.00783
OG0000036	Xenia_spec_Xe_012812_T1 Xe_012812_T1 Xe_012812	Acropora_digitifera_adi_v1.11172 adi_v1.11172
OG0000037	Xenia_spec_Xe_014976_T1 Xe_014976_T1 Xe_014976, Xenia_spec_Xe_014975_T1 Xe_014975_T1 Xe_014975, Xenia_spec_Xe_014974_T1 Xe_014974_T1 Xe_014974	Acropora_digitifera_adi_v1.12940 adi_v1.12940, Acropora_digitifera_adi_v1.22657 adi_v1.22657
OG0000038	Xenia_spec_Xe_014048_T1 Xe_014048_T1 Xe_014048, Xenia_spec_Xe_014047_T1 Xe_014047_T1 Xe_014047, Xenia_spec_Xe_014050_T1 Xe_014050_T1 Xe_014050, Xenia_spec_Xe_014051_T1 Xe_014051_T1 Xe_014051, Xenia_spec_Xe_014049_T1 Xe_014049_T1 Xe_014049	Acropora_digitifera_adi_v1.21776 adi_v1.21776, Acropora_digitifera_adi_v1.17595 adi_v1.17595, Acropora_digitifera_adi_v1.01701 adi_v1.01701, Acropora_digitifera_adi_v1.02274 adi_v1.02274, Acropora_digitifera_adi_v1.14625 adi_v1.14625, Acropora_digitifera_adi_v1.01699 adi_v1.01699, Acropora_digitifera_adi_v1.06643 adi_v1.06643, Acropora_digitifera_adi_v1.19171 adi_v1.19171, Acropora_digitifera_adi_v1.19173 adi_v1.19173, Acropora_digitifera_adi_v1.19174 adi_v1.19174, Acropora_digitifera_adi_v1.19172 adi_v1.19172
OG0000038	Xenia_spec_Xe_014606_T1 Xe_014606_T1 Xe_014606	Acropora_digitifera_adi_v1.24713 adi_v1.24713
OG0000039	Xenia_spec_Xe_001980_T1 Xe_001980_T1 Xe_001980, Xenia_spec_Xe_015792_T1 Xe_015792_T1 Xe_015792	Acropora_digitifera_adi_v1.18902 adi_v1.18902, Acropora_digitifera_adi_v1.15125 adi_v1.15125
OG0000039	Xenia_spec_Xe_001991_T1 Xe_001991_T1 Xe_001991, Xenia_spec_Xe_015795_T1 Xe_015795_T1 Xe_015795	Acropora_digitifera_adi_v1.16330 adi_v1.16330, Acropora_digitifera_adi_v1.15494 adi_v1.15494, Acropora_digitifera_adi_v1.15094 adi_v1.15094
OG0000039	Xenia_spec_Xe_010089_T1 Xe_010089_T1 Xe_010089	Acropora_digitifera_adi_v1.12546 adi_v1.12546
OG0000040	Xenia_spec_Xe_008627_T1 Xe_008627_T1 Xe_008627	Acropora_digitifera_adi_v1.09775 adi_v1.09775
OG0000041	Xenia_spec_Xe_005440_T1 Xe_005440_T1 Xe_005440, Xenia_spec_Xe_005437_T1 Xe_005437_T1 Xe_005437, Xenia_spec_Xe_005431_T1 Xe_005431_T1 Xe_005431, Xenia_spec_Xe_005447_T1 Xe_005447_T1 Xe_005447, Xenia_spec_Xe_005456_T1 Xe_005456_T1 Xe_005456, Xenia_spec_Xe_005470_T1 Xe_005470_T1 Xe_005470, Xenia_spec_Xe_005444_T1 Xe_005444_T1 Xe_005444, Xenia_spec_Xe_005450_T1 Xe_005450_T1 Xe_005450, Xenia_spec_Xe_005434_T1 Xe_005434_T1 Xe_005434, Xenia_spec_Xe_005453_T1 Xe_005453_T1 Xe_005453, Xenia_spec_Xe_005472_T1 Xe_005472_T1 Xe_005472, Xenia_spec_Xe_005471_T1 Xe_005471_T1 Xe_005471, Xenia_spec_Xe_005454_T1 Xe_005454_T1 Xe_005454	Acropora_digitifera_adi_v1.03072 adi_v1.03072
OG0000041	Xenia_spec_Xe_012595_T1 Xe_012595_T1 Xe_012595	Acropora_digitifera_adi_v1.21179 adi_v1.21179
OG0000042	Xenia_spec_Xe_006333_T1 Xe_006333_T1 Xe_006333	Acropora_digitifera_adi_v1.15502 adi_v1.15502
OG0000042	Xenia_spec_Xe_012350_T1 Xe_012350_T1 Xe_012350	Acropora_digitifera_adi_v1.01395 adi_v1.01395
OG0000042	Xenia_spec_Xe_020831_T1 Xe_020831_T1 Xe_020831, Xenia_spec_Xe_020822_T1 Xe_020822_T1 Xe_020822	Acropora_digitifera_adi_v1.15503 adi_v1.15503, Acropora_digitifera_adi_v1.15501 adi_v1.15501
OG0000044	Xenia_spec_Xe_014375_T1 Xe_014375_T1 Xe_014375, Xenia_spec_Xe_014377_T1 Xe_014377_T1 Xe_014377	Acropora_digitifera_adi_v1.17869 adi_v1.17869, Acropora_digitifera_adi_v1.01279 adi_v1.01279, Acropora_digitifera_adi_v1.01276 adi_v1.01276, Acropora_digitifera_adi_v1.01277 adi_v1.01277
OG0000045	Xenia_spec_Xe_020060_T1 Xe_020060_T1 Xe_020060	Acropora_digitifera_adi_v1.09586 adi_v1.09586
OG0000045	Xenia_spec_Xe_002601_T1 Xe_002601_T1 Xe_002601	Acropora_digitifera_adi_v1.23198 adi_v1.23198
OG0000046	Xenia_spec_Xe_014826_T1 Xe_014826_T1 Xe_014826	Acropora_digitifera_adi_v1.23116 adi_v1.23116
OG0000047	Xenia_spec_Xe_015330_T1 Xe_015330_T1 Xe_015330, Xenia_spec_Xe_015331_T1 Xe_015331_T1 Xe_015331, Xenia_spec_Xe_015337_T1 Xe_015337_T1 Xe_015337, Xenia_spec_Xe_015332_T1 Xe_015332_T1 Xe_015332, Xenia_spec_Xe_015336_T1 Xe_015336_T1 Xe_015336	Acropora_digitifera_adi_v1.11979 adi_v1.11979
OG0000049	Xenia_spec_Xe_014133_T1 Xe_014133_T1 Xe_014133	Acropora_digitifera_adi_v1.00526 adi_v1.00526
OG0000051	Xenia_spec_Xe_014313_T1 Xe_014313_T1 Xe_014313	Acropora_digitifera_adi_v1.03896 adi_v1.03896
OG0000054	Xenia_spec_Xe_016386_T1 Xe_016386_T1 Xe_016386	Acropora_digitifera_adi_v1.13439 adi_v1.13439
OG0000054	Xenia_spec_Xe_002676_T1 Xe_002676_T1 Xe_002676	Acropora_digitifera_adi_v1.00193 adi_v1.00193
OG0000058	Xenia_spec_Xe_018432_T1 Xe_018432_T1 Xe_018432, Xenia_spec_Xe_018431_T1 Xe_018431_T1 Xe_018431, Xenia_spec_Xe_018421_T1 Xe_018421_T1 Xe_018421, Xenia_spec_Xe_018425_T1 Xe_018425_T1 Xe_018425, Xenia_spec_Xe_018257_T1 Xe_018257_T1 Xe_018257, Xenia_spec_Xe_018259_T1 Xe_018259_T1 Xe_018259	Acropora_digitifera_adi_v1.09748 adi_v1.09748, Acropora_digitifera_adi_v1.20259 adi_v1.20259, Acropora_digitifera_adi_v1.06948 adi_v1.06948, Acropora_digitifera_adi_v1.13941 adi_v1.13941
OG0000058	Xenia_spec_Xe_008100_T1 Xe_008100_T1 Xe_008100	Acropora_digitifera_adi_v1.10945 adi_v1.10945
OG0000062	Xenia_spec_Xe_011999_T1 Xe_011999_T1 Xe_011999	Acropora_digitifera_adi_v1.19726 adi_v1.19726
OG0000062	Xenia_spec_Xe_011884_T1 Xe_011884_T1 Xe_011884	Acropora_digitifera_adi_v1.20013 adi_v1.20013
OG0000063	Xenia_spec_Xe_010055_T1 Xe_010055_T1 Xe_010055	Acropora_digitifera_adi_v1.13405 adi_v1.13405, Acropora_digitifera_adi_v1.14406 adi_v1.14406
OG0000064	Xenia_spec_Xe_002322_T1 Xe_002322_T1 Xe_002322	Acropora_digitifera_adi_v1.06463 adi_v1.06463, Acropora_digitifera_adi_v1.10842 adi_v1.10842
OG0000065	Xenia_spec_Xe_015613_T1 Xe_015613_T1 Xe_015613	Acropora_digitifera_adi_v1.01898 adi_v1.01898, Acropora_digitifera_adi_v1.06117 adi_v1.06117
OG0000069	Xenia_spec_Xe_015069_T1 Xe_015069_T1 Xe_015069, Xenia_spec_Xe_015069_T2 Xe_015069_T2 Xe_015069, Xenia_spec_Xe_019791_T1 Xe_019791_T1 Xe_019791	Acropora_digitifera_adi_v1.08167 adi_v1.08167, Acropora_digitifera_adi_v1.08092 adi_v1.08092, Acropora_digitifera_adi_v1.20840 adi_v1.20840, Acropora_digitifera_adi_v1.11544 adi_v1.11544, Acropora_digitifera_adi_v1.10867 adi_v1.10867, Acropora_digitifera_adi_v1.10097 adi_v1.10097, Acropora_digitifera_adi_v1.10098 adi_v1.10098
OG0000070	Xenia_spec_Xe_012561_T1 Xe_012561_T1 Xe_012561	Acropora_digitifera_adi_v1.23658 adi_v1.23658
OG0000070	Xenia_spec_Xe_000193_T1 Xe_000193_T1 Xe_000193	Acropora_digitifera_adi_v1.05628 adi_v1.05628
OG0000073	Xenia_spec_Xe_001002_T1 Xe_001002_T1 Xe_001002, Xenia_spec_Xe_001017_T1 Xe_001017_T1 Xe_001017, Xenia_spec_Xe_001018_T1 Xe_001018_T1 Xe_001018, Xenia_spec_Xe_001020_T1 Xe_001020_T1 Xe_001020, Xenia_spec_Xe_001022_T1 Xe_001022_T1 Xe_001022, Xenia_spec_Xe_001024_T1 Xe_001024_T1 Xe_001024, Xenia_spec_Xe_020104_T1 Xe_020104_T1 Xe_020104, Xenia_spec_Xe_001000_T1 Xe_001000_T1 Xe_001000, Xenia_spec_Xe_000999_T1 Xe_000999_T1 Xe_000999, Xenia_spec_Xe_001025_T1 Xe_001025_T1 Xe_001025, Xenia_spec_Xe_000993_T1 Xe_000993_T1 Xe_000993, Xenia_spec_Xe_000995_T1 Xe_000995_T1 Xe_000995, Xenia_spec_Xe_000995_T2 Xe_000995_T2 Xe_000995, Xenia_spec_Xe_000996_T1 Xe_000996_T1 Xe_000996, Xenia_spec_Xe_000994_T2 Xe_000994_T2 Xe_000994, Xenia_spec_Xe_000994_T1 Xe_000994_T1 Xe_000994	Acropora_digitifera_adi_v1.15179 adi_v1.15179, Acropora_digitifera_adi_v1.05328 adi_v1.05328
OG0000081	Xenia_spec_Xe_004317_T1 Xe_004317_T1 Xe_004317	Acropora_digitifera_adi_v1.14148 adi_v1.14148
OG0000082	Xenia_spec_Xe_008177_T1 Xe_008177_T1 Xe_008177	Acropora_digitifera_adi_v1.10757 adi_v1.10757
OG0000083	Xenia_spec_Xe_012872_T2 Xe_012872_T2 Xe_012872, Xenia_spec_Xe_012872_T1 Xe_012872_T1 Xe_012872	Acropora_digitifera_adi_v1.06821 adi_v1.06821
OG0000086	Xenia_spec_Xe_017401_T1 Xe_017401_T1 Xe_017401, Xenia_spec_Xe_017398_T1 Xe_017398_T1 Xe_017398, Xenia_spec_Xe_017399_T1 Xe_017399_T1 Xe_017399, Xenia_spec_Xe_017400_T1 Xe_017400_T1 Xe_017400, Xenia_spec_Xe_017447_T1 Xe_017447_T1 Xe_017447, Xenia_spec_Xe_017402_T1 Xe_017402_T1 Xe_017402	Acropora_digitifera_adi_v1.15258 adi_v1.15258, Acropora_digitifera_adi_v1.22996 adi_v1.22996, Acropora_digitifera_adi_v1.19997 adi_v1.19997
OG0000087	Xenia_spec_Xe_004782_T1 Xe_004782_T1 Xe_004782	Acropora_digitifera_adi_v1.01106 adi_v1.01106
OG0000088	Xenia_spec_Xe_008756_T1 Xe_008756_T1 Xe_008756	Acropora_digitifera_adi_v1.01059 adi_v1.01059
OG0000089	Xenia_spec_Xe_014721_T1 Xe_014721_T1 Xe_014721	Acropora_digitifera_adi_v1.01316 adi_v1.01316
OG0000093	Xenia_spec_Xe_018469_T1 Xe_018469_T1 Xe_018469, Xenia_spec_Xe_020077_T1 Xe_020077_T1 Xe_020077, Xenia_spec_Xe_018297_T1 Xe_018297_T1 Xe_018297, Xenia_spec_Xe_018334_T1 Xe_018334_T1 Xe_018334, Xenia_spec_Xe_018335_T1 Xe_018335_T1 Xe_018335	Acropora_digitifera_adi_v1.22486 adi_v1.22486, Acropora_digitifera_adi_v1.07717 adi_v1.07717, Acropora_digitifera_adi_v1.18858 adi_v1.18858
OG0000094	Xenia_spec_Xe_014308_T1 Xe_014308_T1 Xe_014308	Acropora_digitifera_adi_v1.13477 adi_v1.13477
OG0000099	Xenia_spec_Xe_014903_T1 Xe_014903_T1 Xe_014903, Xenia_spec_Xe_002440_T1 Xe_002440_T1 Xe_002440, Xenia_spec_Xe_003140_T1 Xe_003140_T1 Xe_003140, Xenia_spec_Xe_001885_T1 Xe_001885_T1 Xe_001885	Acropora_digitifera_adi_v1.10436 adi_v1.10436, Acropora_digitifera_adi_v1.10437 adi_v1.10437
OG0000100	Xenia_spec_Xe_006066_T1 Xe_006066_T1 Xe_006066	Acropora_digitifera_adi_v1.11601 adi_v1.11601
OG0000100	Xenia_spec_Xe_006064_T1 Xe_006064_T1 Xe_006064	Acropora_digitifera_adi_v1.11599 adi_v1.11599
OG0000102	Xenia_spec_Xe_015831_T1 Xe_015831_T1 Xe_015831	Acropora_digitifera_adi_v1.17963 adi_v1.17963, Acropora_digitifera_adi_v1.12126 adi_v1.12126, Acropora_digitifera_adi_v1.20079 adi_v1.20079, Acropora_digitifera_adi_v1.09589 adi_v1.09589, Acropora_digitifera_adi_v1.12081 adi_v1.12081
OG0000103	Xenia_spec_Xe_009673_T1 Xe_009673_T1 Xe_009673	Acropora_digitifera_adi_v1.12265 adi_v1.12265
OG0000105	Xenia_spec_Xe_000666_T1 Xe_000666_T1 Xe_000666, Xenia_spec_Xe_006920_T1 Xe_006920_T1 Xe_006920, Xenia_spec_Xe_000727_T1 Xe_000727_T1 Xe_000727, Xenia_spec_Xe_000729_T1 Xe_000729_T1 Xe_000729, Xenia_spec_Xe_000659_T1 Xe_000659_T1 Xe_000659, Xenia_spec_Xe_000662_T1 Xe_000662_T1 Xe_000662, Xenia_spec_Xe_000630_T1 Xe_000630_T1 Xe_000630	Acropora_digitifera_adi_v1.07561 adi_v1.07561, Acropora_digitifera_adi_v1.24274 adi_v1.24274, Acropora_digitifera_adi_v1.05946 adi_v1.05946, Acropora_digitifera_adi_v1.10662 adi_v1.10662
OG0000105	Xenia_spec_Xe_008770_T1 Xe_008770_T1 Xe_008770	Acropora_digitifera_adi_v1.00390 adi_v1.00390
OG0000106	Xenia_spec_Xe_017467_T1 Xe_017467_T1 Xe_017467, Xenia_spec_Xe_017483_T1 Xe_017483_T1 Xe_017483, Xenia_spec_Xe_017470_T1 Xe_017470_T1 Xe_017470, Xenia_spec_Xe_017492_T1 Xe_017492_T1 Xe_017492	Acropora_digitifera_adi_v1.04595 adi_v1.04595, Acropora_digitifera_adi_v1.12730 adi_v1.12730, Acropora_digitifera_adi_v1.04153 adi_v1.04153, Acropora_digitifera_adi_v1.04157 adi_v1.04157, Acropora_digitifera_adi_v1.04154 adi_v1.04154, Acropora_digitifera_adi_v1.08231 adi_v1.08231
OG0000111	Xenia_spec_Xe_018449_T1 Xe_018449_T1 Xe_018449	Acropora_digitifera_adi_v1.05777 adi_v1.05777, Acropora_digitifera_adi_v1.15937 adi_v1.15937, Acropora_digitifera_adi_v1.05774 adi_v1.05774, Acropora_digitifera_adi_v1.05775 adi_v1.05775
OG0000113	Xenia_spec_Xe_014684_T1 Xe_014684_T1 Xe_014684	Acropora_digitifera_adi_v1.13246 adi_v1.13246
OG0000114	Xenia_spec_Xe_015898_T1 Xe_015898_T1 Xe_015898	Acropora_digitifera_adi_v1.04340 adi_v1.04340
OG0000116	Xenia_spec_Xe_014990_T1 Xe_014990_T1 Xe_014990	Acropora_digitifera_adi_v1.04201 adi_v1.04201, Acropora_digitifera_adi_v1.00669 adi_v1.00669, Acropora_digitifera_adi_v1.04200 adi_v1.04200, Acropora_digitifera_adi_v1.00670 adi_v1.00670, Acropora_digitifera_adi_v1.22020 adi_v1.22020
OG0000119	Xenia_spec_Xe_000603_T1 Xe_000603_T1 Xe_000603	Acropora_digitifera_adi_v1.12204 adi_v1.12204
OG0000121	Xenia_spec_Xe_002883_T1 Xe_002883_T1 Xe_002883	Acropora_digitifera_adi_v1.07477 adi_v1.07477, Acropora_digitifera_adi_v1.03736 adi_v1.03736
OG0000129	Xenia_spec_Xe_000519_T1 Xe_000519_T1 Xe_000519	Acropora_digitifera_adi_v1.06151 adi_v1.06151
OG0000131	Xenia_spec_Xe_012716_T1 Xe_012716_T1 Xe_012716	Acropora_digitifera_adi_v1.13891 adi_v1.13891
OG0000133	Xenia_spec_Xe_002448_T1 Xe_002448_T1 Xe_002448	Acropora_digitifera_adi_v1.13517 adi_v1.13517
OG0000138	Xenia_spec_Xe_007880_T1 Xe_007880_T1 Xe_007880	Acropora_digitifera_adi_v1.12878 adi_v1.12878
OG0000150	Xenia_spec_Xe_007831_T1 Xe_007831_T1 Xe_007831	Acropora_digitifera_adi_v1.12343 adi_v1.12343
OG0000158	Xenia_spec_Xe_010642_T1 Xe_010642_T1 Xe_010642, Xenia_spec_Xe_016401_T1 Xe_016401_T1 Xe_016401, Xenia_spec_Xe_016396_T1 Xe_016396_T1 Xe_016396	Acropora_digitifera_adi_v1.24509 adi_v1.24509
OG0000158	Xenia_spec_Xe_004819_T1 Xe_004819_T1 Xe_004819	Acropora_digitifera_adi_v1.14301 adi_v1.14301, Acropora_digitifera_adi_v1.14565 adi_v1.14565
OG0000159	Xenia_spec_Xe_013605_T1 Xe_013605_T1 Xe_013605	Acropora_digitifera_adi_v1.03630 adi_v1.03630, Acropora_digitifera_adi_v1.12814 adi_v1.12814, Acropora_digitifera_adi_v1.04349 adi_v1.04349
OG0000160	Xenia_spec_Xe_004370_T1 Xe_004370_T1 Xe_004370	Acropora_digitifera_adi_v1.14572 adi_v1.14572
OG0000165	Xenia_spec_Xe_014466_T1 Xe_014466_T1 Xe_014466	Acropora_digitifera_adi_v1.19692 adi_v1.19692
OG0000167	Xenia_spec_Xe_009503_T2 Xe_009503_T2 Xe_009503, Xenia_spec_Xe_009503_T1 Xe_009503_T1 Xe_009503	Acropora_digitifera_adi_v1.12020 adi_v1.12020
OG0000184	Xenia_spec_Xe_004255_T1 Xe_004255_T1 Xe_004255, Xenia_spec_Xe_004160_T1 Xe_004160_T1 Xe_004160	Acropora_digitifera_adi_v1.06030 adi_v1.06030, Acropora_digitifera_adi_v1.24014 adi_v1.24014, Acropora_digitifera_adi_v1.18430 adi_v1.18430, Acropora_digitifera_adi_v1.22305 adi_v1.22305, Acropora_digitifera_adi_v1.24432 adi_v1.24432
OG0000188	Xenia_spec_Xe_000226_T1 Xe_000226_T1 Xe_000226	Acropora_digitifera_adi_v1.09473 adi_v1.09473, Acropora_digitifera_adi_v1.16003 adi_v1.16003, Acropora_digitifera_adi_v1.19717 adi_v1.19717, Acropora_digitifera_adi_v1.11466 adi_v1.11466, Acropora_digitifera_adi_v1.20726 adi_v1.20726
OG0000189	Xenia_spec_Xe_009233_T1 Xe_009233_T1 Xe_009233	Acropora_digitifera_adi_v1.06227 adi_v1.06227, Acropora_digitifera_adi_v1.06226 adi_v1.06226, Acropora_digitifera_adi_v1.18072 adi_v1.18072, Acropora_digitifera_adi_v1.20630 adi_v1.20630
OG0000193	Xenia_spec_Xe_008475_T1 Xe_008475_T1 Xe_008475	Acropora_digitifera_adi_v1.08763 adi_v1.08763
OG0000195	Xenia_spec_Xe_009602_T1 Xe_009602_T1 Xe_009602	Acropora_digitifera_adi_v1.01290 adi_v1.01290
OG0000197	Xenia_spec_Xe_007048_T1 Xe_007048_T1 Xe_007048	Acropora_digitifera_adi_v1.04732 adi_v1.04732, Acropora_digitifera_adi_v1.16918 adi_v1.16918
OG0000200	Xenia_spec_Xe_015525_T1 Xe_015525_T1 Xe_015525	Acropora_digitifera_adi_v1.07516 adi_v1.07516
OG0000201	Xenia_spec_Xe_003238_T1 Xe_003238_T1 Xe_003238	Acropora_digitifera_adi_v1.11496 adi_v1.11496
OG0000203	Xenia_spec_Xe_014757_T1 Xe_014757_T1 Xe_014757	Acropora_digitifera_adi_v1.04333 adi_v1.04333
OG0000204	Xenia_spec_Xe_015988_T1 Xe_015988_T1 Xe_015988	Acropora_digitifera_adi_v1.12294 adi_v1.12294
OG0000210	Xenia_spec_Xe_014129_T1 Xe_014129_T1 Xe_014129	Acropora_digitifera_adi_v1.01691 adi_v1.01691
OG0000211	Xenia_spec_Xe_009004_T2 Xe_009004_T2 Xe_009004, Xenia_spec_Xe_009004_T1 Xe_009004_T1 Xe_009004	Acropora_digitifera_adi_v1.01976 adi_v1.01976
OG0000212	Xenia_spec_Xe_007486_T1 Xe_007486_T1 Xe_007486	Acropora_digitifera_adi_v1.12729 adi_v1.12729
OG0000213	Xenia_spec_Xe_007490_T1 Xe_007490_T1 Xe_007490	Acropora_digitifera_adi_v1.16428 adi_v1.16428
OG0000219	Xenia_spec_Xe_014122_T1 Xe_014122_T1 Xe_014122	Acropora_digitifera_adi_v1.15112 adi_v1.15112
OG0000224	Xenia_spec_Xe_017396_T1 Xe_017396_T1 Xe_017396, Xenia_spec_Xe_017392_T1 Xe_017392_T1 Xe_017392, Xenia_spec_Xe_017395_T1 Xe_017395_T1 Xe_017395, Xenia_spec_Xe_017388_T1 Xe_017388_T1 Xe_017388	Acropora_digitifera_adi_v1.11457 adi_v1.11457, Acropora_digitifera_adi_v1.06479 adi_v1.06479, Acropora_digitifera_adi_v1.01880 adi_v1.01880, Acropora_digitifera_adi_v1.09875 adi_v1.09875, Acropora_digitifera_adi_v1.08221 adi_v1.08221, Acropora_digitifera_adi_v1.06480 adi_v1.06480, Acropora_digitifera_adi_v1.08220 adi_v1.08220, Acropora_digitifera_adi_v1.01879 adi_v1.01879
OG0000229	Xenia_spec_Xe_012336_T1 Xe_012336_T1 Xe_012336	Acropora_digitifera_adi_v1.02366 adi_v1.02366
OG0000231	Xenia_spec_Xe_000375_T1 Xe_000375_T1 Xe_000375	Acropora_digitifera_adi_v1.01923 adi_v1.01923
OG0000244	Xenia_spec_Xe_004256_T1 Xe_004256_T1 Xe_004256, Xenia_spec_Xe_004204_T1 Xe_004204_T1 Xe_004204, Xenia_spec_Xe_004161_T1 Xe_004161_T1 Xe_004161	Acropora_digitifera_adi_v1.21011 adi_v1.21011, Acropora_digitifera_adi_v1.16214 adi_v1.16214
OG0000248	Xenia_spec_Xe_002388_T1 Xe_002388_T1 Xe_002388	Acropora_digitifera_adi_v1.13105 adi_v1.13105, Acropora_digitifera_adi_v1.15930 adi_v1.15930
OG0000265	Xenia_spec_Xe_015827_T1 Xe_015827_T1 Xe_015827	Acropora_digitifera_adi_v1.10611 adi_v1.10611
OG0000270	Xenia_spec_Xe_013052_T1 Xe_013052_T1 Xe_013052	Acropora_digitifera_adi_v1.03975 adi_v1.03975
OG0000279	Xenia_spec_Xe_015936_T1 Xe_015936_T1 Xe_015936	Acropora_digitifera_adi_v1.06393 adi_v1.06393
OG0000284	Xenia_spec_Xe_015013_T1 Xe_015013_T1 Xe_015013	Acropora_digitifera_adi_v1.20101 adi_v1.20101, Acropora_digitifera_adi_v1.13356 adi_v1.13356, Acropora_digitifera_adi_v1.06614 adi_v1.06614
OG0000286	Xenia_spec_Xe_006853_T1 Xe_006853_T1 Xe_006853, Xenia_spec_Xe_005192_T1 Xe_005192_T1 Xe_005192, Xenia_spec_Xe_011406_T1 Xe_011406_T1 Xe_011406	Acropora_digitifera_adi_v1.11445 adi_v1.11445
OG0000303	Xenia_spec_Xe_013893_T1 Xe_013893_T1 Xe_013893	Acropora_digitifera_adi_v1.12162 adi_v1.12162
OG0000318	Xenia_spec_Xe_002021_T1 Xe_002021_T1 Xe_002021	Acropora_digitifera_adi_v1.15381 adi_v1.15381
OG0000330	Xenia_spec_Xe_001209_T1 Xe_001209_T1 Xe_001209, Xenia_spec_Xe_009933_T1 Xe_009933_T1 Xe_009933	Acropora_digitifera_adi_v1.12128 adi_v1.12128
OG0000355	Xenia_spec_Xe_020575_T1 Xe_020575_T1 Xe_020575	Acropora_digitifera_adi_v1.09069 adi_v1.09069
OG0000399	Xenia_spec_Xe_002872_T1 Xe_002872_T1 Xe_002872	Acropora_digitifera_adi_v1.23383 adi_v1.23383
OG0000426	Xenia_spec_Xe_007199_T1 Xe_007199_T1 Xe_007199, Xenia_spec_Xe_014264_T1 Xe_014264_T1 Xe_014264	Acropora_digitifera_adi_v1.01478 adi_v1.01478, Acropora_digitifera_adi_v1.16715 adi_v1.16715
OG0000434	Xenia_spec_Xe_004432_T1 Xe_004432_T1 Xe_004432	Acropora_digitifera_adi_v1.00931 adi_v1.00931
OG0000437	Xenia_spec_Xe_012747_T1 Xe_012747_T1 Xe_012747	Acropora_digitifera_adi_v1.20605 adi_v1.20605, Acropora_digitifera_adi_v1.20747 adi_v1.20747
OG0000482	Xenia_spec_Xe_008217_T1 Xe_008217_T1 Xe_008217	Acropora_digitifera_adi_v1.20477 adi_v1.20477
OG0000531	Xenia_spec_Xe_008885_T1 Xe_008885_T1 Xe_008885, Xenia_spec_Xe_008884_T1 Xe_008884_T1 Xe_008884	Acropora_digitifera_adi_v1.06978 adi_v1.06978
OG0000594	Xenia_spec_Xe_020042_T1 Xe_020042_T1 Xe_020042	Acropora_digitifera_adi_v1.01772 adi_v1.01772, Acropora_digitifera_adi_v1.01771 adi_v1.01771, Acropora_digitifera_adi_v1.01775 adi_v1.01775
OG0000595	Xenia_spec_Xe_001086_T1 Xe_001086_T1 Xe_001086	Acropora_digitifera_adi_v1.04217 adi_v1.04217
OG0000631	Xenia_spec_Xe_006286_T1 Xe_006286_T1 Xe_006286	Acropora_digitifera_adi_v1.00982 adi_v1.00982
OG0000695	Xenia_spec_Xe_012977_T1 Xe_012977_T1 Xe_012977	Acropora_digitifera_adi_v1.00024 adi_v1.00024
