Orthogroup	Chordata_Vertebrata_Danio_rerio	Platyhelminthes_Tricladida_Schmidtea_mediterranea
OG0000000	Danio_rerio_tr_E9QHI1_E9QHI1_DANRE tr|E9QHI1|E9QHI1_DANRE Tenascin C OS=Danio rerio OX=7955 GN=tenc PE=1 SV=1, Danio_rerio_tr_F1QYE2_F1QYE2_DANRE tr|F1QYE2|F1QYE2_DANRE Tenascin C OS=Danio rerio OX=7955 GN=tenc PE=1 SV=1, Danio_rerio_tr_Q7T3T6_Q7T3T6_DANRE tr|Q7T3T6|Q7T3T6_DANRE Tenascin-R OS=Danio rerio OX=7955 GN=tnr PE=1 SV=1, Danio_rerio_tr_B0S6K6_B0S6K6_DANRE tr|B0S6K6|B0S6K6_DANRE Tenascin N OS=Danio rerio OX=7955 GN=tnw PE=1 SV=1, Danio_rerio_tr_F1QSR3_F1QSR3_DANRE tr|F1QSR3|F1QSR3_DANRE Tenascin N OS=Danio rerio OX=7955 GN=tenw PE=1 SV=2, Danio_rerio_tr_B0S6K5_B0S6K5_DANRE tr|B0S6K5|B0S6K5_DANRE Tenascin N OS=Danio rerio OX=7955 GN=tnw PE=1 SV=1	Schmidtea_mediterranea_maker-scaffold9678-snap-gene-0.37-mRNA-1 maker-scaffold9678-snap-gene-0.37-mRNA-1 protein AED_0.36 eAED_0.36 QI_0|0.25|0.11|0.66|0.5|0.55|9|0|2056
OG0000001	Danio_rerio_tr_A0A0R4IFE9_A0A0R4IFE9_DANRE tr|A0A0R4IFE9|A0A0R4IFE9_DANRE Netrin 4 OS=Danio rerio OX=7955 GN=ntn4 PE=4 SV=1, Danio_rerio_tr_Q32SK8_Q32SK8_DANRE tr|Q32SK8|Q32SK8_DANRE Netrin 4 OS=Danio rerio OX=7955 GN=ntn4 PE=2 SV=1, Danio_rerio_sp_Q8JHV6_LAMB4_DANRE sp|Q8JHV6|LAMB4_DANRE Laminin subunit beta-4 OS=Danio rerio OX=7955 GN=lamb4 PE=2 SV=1, Danio_rerio_tr_A0A8M9PDX2_A0A8M9PDX2_DANRE tr|A0A8M9PDX2|A0A8M9PDX2_DANRE Laminin subunit beta-1 isoform X1 OS=Danio rerio OX=7955 GN=lamb2l PE=1 SV=1, Danio_rerio_tr_B7ZDA6_B7ZDA6_DANRE tr|B7ZDA6|B7ZDA6_DANRE Laminin subunit beta-2 precursor OS=Danio rerio OX=7955 GN=si_dkey-32e6.2 PE=1 SV=1, Danio_rerio_tr_F1REL9_F1REL9_DANRE tr|F1REL9|F1REL9_DANRE Laminin_ beta 1b OS=Danio rerio OX=7955 GN=si_dkey-183c16.5 PE=4 SV=1, Danio_rerio_tr_Q8JHV7_Q8JHV7_DANRE tr|Q8JHV7|Q8JHV7_DANRE Laminin beta 1 OS=Danio rerio OX=7955 GN=lamb1 PE=1 SV=1	Schmidtea_mediterranea_maker-scaffold14005-snap-gene-0.42-mRNA-1 maker-scaffold14005-snap-gene-0.42-mRNA-1 protein AED_0.02 eAED_0.04 QI_10|0|0|0.83|0.8|0.83|6|0|258
OG0000001	Danio_rerio_tr_F1QPJ1_F1QPJ1_DANRE tr|F1QPJ1|F1QPJ1_DANRE Laminin subunit gamma-3 OS=Danio rerio OX=7955 GN=lamc3 PE=4 SV=1, Danio_rerio_sp_Q1LVF0_LAMC1_DANRE sp|Q1LVF0|LAMC1_DANRE Laminin subunit gamma-1 OS=Danio rerio OX=7955 GN=lamc1 PE=2 SV=2	Schmidtea_mediterranea_maker-scaffold10153-augustus-gene-0.51-mRNA-1 maker-scaffold10153-augustus-gene-0.51-mRNA-1 protein AED_0.09 eAED_0.09 QI_141|0.86|0.95|1|0.65|0.70|24|255|1751
OG0000002	Danio_rerio_tr_D7PS96_D7PS96_DANRE tr|D7PS96|D7PS96_DANRE Hemicentin-1 precursor OS=Danio rerio OX=7955 GN=hmcn1 PE=2 SV=1	Schmidtea_mediterranea_maker-scaffold7690-augustus-gene-1.40-mRNA-1 maker-scaffold7690-augustus-gene-1.40-mRNA-1 protein AED_0.11 eAED_0.11 QI_557|0.89|0.89|1|0.75|0.76|67|0|4303
OG0000003	Danio_rerio_sp_Q5U3G1_COL11_DANRE sp|Q5U3G1|COL11_DANRE Collectin-11 OS=Danio rerio OX=7955 GN=colec11 PE=2 SV=1, Danio_rerio_tr_Q504I3_Q504I3_DANRE tr|Q504I3|Q504I3_DANRE Hbl3 protein OS=Danio rerio OX=7955 GN=hbl3 PE=2 SV=1	Schmidtea_mediterranea_augustus_masked-scaffold1092-processed-gene-0.0-mRNA-1 augustus_masked-scaffold1092-processed-gene-0.0-mRNA-1 protein AED_0.18 eAED_0.18 QI_0|0|0|0.33|1|1|3|0|189
OG0000004	Danio_rerio_tr_F1QAB3_F1QAB3_DANRE tr|F1QAB3|F1QAB3_DANRE Collagen type XXVIII alpha 1 a precursor OS=Danio rerio OX=7955 GN=si_dkey-211m23.2 PE=1 SV=1, Danio_rerio_tr_C0H5W1_C0H5W1_DANRE tr|C0H5W1|C0H5W1_DANRE Collagen alpha-1_XXVIII_ chain isoform X1 _Fragment_ OS=Danio rerio OX=7955 GN=col28a1 PE=1 SV=1, Danio_rerio_tr_A0A060Q6E4_A0A060Q6E4_DANRE tr|A0A060Q6E4|A0A060Q6E4_DANRE Collagen type XXVIII alpha 1 b OS=Danio rerio OX=7955 GN=col28a1d PE=2 SV=1	Schmidtea_mediterranea_maker-scaffold18765-snap-gene-0.24-mRNA-1 maker-scaffold18765-snap-gene-0.24-mRNA-1 protein AED_0.03 eAED_0.03 QI_51|0.77|0.8|1|0.44|0.9|10|0|608
OG0000009	Danio_rerio_tr_F1REM3_F1REM3_DANRE tr|F1REM3|F1REM3_DANRE Metalloendopeptidase OS=Danio rerio OX=7955 GN=bmp1a PE=4 SV=2, Danio_rerio_tr_Q2ABP1_Q2ABP1_DANRE tr|Q2ABP1|Q2ABP1_DANRE Metalloendopeptidase OS=Danio rerio OX=7955 GN=bmp1a PE=2 SV=1, Danio_rerio_tr_Q2ABP0_Q2ABP0_DANRE tr|Q2ABP0|Q2ABP0_DANRE Metalloendopeptidase OS=Danio rerio OX=7955 GN=bmp1b PE=2 SV=1, Danio_rerio_sp_O57460_TLL1_DANRE sp|O57460|TLL1_DANRE Dorsal-ventral patterning tolloid-like protein 1 OS=Danio rerio OX=7955 GN=tll1 PE=2 SV=1, Danio_rerio_tr_B3DJN6_B3DJN6_DANRE tr|B3DJN6|B3DJN6_DANRE Metalloendopeptidase OS=Danio rerio OX=7955 GN=tll1 PE=2 SV=1	Schmidtea_mediterranea_maker-scaffold7935-augustus-gene-0.39-mRNA-1 maker-scaffold7935-augustus-gene-0.39-mRNA-1 protein AED_0.10 eAED_0.10 QI_422|1|1|1|0.35|0.72|18|100|1068
OG0000011	Danio_rerio_sp_Q7SXB3_P3IP1_DANRE sp|Q7SXB3|P3IP1_DANRE Phosphoinositide-3-kinase-interacting protein 1 OS=Danio rerio OX=7955 GN=pik3ip1 PE=2 SV=1	Schmidtea_mediterranea_maker-scaffold38856-snap-gene-0.6-mRNA-1 maker-scaffold38856-snap-gene-0.6-mRNA-1 protein AED_0.63 eAED_0.63 QI_0|0|0|0.22|0.87|0.77|9|0|308, Schmidtea_mediterranea_maker-scaffold10310-snap-gene-1.61-mRNA-1 maker-scaffold10310-snap-gene-1.61-mRNA-1 protein AED_0.30 eAED_0.30 QI_0|0.25|0.11|0.33|0.75|0.77|9|0|282, Schmidtea_mediterranea_maker-scaffold4033-augustus-gene-0.25-mRNA-1 maker-scaffold4033-augustus-gene-0.25-mRNA-1 protein AED_0.00 eAED_0.00 QI_9|1|1|1|1|1|2|226|126, Schmidtea_mediterranea_maker-scaffold4033-augustus-gene-0.26-mRNA-1 maker-scaffold4033-augustus-gene-0.26-mRNA-1 protein AED_0.00 eAED_0.00 QI_129|1|1|1|0.8|0.83|6|175|1066, Schmidtea_mediterranea_maker-scaffold17852-augustus-gene-0.23-mRNA-1 maker-scaffold17852-augustus-gene-0.23-mRNA-1 protein AED_0.15 eAED_0.15 QI_247|0.5|0.57|0.85|1|1|7|0|1961, Schmidtea_mediterranea_maker-scaffold4616-augustus-gene-0.53-mRNA-1 maker-scaffold4616-augustus-gene-0.53-mRNA-1 protein AED_0.02 eAED_0.02 QI_32|1|1|1|0.75|0.8|5|377|337, Schmidtea_mediterranea_maker-scaffold4616-augustus-gene-0.55-mRNA-1 maker-scaffold4616-augustus-gene-0.55-mRNA-1 protein AED_0.01 eAED_0.01 QI_0|1|0.66|1|0.4|0.66|6|0|1072, Schmidtea_mediterranea_maker-scaffold13577-augustus-gene-0.28-mRNA-1 maker-scaffold13577-augustus-gene-0.28-mRNA-1 protein AED_0.05 eAED_0.07 QI_0|1|0.75|1|0.33|0.5|4|190|996, Schmidtea_mediterranea_maker-scaffold2018-augustus-gene-0.21-mRNA-1 maker-scaffold2018-augustus-gene-0.21-mRNA-1 protein AED_0.09 eAED_0.17 QI_0|0.6|0.33|1|0.6|0.66|6|0|968, Schmidtea_mediterranea_maker-scaffold4616-augustus-gene-0.54-mRNA-1 maker-scaffold4616-augustus-gene-0.54-mRNA-1 protein AED_0.00 eAED_0.00 QI_29|1|1|1|0.8|0.66|6|18|1063, Schmidtea_mediterranea_maker-scaffold4033-snap-gene-0.27-mRNA-1 maker-scaffold4033-snap-gene-0.27-mRNA-1 protein AED_0.01 eAED_0.01 QI_0|0.75|0.4|0.8|0.25|0.2|5|0|237, Schmidtea_mediterranea_maker-scaffold4363-snap-gene-0.36-mRNA-1 maker-scaffold4363-snap-gene-0.36-mRNA-1 protein AED_0.86 eAED_0.87 QI_8|0|0|0.25|0|0|4|0|292, Schmidtea_mediterranea_maker-scaffold392-augustus-gene-1.29-mRNA-1 maker-scaffold392-augustus-gene-1.29-mRNA-1 protein AED_0.01 eAED_0.01 QI_0|0.66|0.5|0.75|0.66|0.75|4|1444|178
OG0000012	Danio_rerio_tr_E7F9Z1_E7F9Z1_DANRE tr|E7F9Z1|E7F9Z1_DANRE von Willebrand factor OS=Danio rerio OX=7955 GN=VWF PE=1 SV=3	Schmidtea_mediterranea_maker-scaffold15036-snap-gene-0.26-mRNA-1 maker-scaffold15036-snap-gene-0.26-mRNA-1 protein AED_0.06 eAED_0.06 QI_0|0.83|0.83|0.96|0.53|0.58|31|0|1798
OG0000013	Danio_rerio_tr_A5WVL3_A5WVL3_DANRE tr|A5WVL3|A5WVL3_DANRE Protein Wnt OS=Danio rerio OX=7955 GN=zgc_77293 PE=3 SV=1	Schmidtea_mediterranea_maker-scaffold1075-snap-gene-0.46-mRNA-1 maker-scaffold1075-snap-gene-0.46-mRNA-1 protein AED_0.12 eAED_0.12 QI_109|0.66|0.42|1|0.33|0|7|0|511, Schmidtea_mediterranea_maker-scaffold4491-snap-gene-0.19-mRNA-1 maker-scaffold4491-snap-gene-0.19-mRNA-1 protein AED_0.08 eAED_0.08 QI_0|0|0|0.5|0.2|0.16|6|0|372, Schmidtea_mediterranea_maker-scaffold14654-snap-gene-0.26-mRNA-1 maker-scaffold14654-snap-gene-0.26-mRNA-1 protein AED_0.15 eAED_0.15 QI_0|0|0|0.33|0.8|0.83|6|0|309, Schmidtea_mediterranea_maker-scaffold24568-augustus-gene-0.47-mRNA-1 maker-scaffold24568-augustus-gene-0.47-mRNA-1 protein AED_0.00 eAED_0.00 QI_16|1|1|1|0.5|0.33|3|124|372
OG0000013	Danio_rerio_sp_Q92050_WNT5B_DANRE sp|Q92050|WNT5B_DANRE Protein Wnt-5b OS=Danio rerio OX=7955 GN=wnt5b PE=2 SV=1, Danio_rerio_tr_B3DI33_B3DI33_DANRE tr|B3DI33|B3DI33_DANRE Protein Wnt OS=Danio rerio OX=7955 GN=wnt5b PE=2 SV=1, Danio_rerio_tr_A1BPR0_A1BPR0_DANRE tr|A1BPR0|A1BPR0_DANRE Protein Wnt OS=Danio rerio OX=7955 GN=wnt5a PE=2 SV=1	Schmidtea_mediterranea_maker-scaffold4184-snap-gene-0.24-mRNA-1 maker-scaffold4184-snap-gene-0.24-mRNA-1 protein AED_0.05 eAED_0.05 QI_0|0|0|0.5|0.6|0.5|6|0|427
OG0000013	Danio_rerio_tr_Q4JLT0_Q4JLT0_DANRE tr|Q4JLT0|Q4JLT0_DANRE Protein Wnt OS=Danio rerio OX=7955 GN=wnt7a PE=2 SV=1, Danio_rerio_tr_F1Q5B7_F1Q5B7_DANRE tr|F1Q5B7|F1Q5B7_DANRE Protein Wnt OS=Danio rerio OX=7955 GN=wnt7ba PE=3 SV=1, Danio_rerio_sp_Q92048_WNT2_DANRE sp|Q92048|WNT2_DANRE Protein Wnt-2 OS=Danio rerio OX=7955 GN=wnt2 PE=2 SV=1, Danio_rerio_tr_Q8AY89_Q8AY89_DANRE tr|Q8AY89|Q8AY89_DANRE Protein Wnt OS=Danio rerio OX=7955 GN=wnt2b PE=2 SV=1, Danio_rerio_tr_Q1L130_Q1L130_DANRE tr|Q1L130|Q1L130_DANRE Protein Wnt OS=Danio rerio OX=7955 GN=wnt2bb PE=2 SV=1	Schmidtea_mediterranea_maker-scaffold5858-augustus-gene-1.57-mRNA-1 maker-scaffold5858-augustus-gene-1.57-mRNA-1 protein AED_0.19 eAED_0.19 QI_722|0.83|0.85|0.85|0.16|0.71|7|0|346
OG0000014	Danio_rerio_tr_G3G3K0_G3G3K0_DANRE tr|G3G3K0|G3G3K0_DANRE A disintegrin and metalloproteinase with thrombospondin motifs 9 OS=Danio rerio OX=7955 GN=adamts9 PE=2 SV=1	Schmidtea_mediterranea_maker-scaffold35401-snap-gene-0.54-mRNA-1 maker-scaffold35401-snap-gene-0.54-mRNA-1 protein AED_0.10 eAED_0.10 QI_27|0.84|0.84|1|0.36|0.65|26|101|1154
OG0000015	Danio_rerio_tr_Q98SS0_Q98SS0_DANRE tr|Q98SS0|Q98SS0_DANRE Egg envelope protein ZP2 OS=Danio rerio OX=7955 GN=zp2 PE=1 SV=1, Danio_rerio_tr_F1QUS3_F1QUS3_DANRE tr|F1QUS3|F1QUS3_DANRE Zona pellucida glycoprotein 2_ tandem duplicate 5 OS=Danio rerio OX=7955 GN=zgc_152728 PE=4 SV=1, Danio_rerio_tr_F1QMZ0_F1QMZ0_DANRE tr|F1QMZ0|F1QMZ0_DANRE Zona pellucida glycoprotein 2_ tandem duplicate 3 OS=Danio rerio OX=7955 GN=zp2 PE=4 SV=1, Danio_rerio_tr_F1R003_F1R003_DANRE tr|F1R003|F1R003_DANRE Zona pellucida glycoprotein 2_ tandem duplicate 1 OS=Danio rerio OX=7955 GN=zgc_114013 PE=4 SV=1	Schmidtea_mediterranea_maker-scaffold10441-augustus-gene-0.20-mRNA-1 maker-scaffold10441-augustus-gene-0.20-mRNA-1 protein AED_0.05 eAED_0.05 QI_412|0.71|0.75|1|0.14|0.25|8|123|290
OG0000018	Danio_rerio_tr_Q2PS19_Q2PS19_DANRE tr|Q2PS19|Q2PS19_DANRE Lysyl oxidase homolog OS=Danio rerio OX=7955 GN=si_ch211-238c15.1 PE=2 SV=1, Danio_rerio_tr_Q6NYT8_Q6NYT8_DANRE tr|Q6NYT8|Q6NYT8_DANRE Lysyl oxidase homolog OS=Danio rerio OX=7955 GN=zgc_77447 PE=2 SV=1	Schmidtea_mediterranea_maker-scaffold2109-augustus-gene-0.18-mRNA-1 maker-scaffold2109-augustus-gene-0.18-mRNA-1 protein AED_0.33 eAED_0.33 QI_39|0.62|0.66|0.88|0.37|0.66|9|50|645, Schmidtea_mediterranea_maker-scaffold11314-snap-gene-0.19-mRNA-1 maker-scaffold11314-snap-gene-0.19-mRNA-1 protein AED_0.45 eAED_0.50 QI_0|0|0|0.5|0|0|2|0|360, Schmidtea_mediterranea_maker-scaffold11314-snap-gene-0.20-mRNA-1 maker-scaffold11314-snap-gene-0.20-mRNA-1 protein AED_0.45 eAED_0.50 QI_0|0|0|0.5|1|1|2|0|360
OG0000019	Danio_rerio_tr_Q68IN2_Q68IN2_DANRE tr|Q68IN2|Q68IN2_DANRE Growth/differentiation factor 8 OS=Danio rerio OX=7955 GN=gdf8l PE=2 SV=1, Danio_rerio_sp_O42222_GDF8_DANRE sp|O42222|GDF8_DANRE Growth/differentiation factor 8 OS=Danio rerio OX=7955 GN=mstnb PE=2 SV=2, Danio_rerio_tr_Q8JFP9_Q8JFP9_DANRE tr|Q8JFP9|Q8JFP9_DANRE Gdf11-like OS=Danio rerio OX=7955 GN=gdf11 PE=2 SV=2, Danio_rerio_tr_A1L1T8_A1L1T8_DANRE tr|A1L1T8|A1L1T8_DANRE Inhibin beta A chain precursor OS=Danio rerio OX=7955 GN=inhbal PE=2 SV=1, Danio_rerio_tr_Q8QGE3_Q8QGE3_DANRE tr|Q8QGE3|Q8QGE3_DANRE Activin beta A subunit OS=Danio rerio OX=7955 GN=wu_fk40h12 PE=2 SV=1, Danio_rerio_tr_Q90261_Q90261_DANRE tr|Q90261|Q90261_DANRE Inhibin beta B chain OS=Danio rerio OX=7955 GN=ZactbetaB PE=2 SV=1, Danio_rerio_tr_B0S7E0_B0S7E0_DANRE tr|B0S7E0|B0S7E0_DANRE Inhibin beta B chain OS=Danio rerio OX=7955 GN=actbb PE=2 SV=1	Schmidtea_mediterranea_maker-scaffold6043-augustus-gene-0.26-mRNA-1 maker-scaffold6043-augustus-gene-0.26-mRNA-1 protein AED_0.00 eAED_0.00 QI_219|1|1|1|0.33|0.75|4|544|374, Schmidtea_mediterranea_maker-scaffold8614-snap-gene-1.51-mRNA-1 maker-scaffold8614-snap-gene-1.51-mRNA-1 protein AED_0.33 eAED_0.34 QI_0|0.66|0.75|1|0|0.25|4|201|247
OG0000019	Danio_rerio_tr_Q1LWW7_Q1LWW7_DANRE tr|Q1LWW7|Q1LWW7_DANRE Bone morphogenetic protein 8A OS=Danio rerio OX=7955 GN=bmp8 PE=3 SV=1, Danio_rerio_tr_Q7T288_Q7T288_DANRE tr|Q7T288|Q7T288_DANRE Bone morphogenetic protein 5 OS=Danio rerio OX=7955 GN=bmp5l PE=2 SV=1, Danio_rerio_tr_Q5CZV5_Q5CZV5_DANRE tr|Q5CZV5|Q5CZV5_DANRE Bmp6 protein OS=Danio rerio OX=7955 GN=zgc_113595 PE=2 SV=1, Danio_rerio_tr_Q9PTF9_Q9PTF9_DANRE tr|Q9PTF9|Q9PTF9_DANRE Bone morphogenetic protein 7 OS=Danio rerio OX=7955 GN=Bmp7 PE=2 SV=1, Danio_rerio_tr_Q08CJ5_Q08CJ5_DANRE tr|Q08CJ5|Q08CJ5_DANRE Bone morphogenetic protein 7 OS=Danio rerio OX=7955 GN=zgc_153025 PE=2 SV=1, Danio_rerio_tr_F1QD07_F1QD07_DANRE tr|F1QD07|F1QD07_DANRE Bone morphogenetic protein 7 isoform X1 OS=Danio rerio OX=7955 GN=zgc_153025 PE=3 SV=1, Danio_rerio_tr_O57574_O57574_DANRE tr|O57574|O57574_DANRE Bone genetic protein 4 OS=Danio rerio OX=7955 GN=zBMP-4 PE=2 SV=1, Danio_rerio_tr_O13109_O13109_DANRE tr|O13109|O13109_DANRE BMP2 OS=Danio rerio OX=7955 GN=BMP2 PE=2 SV=1, Danio_rerio_tr_O93369_O93369_DANRE tr|O93369|O93369_DANRE Bone morphogenetic protein 2 OS=Danio rerio OX=7955 GN=BMP2b PE=2 SV=1, Danio_rerio_sp_A8E7N9_GDF6B_DANRE sp|A8E7N9|GDF6B_DANRE Growth/differentiation factor 6-B OS=Danio rerio OX=7955 GN=gdf6b PE=2 SV=1, Danio_rerio_sp_P85857_GDF6A_DANRE sp|P85857|GDF6A_DANRE Growth/differentiation factor 6-A OS=Danio rerio OX=7955 GN=gdf6a PE=1 SV=1, Danio_rerio_tr_F1QK08_F1QK08_DANRE tr|F1QK08|F1QK08_DANRE Growth differentiation factor 5 OS=Danio rerio OX=7955 GN=gdf5 PE=3 SV=1, Danio_rerio_tr_A0JML2_A0JML2_DANRE tr|A0JML2|A0JML2_DANRE Bone morphogenetic protein 3 OS=Danio rerio OX=7955 GN=zgc_153939 PE=2 SV=1, Danio_rerio_tr_D2CN89_D2CN89_DANRE tr|D2CN89|D2CN89_DANRE BMP3b OS=Danio rerio OX=7955 GN=bmp3b PE=2 SV=1, Danio_rerio_tr_B8A5X9_B8A5X9_DANRE tr|B8A5X9|B8A5X9_DANRE Growth differentiation factor 10a OS=Danio rerio OX=7955 GN=gdf10a PE=3 SV=1, Danio_rerio_sp_P35621_DVR1_DANRE sp|P35621|DVR1_DANRE Protein DVR-1 OS=Danio rerio OX=7955 GN=dvr1 PE=2 SV=1, Danio_rerio_tr_Q58FS4_Q58FS4_DANRE tr|Q58FS4|Q58FS4_DANRE Bone morphogenetic protein 15 precursor OS=Danio rerio OX=7955 GN=wu_fi35a05 PE=2 SV=1, Danio_rerio_tr_Q5MD90_Q5MD90_DANRE tr|Q5MD90|Q5MD90_DANRE Growth and differentiation factor 9 OS=Danio rerio OX=7955 GN=zgc_123030 PE=2 SV=1, Danio_rerio_tr_A2BGK2_A2BGK2_DANRE tr|A2BGK2|A2BGK2_DANRE Bone morphogenetic protein 10 OS=Danio rerio OX=7955 GN=si_dkey-13n15.5 PE=2 SV=1, Danio_rerio_sp_F1QWZ4_GDF2_DANRE sp|F1QWZ4|GDF2_DANRE Growth/differentiation factor 2 OS=Danio rerio OX=7955 GN=gdf2 PE=2 SV=1, Danio_rerio_tr_P87358_P87358_DANRE tr|P87358|P87358_DANRE Cyclops OS=Danio rerio OX=7955 GN=Znr-1 PE=2 SV=2, Danio_rerio_tr_O13144_O13144_DANRE tr|O13144|O13144_DANRE Nodal-related 1 OS=Danio rerio OX=7955 GN=CHUNP6892 PE=2 SV=3	Schmidtea_mediterranea_maker-scaffold34701-augustus-gene-0.6-mRNA-1 maker-scaffold34701-augustus-gene-0.6-mRNA-1 protein AED_0.00 eAED_0.00 QI_51|1|1|1|1|1|2|116|143, Schmidtea_mediterranea_maker-scaffold4731-augustus-gene-0.23-mRNA-1 maker-scaffold4731-augustus-gene-0.23-mRNA-1 protein AED_0.40 eAED_0.40 QI_0|0.14|0.12|0.25|1|1|8|64|556, Schmidtea_mediterranea_maker-scaffold34701-augustus-gene-0.5-mRNA-1 maker-scaffold34701-augustus-gene-0.5-mRNA-1 protein AED_0.05 eAED_0.05 QI_0|0.5|0.33|0.66|1|0.66|3|116|165, Schmidtea_mediterranea_maker-scaffold2542-augustus-gene-0.6-mRNA-1 maker-scaffold2542-augustus-gene-0.6-mRNA-1 protein AED_0.24 eAED_0.24 QI_0|0.5|0.33|0.66|1|1|3|116|310
OG0000020	Danio_rerio_tr_F1R5X4_F1R5X4_DANRE tr|F1R5X4|F1R5X4_DANRE Collagen alpha-2_XI_ chain isoform X6 OS=Danio rerio OX=7955 GN=col11a1 PE=1 SV=2, Danio_rerio_tr_A0A8M1P8Y1_A0A8M1P8Y1_DANRE tr|A0A8M1P8Y1|A0A8M1P8Y1_DANRE Collagen alpha-2_XI_ chain isoform 2 precursor OS=Danio rerio OX=7955 GN=col11a1 PE=1 SV=1, Danio_rerio_tr_A0A8M1NB54_A0A8M1NB54_DANRE tr|A0A8M1NB54|A0A8M1NB54_DANRE Collagen alpha-2_XI_ chain isoform 1 precursor OS=Danio rerio OX=7955 GN=col11a1 PE=1 SV=1, Danio_rerio_tr_D6MUD3_D6MUD3_DANRE tr|D6MUD3|D6MUD3_DANRE Collagen alpha-1_XI_ chain OS=Danio rerio OX=7955 GN=COL11A1b PE=2 SV=1, Danio_rerio_tr_F1QSJ2_F1QSJ2_DANRE tr|F1QSJ2|F1QSJ2_DANRE Collagen alpha-1_XI_ chain isoform X2 OS=Danio rerio OX=7955 GN=wu_fb34e11 PE=1 SV=2, Danio_rerio_tr_A2RUX5_A2RUX5_DANRE tr|A2RUX5|A2RUX5_DANRE Collagen alpha-1_XI_ chain OS=Danio rerio OX=7955 GN=zgc_158335 PE=1 SV=1, Danio_rerio_tr_D6MUD6_D6MUD6_DANRE tr|D6MUD6|D6MUD6_DANRE Collagen alpha-3_V_ chain precursor OS=Danio rerio OX=7955 GN=COL5A3a PE=1 SV=1, Danio_rerio_tr_D6MUD7_D6MUD7_DANRE tr|D6MUD7|D6MUD7_DANRE Collagen type V alpha-3b OS=Danio rerio OX=7955 GN=COL5A3b PE=1 SV=1, Danio_rerio_tr_Q2LDA1_Q2LDA1_DANRE tr|Q2LDA1|Q2LDA1_DANRE Collagen alpha-1_II_ chain precursor OS=Danio rerio OX=7955 GN=col2a1 PE=1 SV=1, Danio_rerio_tr_B3DLK0_B3DLK0_DANRE tr|B3DLK0|B3DLK0_DANRE Col2a1a protein OS=Danio rerio OX=7955 GN=col2a1 PE=1 SV=1, Danio_rerio_tr_L0S5L0_L0S5L0_DANRE tr|L0S5L0|L0S5L0_DANRE Collagen type II_ alpha-1b OS=Danio rerio OX=7955 GN=im_6788778 PE=2 SV=1, Danio_rerio_tr_Q6PEI9_Q6PEI9_DANRE tr|Q6PEI9|Q6PEI9_DANRE Collagen_ type I_ alpha 1b precursor OS=Danio rerio OX=7955 GN=col1a3 PE=1 SV=1, Danio_rerio_tr_Q6U1J5_Q6U1J5_DANRE tr|Q6U1J5|Q6U1J5_DANRE Chihuahua OS=Danio rerio OX=7955 GN=chi PE=1 SV=1, Danio_rerio_tr_Q6IQX2_Q6IQX2_DANRE tr|Q6IQX2|Q6IQX2_DANRE Collagen alpha-2_I_ chain precursor OS=Danio rerio OX=7955 GN=alpha2_I_ PE=1 SV=1, Danio_rerio_tr_E7FE47_E7FE47_DANRE tr|E7FE47|E7FE47_DANRE Collagen alpha-2_V_ chain OS=Danio rerio OX=7955 GN=col5a2b PE=4 SV=1	Schmidtea_mediterranea_maker-scaffold19303-augustus-gene-0.58-mRNA-1 maker-scaffold19303-augustus-gene-0.58-mRNA-1 protein AED_0.22 eAED_0.31 QI_0|0.74|0.78|1|0.77|0.85|28|191|2030
OG0000020	Danio_rerio_sp_C7DZK3_CRA1A_DANRE sp|C7DZK3|CRA1A_DANRE Collagen alpha-1_XXVII_ chain A OS=Danio rerio OX=7955 GN=col27a1a PE=2 SV=1, Danio_rerio_sp_A0MSJ1_CRA1B_DANRE sp|A0MSJ1|CRA1B_DANRE Collagen alpha-1_XXVII_ chain B OS=Danio rerio OX=7955 GN=col27a1b PE=2 SV=1	Schmidtea_mediterranea_augustus_masked-scaffold13202-processed-gene-0.4-mRNA-1 augustus_masked-scaffold13202-processed-gene-0.4-mRNA-1 protein AED_0.12 eAED_0.12 QI_0|0|0|0.9|1|1|20|0|2163, Schmidtea_mediterranea_maker-scaffold10673-snap-gene-0.70-mRNA-1 maker-scaffold10673-snap-gene-0.70-mRNA-1 protein AED_0.27 eAED_0.27 QI_0|0.35|0.47|1|0.65|0.80|21|0|2053
OG0000021	Danio_rerio_tr_Q6VQA2_Q6VQA2_DANRE tr|Q6VQA2|Q6VQA2_DANRE Pro-epidermal growth factor OS=Danio rerio OX=7955 GN=egf PE=2 SV=1	Schmidtea_mediterranea_maker-scaffold5879-augustus-gene-0.28-mRNA-1 maker-scaffold5879-augustus-gene-0.28-mRNA-1 protein AED_0.28 eAED_0.28 QI_330|0.33|0.5|0.9|0.22|0.5|10|395|587, Schmidtea_mediterranea_maker-scaffold19113-snap-gene-0.19-mRNA-1 maker-scaffold19113-snap-gene-0.19-mRNA-1 protein AED_0.15 eAED_0.15 QI_40|0.71|0.75|0.87|0.57|0.75|8|183|628
OG0000022	Danio_rerio_tr_Q6PHG3_Q6PHG3_DANRE tr|Q6PHG3|Q6PHG3_DANRE Annexin OS=Danio rerio OX=7955 GN=wu_fb40a08 PE=1 SV=1, Danio_rerio_tr_Q4VBH6_Q4VBH6_DANRE tr|Q4VBH6|Q4VBH6_DANRE Annexin OS=Danio rerio OX=7955 GN=anxa13l PE=1 SV=1	Schmidtea_mediterranea_maker-scaffold17507-augustus-gene-0.9-mRNA-1 maker-scaffold17507-augustus-gene-0.9-mRNA-1 protein AED_0.22 eAED_0.22 QI_471|1|1|1|0.5|0.55|9|69|339, Schmidtea_mediterranea_snap_masked-scaffold46263-processed-gene-0.1-mRNA-1 snap_masked-scaffold46263-processed-gene-0.1-mRNA-1 protein AED_0.25 eAED_0.25 QI_0|0|0|1|1|1|4|0|149, Schmidtea_mediterranea_maker-scaffold1449-augustus-gene-0.17-mRNA-1 maker-scaffold1449-augustus-gene-0.17-mRNA-1 protein AED_0.20 eAED_0.20 QI_63|0.52|0.55|0.83|0.76|0.66|18|0|1431
OG0000028	Danio_rerio_tr_X1WFR7_X1WFR7_DANRE tr|X1WFR7|X1WFR7_DANRE Collagen alpha-4_IV_ chain OS=Danio rerio OX=7955 GN=col4a4 PE=4 SV=1	Schmidtea_mediterranea_maker-scaffold11455-augustus-gene-0.21-mRNA-1 maker-scaffold11455-augustus-gene-0.21-mRNA-1 protein AED_0.05 eAED_0.08 QI_0|0|0|1|1|1|2|0|135, Schmidtea_mediterranea_maker-scaffold17765-snap-gene-0.7-mRNA-1 maker-scaffold17765-snap-gene-0.7-mRNA-1 protein AED_0.08 eAED_0.08 QI_46|0.92|0.89|0.96|0.96|0.96|29|0|1699, Schmidtea_mediterranea_maker-scaffold7038-augustus-gene-0.53-mRNA-1 maker-scaffold7038-augustus-gene-0.53-mRNA-1 protein AED_0.08 eAED_0.08 QI_168|0.93|0.86|1|1|1|30|0|2199, Schmidtea_mediterranea_maker-scaffold1323-snap-gene-0.42-mRNA-1 maker-scaffold1323-snap-gene-0.42-mRNA-1 protein AED_0.11 eAED_0.13 QI_0|0.91|0.88|1|0.88|0.94|36|391|2129, Schmidtea_mediterranea_maker-scaffold32825-augustus-gene-0.19-mRNA-1 maker-scaffold32825-augustus-gene-0.19-mRNA-1 protein AED_0.05 eAED_0.05 QI_61|0.92|0.96|0.96|0.96|0.96|27|28|1813
OG0000030	Danio_rerio_tr_Q6PFU9_Q6PFU9_DANRE tr|Q6PFU9|Q6PFU9_DANRE A disintegrin and metalloproteinase domain 17a OS=Danio rerio OX=7955 GN=fc20b01 PE=2 SV=1, Danio_rerio_tr_U3JAD1_U3JAD1_DANRE tr|U3JAD1|U3JAD1_DANRE ADAM metallopeptidase domain 17b OS=Danio rerio OX=7955 GN=adam17b PE=4 SV=1	Schmidtea_mediterranea_maker-scaffold6061-augustus-gene-1.43-mRNA-1 maker-scaffold6061-augustus-gene-1.43-mRNA-1 protein AED_0.27 eAED_0.28 QI_0|0.64|0.61|0.94|0.58|0.88|18|137|784
OG0000030	Danio_rerio_tr_F1RA88_F1RA88_DANRE tr|F1RA88|F1RA88_DANRE ADAM metallopeptidase domain 10a OS=Danio rerio OX=7955 GN=adam10 PE=1 SV=3, Danio_rerio_tr_A0A0R4IVX1_A0A0R4IVX1_DANRE tr|A0A0R4IVX1|A0A0R4IVX1_DANRE ADAM metallopeptidase domain 10a OS=Danio rerio OX=7955 GN=adam10 PE=1 SV=2	Schmidtea_mediterranea_maker-scaffold4771-augustus-gene-0.17-mRNA-1 maker-scaffold4771-augustus-gene-0.17-mRNA-1 protein AED_0.15 eAED_0.19 QI_0|0|0|0.83|0.8|1|6|0|430
OG0000040	Danio_rerio_tr_B0V1B1_B0V1B1_DANRE tr|B0V1B1|B0V1B1_DANRE Kazal-type serine peptidase inhibitor domain 3 OS=Danio rerio OX=7955 GN=im_7144240 PE=4 SV=1, Danio_rerio_tr_Q6NW92_Q6NW92_DANRE tr|Q6NW92|Q6NW92_DANRE Insulin-like growth factor-binding protein 7 precursor OS=Danio rerio OX=7955 GN=zgc_85888 PE=1 SV=1	Schmidtea_mediterranea_maker-scaffold2624-snap-gene-0.62-mRNA-1 maker-scaffold2624-snap-gene-0.62-mRNA-1 protein AED_0.00 eAED_0.00 QI_163|1|1|1|1|1|3|260|253
OG0000045	Danio_rerio_tr_Q45H72_Q45H72_DANRE tr|Q45H72|Q45H72_DANRE Laminin alpha 1 OS=Danio rerio OX=7955 GN=lama1 PE=1 SV=1	Schmidtea_mediterranea_maker-scaffold2580-snap-gene-1.69-mRNA-1 maker-scaffold2580-snap-gene-1.69-mRNA-1 protein AED_0.06 eAED_0.08 QI_112|0.76|0.75|0.96|0.48|0.73|53|0|2966
OG0000048	Danio_rerio_tr_Q6DBT8_Q6DBT8_DANRE tr|Q6DBT8|Q6DBT8_DANRE Aspn protein _Fragment_ OS=Danio rerio OX=7955 GN=aspn PE=2 SV=1, Danio_rerio_tr_Q1LXA7_Q1LXA7_DANRE tr|Q1LXA7|Q1LXA7_DANRE Asporin _LRR class 1_ OS=Danio rerio OX=7955 GN=aspnl PE=3 SV=1, Danio_rerio_tr_Q803T1_Q803T1_DANRE tr|Q803T1|Q803T1_DANRE Decorin OS=Danio rerio OX=7955 GN=decorin PE=1 SV=1, Danio_rerio_tr_B7ZDB5_B7ZDB5_DANRE tr|B7ZDB5|B7ZDB5_DANRE Biglycan OS=Danio rerio OX=7955 GN=bgn PE=1 SV=1, Danio_rerio_tr_Q6GMI5_Q6GMI5_DANRE tr|Q6GMI5|Q6GMI5_DANRE Biglycan OS=Danio rerio OX=7955 GN=bgn PE=2 SV=1, Danio_rerio_tr_Q4V9E0_Q4V9E0_DANRE tr|Q4V9E0|Q4V9E0_DANRE Fibromodulin-like precursor OS=Danio rerio OX=7955 GN=zgc_113456 PE=2 SV=1, Danio_rerio_tr_A0A8M1PS86_A0A8M1PS86_DANRE tr|A0A8M1PS86|A0A8M1PS86_DANRE Fibromodulin OS=Danio rerio OX=7955 GN=fmodb PE=1 SV=1, Danio_rerio_tr_Q6IQQ7_Q6IQQ7_DANRE tr|Q6IQQ7|Q6IQQ7_DANRE Lumican OS=Danio rerio OX=7955 GN=Lum PE=1 SV=1, Danio_rerio_tr_F6NL91_F6NL91_DANRE tr|F6NL91|F6NL91_DANRE Osteomodulin OS=Danio rerio OX=7955 GN=omd PE=4 SV=1, Danio_rerio_sp_Q5RI43_KERA_DANRE sp|Q5RI43|KERA_DANRE Keratocan OS=Danio rerio OX=7955 GN=kera PE=1 SV=1, Danio_rerio_tr_F1QY29_F1QY29_DANRE tr|F1QY29|F1QY29_DANRE Prolargin OS=Danio rerio OX=7955 GN=prelp PE=1 SV=1, Danio_rerio_tr_F1R2S9_F1R2S9_DANRE tr|F1R2S9|F1R2S9_DANRE Extracellular matrix protein 2 OS=Danio rerio OX=7955 GN=ecm2 PE=4 SV=1	Schmidtea_mediterranea_maker-scaffold10901-augustus-gene-0.37-mRNA-1 maker-scaffold10901-augustus-gene-0.37-mRNA-1 protein AED_0.05 eAED_0.05 QI_126|1|1|1|0.66|0.57|7|1281|732
OG0000064	Danio_rerio_tr_F1QFX6_F1QFX6_DANRE tr|F1QFX6|F1QFX6_DANRE Latent transforming growth factor beta binding protein 3 OS=Danio rerio OX=7955 GN=ltbp3 PE=2 SV=2	Schmidtea_mediterranea_maker-scaffold2473-augustus-gene-0.58-mRNA-1 maker-scaffold2473-augustus-gene-0.58-mRNA-1 protein AED_0.13 eAED_0.13 QI_0|0.66|0.25|1|0.33|0.5|4|0|143
OG0000074	Danio_rerio_tr_Q9DE36_Q9DE36_DANRE tr|Q9DE36|Q9DE36_DANRE Slit homolog 2 protein precursor OS=Danio rerio OX=7955 GN=slit2 PE=1 SV=1, Danio_rerio_tr_F1RCV3_F1RCV3_DANRE tr|F1RCV3|F1RCV3_DANRE Slit homolog 3 _Drosophila_ OS=Danio rerio OX=7955 GN=zgc_111911 PE=1 SV=1, Danio_rerio_tr_Q3Y6S4_Q3Y6S4_DANRE tr|Q3Y6S4|Q3Y6S4_DANRE Slit homolog 1b precursor OS=Danio rerio OX=7955 GN=slit1b PE=2 SV=1, Danio_rerio_tr_A0A0R4IU60_A0A0R4IU60_DANRE tr|A0A0R4IU60|A0A0R4IU60_DANRE Slit homolog 1b _Drosophila_ OS=Danio rerio OX=7955 GN=slit1b PE=4 SV=1, Danio_rerio_tr_Q3S2J2_Q3S2J2_DANRE tr|Q3S2J2|Q3S2J2_DANRE Slit homolog 1 protein precursor OS=Danio rerio OX=7955 GN=slit1a PE=1 SV=1	Schmidtea_mediterranea_maker-scaffold388-augustus-gene-4.45-mRNA-1 maker-scaffold388-augustus-gene-4.45-mRNA-1 protein AED_0.03 eAED_0.03 QI_1337|1|1|1|0.30|0.40|27|353|1205
OG0000080	Danio_rerio_tr_Q7SZM6_Q7SZM6_DANRE tr|Q7SZM6|Q7SZM6_DANRE Metalloproteinase inhibitor 2 precursor OS=Danio rerio OX=7955 GN=etID32613.12 PE=2 SV=1, Danio_rerio_tr_Q6NUX9_Q6NUX9_DANRE tr|Q6NUX9|Q6NUX9_DANRE TIMP metallopeptidase inhibitor 2b OS=Danio rerio OX=7955 GN=timp2l PE=2 SV=1, Danio_rerio_tr_A0A0R4IT47_A0A0R4IT47_DANRE tr|A0A0R4IT47|A0A0R4IT47_DANRE TIMP metallopeptidase inhibitor 4_ tandem duplicate 3 OS=Danio rerio OX=7955 GN=timp4 PE=3 SV=1	Schmidtea_mediterranea_maker-scaffold16385-augustus-gene-0.38-mRNA-1 maker-scaffold16385-augustus-gene-0.38-mRNA-1 protein AED_0.00 eAED_0.00 QI_443|1|1|1|0|0.33|3|35|141, Schmidtea_mediterranea_maker-scaffold4907-snap-gene-0.19-mRNA-1 maker-scaffold4907-snap-gene-0.19-mRNA-1 protein AED_0.29 eAED_0.29 QI_0|0.16|0.15|0.26|0.72|0.73|19|700|487
OG0000081	Danio_rerio_sp_Q7SXF6_CREL2_DANRE sp|Q7SXF6|CREL2_DANRE Cysteine-rich with EGF-like domain protein 2 OS=Danio rerio OX=7955 GN=creld2 PE=2 SV=2	Schmidtea_mediterranea_maker-scaffold21973-augustus-gene-0.25-mRNA-1 maker-scaffold21973-augustus-gene-0.25-mRNA-1 protein AED_0.01 eAED_0.02 QI_2|0|0|1|0|0|2|0|715
OG0000088	Danio_rerio_tr_O42111_O42111_DANRE tr|O42111|O42111_DANRE MINDIN1 OS=Danio rerio OX=7955 GN=mindin1 PE=2 SV=1, Danio_rerio_tr_Q0V935_Q0V935_DANRE tr|Q0V935|Q0V935_DANRE Spon2b protein OS=Danio rerio OX=7955 GN=etID309958.14 PE=2 SV=1, Danio_rerio_tr_O42114_O42114_DANRE tr|O42114|O42114_DANRE Spondin-1 OS=Danio rerio OX=7955 GN=cb1051 PE=2 SV=1, Danio_rerio_tr_F1R2Z9_F1R2Z9_DANRE tr|F1R2Z9|F1R2Z9_DANRE Spondin-1 OS=Danio rerio OX=7955 GN=F-spondin2 PE=4 SV=3, Danio_rerio_tr_O42113_O42113_DANRE tr|O42113|O42113_DANRE Spondin-1 OS=Danio rerio OX=7955 GN=F-spondin1 PE=2 SV=1	Schmidtea_mediterranea_maker-scaffold2562-augustus-gene-0.30-mRNA-1 maker-scaffold2562-augustus-gene-0.30-mRNA-1 protein AED_0.31 eAED_0.32 QI_0|1|0.75|1|0.66|0.5|4|179|609, Schmidtea_mediterranea_maker-scaffold2562-snap-gene-0.37-mRNA-1 maker-scaffold2562-snap-gene-0.37-mRNA-1 protein AED_0.07 eAED_0.09 QI_0|0.33|0.14|1|0.66|0.57|7|0|1127, Schmidtea_mediterranea_maker-scaffold2562-snap-gene-0.38-mRNA-1 maker-scaffold2562-snap-gene-0.38-mRNA-1 protein AED_0.62 eAED_0.63 QI_0|0|0|0.16|1|1|6|0|510, Schmidtea_mediterranea_maker-scaffold4198-snap-gene-0.24-mRNA-1 maker-scaffold4198-snap-gene-0.24-mRNA-1 protein AED_0.16 eAED_0.16 QI_0|0.5|0.2|0.8|0.75|0.8|5|0|730
OG0000114	Danio_rerio_tr_X1WCP5_X1WCP5_DANRE tr|X1WCP5|X1WCP5_DANRE Host cell factor 2 OS=Danio rerio OX=7955 GN=si_ch73-376i21.2 PE=4 SV=1	Schmidtea_mediterranea_maker-scaffold3444-snap-gene-0.54-mRNA-1 maker-scaffold3444-snap-gene-0.54-mRNA-1 protein AED_0.20 eAED_0.21 QI_0|0.71|0.62|1|0.71|0.62|8|144|1028
OG0000120	Danio_rerio_tr_Q0JY12_Q0JY12_DANRE tr|Q0JY12|Q0JY12_DANRE Syndecan 4 OS=Danio rerio OX=7955 GN=SDC4 PE=2 SV=1, Danio_rerio_tr_Q66I66_Q66I66_DANRE tr|Q66I66|Q66I66_DANRE Syndecan OS=Danio rerio OX=7955 GN=zgc_103676 PE=2 SV=1, Danio_rerio_tr_F1DFN3_F1DFN3_DANRE tr|F1DFN3|F1DFN3_DANRE Syndecan _Fragment_ OS=Danio rerio OX=7955 GN=sdc3 PE=2 SV=1	Schmidtea_mediterranea_maker-scaffold913-augustus-gene-0.3-mRNA-1 maker-scaffold913-augustus-gene-0.3-mRNA-1 protein AED_0.01 eAED_0.01 QI_1098|1|1|1|0.5|0.33|3|511|65
OG0000141	Danio_rerio_tr_A8WG98_A8WG98_DANRE tr|A8WG98|A8WG98_DANRE WNT1-inducible-signaling pathway protein 1 precursor OS=Danio rerio OX=7955 GN=wisp1b PE=2 SV=1, Danio_rerio_tr_D0E2W1_D0E2W1_DANRE tr|D0E2W1|D0E2W1_DANRE Cellular communication network factor 4a precursor OS=Danio rerio OX=7955 GN=si_ch211-38f10.2 PE=2 SV=1, Danio_rerio_tr_D0E2W2_D0E2W2_DANRE tr|D0E2W2|D0E2W2_DANRE Cellular communication network factor 6 OS=Danio rerio OX=7955 GN=si_dkey-119m7.6 PE=2 SV=1, Danio_rerio_tr_D0E2V9_D0E2V9_DANRE tr|D0E2V9|D0E2V9_DANRE WNT1 inducible signaling pathway protein 2 OS=Danio rerio OX=7955 GN=wisp2 PE=2 SV=1, Danio_rerio_tr_Q5RI33_Q5RI33_DANRE tr|Q5RI33|Q5RI33_DANRE Cellular communication network factor 2a _Fragment_ OS=Danio rerio OX=7955 GN=ctgf PE=2 SV=1, Danio_rerio_tr_A6XA79_A6XA79_DANRE tr|A6XA79|A6XA79_DANRE Cellular communication network factor 2b precursor OS=Danio rerio OX=7955 GN=ctgf PE=2 SV=1, Danio_rerio_tr_A5PN60_A5PN60_DANRE tr|A5PN60|A5PN60_DANRE Cellular communication network factor 2b OS=Danio rerio OX=7955 GN=ctgfb PE=2 SV=1, Danio_rerio_tr_A0A0R4IXA2_A0A0R4IXA2_DANRE tr|A0A0R4IXA2|A0A0R4IXA2_DANRE Cellular communication network factor 1_-like 2 OS=Danio rerio OX=7955 GN=cyr61 PE=3 SV=1, Danio_rerio_tr_Q567G9_Q567G9_DANRE tr|Q567G9|Q567G9_DANRE Cellular communication network factor 1_ like 1 precursor OS=Danio rerio OX=7955 GN=zgc_112060 PE=2 SV=1, Danio_rerio_tr_F1QL10_F1QL10_DANRE tr|F1QL10|F1QL10_DANRE Cellular communication network factor 1 OS=Danio rerio OX=7955 GN=cyr61 PE=3 SV=1	Schmidtea_mediterranea_maker-scaffold11956-snap-gene-0.30-mRNA-1 maker-scaffold11956-snap-gene-0.30-mRNA-1 protein AED_0.14 eAED_0.14 QI_111|0.75|0.8|0.8|0.5|0.6|5|0|273
OG0000156	Danio_rerio_tr_Q7ZTX7_Q7ZTX7_DANRE tr|Q7ZTX7|Q7ZTX7_DANRE Microfibrillar-associated protein 1 OS=Danio rerio OX=7955 GN=zgc_56551 PE=1 SV=1	Schmidtea_mediterranea_maker-scaffold12426-augustus-gene-0.24-mRNA-1 maker-scaffold12426-augustus-gene-0.24-mRNA-1 protein AED_0.01 eAED_0.01 QI_102|1|1|1|0|0|2|41|456
OG0000171	Danio_rerio_sp_Q503I8_NGLY1_DANRE sp|Q503I8|NGLY1_DANRE Peptide-N_4_-_N-acetyl-beta-glucosaminyl_asparagine amidase OS=Danio rerio OX=7955 GN=ngly1 PE=2 SV=1, Danio_rerio_tr_B2GSS9_B2GSS9_DANRE tr|B2GSS9|B2GSS9_DANRE Peptide-N_4_-_N-acetyl-beta-glucosaminyl_asparagine amidase OS=Danio rerio OX=7955 GN=zgc_110561 PE=2 SV=1	Schmidtea_mediterranea_maker-scaffold1856-augustus-gene-1.52-mRNA-1 maker-scaffold1856-augustus-gene-1.52-mRNA-1 protein AED_0.15 eAED_0.15 QI_138|0.5|0.8|0.8|0.5|0.6|5|1177|445
OG0000209	Danio_rerio_sp_Q7SYD9_INT6_DANRE sp|Q7SYD9|INT6_DANRE Integrator complex subunit 6 OS=Danio rerio OX=7955 GN=ints6 PE=2 SV=1	Schmidtea_mediterranea_maker-scaffold5436-augustus-gene-0.16-mRNA-1 maker-scaffold5436-augustus-gene-0.16-mRNA-1 protein AED_0.24 eAED_0.24 QI_406|0.6|0.56|0.68|0.8|0.81|16|0|1330
OG0000248	Danio_rerio_tr_Q1MT36_Q1MT36_DANRE tr|Q1MT36|Q1MT36_DANRE Anosmin 1b OS=Danio rerio OX=7955 GN=anosmin-1b PE=4 SV=1, Danio_rerio_tr_Q9IAR4_Q9IAR4_DANRE tr|Q9IAR4|Q9IAR4_DANRE Anosmin-1 OS=Danio rerio OX=7955 GN=wu_fl91z45 PE=2 SV=1	Schmidtea_mediterranea_maker-scaffold12332-augustus-gene-1.33-mRNA-1 maker-scaffold12332-augustus-gene-1.33-mRNA-1 protein AED_0.31 eAED_0.31 QI_175|0.55|0.63|0.84|0.27|0.63|19|168|852
