Orthogroup	Chordata_Vertebrata_Danio_rerio	Cnidaria_Anthozoa_Porites_asteroides
OG0000000	Danio_rerio_tr_E9QHI1_E9QHI1_DANRE tr|E9QHI1|E9QHI1_DANRE Tenascin C OS=Danio rerio OX=7955 GN=tenc PE=1 SV=1, Danio_rerio_tr_F1QYE2_F1QYE2_DANRE tr|F1QYE2|F1QYE2_DANRE Tenascin C OS=Danio rerio OX=7955 GN=tenc PE=1 SV=1, Danio_rerio_tr_Q7T3T6_Q7T3T6_DANRE tr|Q7T3T6|Q7T3T6_DANRE Tenascin-R OS=Danio rerio OX=7955 GN=tnr PE=1 SV=1, Danio_rerio_tr_B0S6K6_B0S6K6_DANRE tr|B0S6K6|B0S6K6_DANRE Tenascin N OS=Danio rerio OX=7955 GN=tnw PE=1 SV=1, Danio_rerio_tr_F1QSR3_F1QSR3_DANRE tr|F1QSR3|F1QSR3_DANRE Tenascin N OS=Danio rerio OX=7955 GN=tenw PE=1 SV=2, Danio_rerio_tr_B0S6K5_B0S6K5_DANRE tr|B0S6K5|B0S6K5_DANRE Tenascin N OS=Danio rerio OX=7955 GN=tnw PE=1 SV=1	Porites_asteroides_isotig22287 isotig22287 extracted_CDS GOMatch=Q9U8W8 GOTerms=GO_0005102_GO_0005529_GO_0005576_GO_0005615_GO_0007165_GO_0016337_GO_0046872 Gene=Techylectin-5A_ Match_Acc=Q9U8W8 gene=isogroup20555 length=366 numContigs=1, Porites_asteroides_isotig06298 isotig06298 extracted_CDS gene=isogroup04566 length=931 numContigs=1, Porites_asteroides_GCKDGN103G3H3D GCKDGN103G3H3D extracted_CDS GOMatch=C3XRU3 GOTerms=GO_0005102_GO_0005615_GO_0007165 length=440 region=3 run=R_2010_02_19_08_49_25_ xy=2793_0711, Porites_asteroides_isotig24293 isotig24293 extracted_CDS GOMatch=A7RSN8 GOTerms=GO_0005102_GO_0005615_GO_0007165 gene=isogroup22561 length=343 numContigs=1, Porites_asteroides_isotig04154 isotig04154 extracted_CDS GOMatch=A7SD41 GOTerms=GO_0005102_GO_0005615_GO_0007165 Gene=Ficolin-2_ Match_Acc=Q15485 gene=isogroup02422 length=1361 numContigs=1, Porites_asteroides_isotig24972 isotig24972 extracted_CDS GOMatch=A7RSP0 GOTerms=GO_0005102_GO_0005615_GO_0007165 Gene=Sialic_acid-binding_lectin_2_ Match_Acc=O76334 gene=isogroup23240 length=334 numContigs=1, Porites_asteroides_isotig19617 isotig19617 extracted_CDS GOMatch=C3Z9N5 GOTerms=GO_0005102_GO_0005615_GO_0007165 Gene=Tenascin-R_ Match_Acc=Q00546 gene=isogroup17885 length=400 numContigs=1, Porites_asteroides_GCKDGN102EK4EI GCKDGN102EK4EI extracted_CDS GOMatch=C3Z9N5 GOTerms=GO_0005102_GO_0005615_GO_0007165 Gene=Carcinolectin5b-7_ Match_Acc=A9X700 length=462 region=2 run=R_2010_02_19_08_49_25_ xy=1763_2808, Porites_asteroides_isotig21537 isotig21537 extracted_CDS GOMatch=A7SLX6 GOTerms=GO_0005102_GO_0005615_GO_0007165 Gene=Techylectin-5B_ Match_Acc=Q9U8W7 gene=isogroup19805 length=373 numContigs=1, Porites_asteroides_isotig01945 isotig01945 extracted_CDS GOMatch=A7SLX6 GOTerms=GO_0005102_GO_0005615_GO_0007165 Gene=Carcinolectin5b-5_ Match_Acc=A9X6Z8 gene=isogroup00805 length=548 numContigs=2
OG0000001	Danio_rerio_tr_F1QUK5_F1QUK5_DANRE tr|F1QUK5|F1QUK5_DANRE Netrin-1 OS=Danio rerio OX=7955 GN=net1 PE=4 SV=1, Danio_rerio_tr_O42203_O42203_DANRE tr|O42203|O42203_DANRE Netrin-1 OS=Danio rerio OX=7955 GN=net1 PE=2 SV=1, Danio_rerio_tr_O42140_O42140_DANRE tr|O42140|O42140_DANRE Netrin-1 OS=Danio rerio OX=7955 GN=ntn2 PE=2 SV=1, Danio_rerio_tr_F1QPJ1_F1QPJ1_DANRE tr|F1QPJ1|F1QPJ1_DANRE Laminin subunit gamma-3 OS=Danio rerio OX=7955 GN=lamc3 PE=4 SV=1, Danio_rerio_sp_Q1LVF0_LAMC1_DANRE sp|Q1LVF0|LAMC1_DANRE Laminin subunit gamma-1 OS=Danio rerio OX=7955 GN=lamc1 PE=2 SV=2	Porites_asteroides_isotig05979 isotig05979 extracted_CDS GOMatch=A7SIF3 GOTerms=GO_0007155_GO_0031012 Gene=Laminin_subunit_gamma-1_ Match_Acc=Q1LVF0 gene=isogroup04247 length=967 numContigs=1
OG0000002	Danio_rerio_tr_A0A0R4IMM9_A0A0R4IMM9_DANRE tr|A0A0R4IMM9|A0A0R4IMM9_DANRE Sema domain_ seven thrombospondin repeats _type 1 and type 1-like__ transmembrane domain _TM_ and short cytoplasmic domain_ _semaphorin_ 5A OS=Danio rerio OX=7955 GN=wu_fa95e03 PE=4 SV=1, Danio_rerio_tr_F1R9L1_F1R9L1_DANRE tr|F1R9L1|F1R9L1_DANRE Sema domain_ seven thrombospondin repeats _type 1 and type 1-like__ transmembrane domain _TM_ and short cytoplasmic domain_ _semaphorin_ 5A OS=Danio rerio OX=7955 GN=wu_fa95e03 PE=4 SV=3, Danio_rerio_tr_F1QPQ6_F1QPQ6_DANRE tr|F1QPQ6|F1QPQ6_DANRE Sema domain_ seven thrombospondin repeats _type 1 and type 1-like__ transmembrane domain _TM_ and short cytoplasmic domain_ _semaphorin_ 5Ba OS=Danio rerio OX=7955 GN=sema5ba PE=4 SV=1, Danio_rerio_tr_A0A8M1Q1V7_A0A8M1Q1V7_DANRE tr|A0A8M1Q1V7|A0A8M1Q1V7_DANRE Sema domain_ seven thrombospondin repeats _type 1 and type 1-like__ transmembrane domain _TM_ and short cytoplasmic domain_ _semaphorin_ 5Bb OS=Danio rerio OX=7955 GN=sema5bb PE=4 SV=1	Porites_asteroides_isotig06741 isotig06741 extracted_CDS GOMatch=A7RHU3 GOTerms=GO_0004872_GO_0007275_GO_0016020_GO_0016021 Gene=Semaphorin_5A-like_protein_ Match_Acc=D2XNK8 gene=isogroup05009 length=883 numContigs=1
OG0000003	Danio_rerio_sp_Q5U3G1_COL11_DANRE sp|Q5U3G1|COL11_DANRE Collectin-11 OS=Danio rerio OX=7955 GN=colec11 PE=2 SV=1, Danio_rerio_tr_Q504I3_Q504I3_DANRE tr|Q504I3|Q504I3_DANRE Hbl3 protein OS=Danio rerio OX=7955 GN=hbl3 PE=2 SV=1	Porites_asteroides_isotig03882 isotig03882 extracted_CDS GOMatch=A7RGD7 GOTerms=GO_0005488_GO_0005529_GO_0007155 Gene=Mrc2_protein_ Match_Acc=A1A5G9 gene=isogroup02150 length=1475 numContigs=1, Porites_asteroides_isotig03504 isotig03504 extracted_CDS GOMatch=A7RGD7 GOTerms=GO_0005488_GO_0005529_GO_0007155 Gene=Testis_cDNA_clone__QtsA-10921__similar_to_human_mannose_receptor__C_type_1__MRC1___ Match_Acc=Q4R919 gene=isogroup01772 length=1787 numContigs=1, Porites_asteroides_isotig25304 isotig25304 extracted_CDS GOMatch=A7RGD7 GOTerms=GO_0005488_GO_0005529_GO_0007155 Gene=DC-SIGN_protein__Fragment__ Match_Acc=D7SA64 gene=isogroup23572 length=324 numContigs=1, Porites_asteroides_isotig18052 isotig18052 extracted_CDS GOMatch=A7RL02 GOTerms=GO_0005488 Gene=Collectin-12_ Match_Acc=Q8K4Q8 gene=isogroup16320 length=417 numContigs=1
OG0000004	Danio_rerio_tr_Q8AW56_Q8AW56_DANRE tr|Q8AW56|Q8AW56_DANRE Cochlin precursor OS=Danio rerio OX=7955 GN=OTTDARP00000001491 PE=1 SV=1	Porites_asteroides_isotig18284 isotig18284 extracted_CDS gene=isogroup16552 length=417 numContigs=1, Porites_asteroides_isotig08816 isotig08816 extracted_CDS GOMatch=C3ZZV2 GOTerms=GO_0016491_GO_0046914_GO_0055114 Gene=Collagen_alpha-1_XII__chain_ Match_Acc=P13944 gene=isogroup07084 length=736 numContigs=1, Porites_asteroides_isotig20757 isotig20757 extracted_CDS GOMatch=D2H080 GOTerms=GO_0005539_GO_0005614_GO_0010811_GO_0030198_GO_0031012 Gene=VIT_protein_ Match_Acc=A1A526 gene=isogroup19025 length=385 numContigs=1, Porites_asteroides_isotig15239 isotig15239 extracted_CDS GOMatch=D2HSH8 GOTerms=GO_0005198_GO_0005615_GO_0007155_GO_0031012 Gene=Collagen_alpha-1_XII__chain_ Match_Acc=Q60847 gene=isogroup13507 length=472 numContigs=1, Porites_asteroides_isotig22176 isotig22176 extracted_CDS GOMatch=C3ZZV2 GOTerms=GO_0016491_GO_0046914_GO_0055114 gene=isogroup20444 length=370 numContigs=1
OG0000005	Danio_rerio_tr_Q1LW00_Q1LW00_DANRE tr|Q1LW00|Q1LW00_DANRE Metalloendopeptidase OS=Danio rerio OX=7955 GN=cb284 PE=1 SV=1, Danio_rerio_tr_Q4G0A2_Q4G0A2_DANRE tr|Q4G0A2|Q4G0A2_DANRE Metalloendopeptidase OS=Danio rerio OX=7955 GN=he1 PE=2 SV=1, Danio_rerio_sp_Q1LW01_HE12_DANRE sp|Q1LW01|HE12_DANRE Hatching enzyme 1.2 OS=Danio rerio OX=7955 GN=he1.2 PE=1 SV=1, Danio_rerio_tr_A4VCG4_A4VCG4_DANRE tr|A4VCG4|A4VCG4_DANRE Metalloendopeptidase OS=Danio rerio OX=7955 GN=he2 PE=2 SV=1	Porites_asteroides_isotig12380 isotig12380 extracted_CDS GOMatch=Q2MCX8 GOTerms=GO_0004222_GO_0006508_GO_0008233_GO_0008237_GO_0008270_GO_0016787_GO_0046872 Gene=Astacin_2_ Match_Acc=Q2MCX8 gene=isogroup10648 length=565 numContigs=1, Porites_asteroides_isotig01650 isotig01650 extracted_CDS GOMatch=A7SA78 GOTerms=GO_0004222_GO_0006508_GO_0008233_GO_0008237_GO_0008270_GO_0016787_GO_0046872 Gene=Putative_metalloproteinase_1__Fragment__ Match_Acc=Q5EN83 gene=isogroup00658 length=1154 numContigs=2, Porites_asteroides_isotig06903 isotig06903 extracted_CDS GOMatch=A7S728 GOTerms=GO_0004222_GO_0006508_GO_0008233_GO_0008237_GO_0008270_GO_0016787_GO_0046872 Gene=Astacus_protease_domain__304..897__two_repeats_of_CUB_domain__8 98..1578__ Match_Acc=B7ZQ15 gene=isogroup05171 length=863 numContigs=1
OG0000006	Danio_rerio_tr_E7F8X0_E7F8X0_DANRE tr|E7F8X0|E7F8X0_DANRE Sushi repeat-containing protein SRPX2 isoform X1 OS=Danio rerio OX=7955 GN=srpx2 PE=4 SV=1, Danio_rerio_tr_Q58ED3_Q58ED3_DANRE tr|Q58ED3|Q58ED3_DANRE Sushi repeat-containing protein SRPX precursor OS=Danio rerio OX=7955 GN=sprx PE=1 SV=1	Porites_asteroides_isotig21103 isotig21103 extracted_CDS GOMatch=C3YWM8 GOTerms=GO_0005509 Gene=Sushi_repeat-containing_protein_SRPX2_ Match_Acc=C0HBD7 gene=isogroup19371 length=384 numContigs=1, Porites_asteroides_GCKDGN103FYMAO GCKDGN103FYMAO extracted_CDS GOMatch=C3XPW7 GOTerms=GO_0005509 length=291 region=3 run=R_2010_02_19_08_49_25_ xy=2327_1998, Porites_asteroides_isotig03322 isotig03322 extracted_CDS GOMatch=C3YC48 GOTerms=GO_0005509_GO_0005529 Gene=cDNA_FLJ16013_fis__clone_PLACE5000171__highly_similar_to_Mus_musculus_sushi__von_Willebrand_factor_type_A__EGF_and_pentraxin_domain_containing_1__mRNA_ Match_Acc=B3KV07 gene=isogroup01590 length=2069 numContigs=1
OG0000007	Danio_rerio_tr_Q7T3H4_Q7T3H4_DANRE tr|Q7T3H4|Q7T3H4_DANRE Growth arrest-specific 6 OS=Danio rerio OX=7955 GN=fj34a12 PE=2 SV=1	Porites_asteroides_isotig01547 isotig01547 extracted_CDS GOMatch=C3Z8P3 GOTerms=GO_0005509 Gene=Growth_arrest-specific_6_ Match_Acc=Q7T3H4 gene=isogroup00606 length=705 numContigs=2
OG0000007	Danio_rerio_tr_E7FFU9_E7FFU9_DANRE tr|E7FFU9|E7FFU9_DANRE Fibulin 7 OS=Danio rerio OX=7955 GN=fbln7 PE=4 SV=1	Porites_asteroides_isotig05423 isotig05423 extracted_CDS GOMatch=D3BG27 GOTerms=GO_0005509 Gene=EGF-like_domain-containing_protein_ Match_Acc=D3BG27 gene=isogroup03691 length=1057 numContigs=1
OG0000007	Danio_rerio_tr_E7F2S5_E7F2S5_DANRE tr|E7F2S5|E7F2S5_DANRE Sushi_ nidogen and EGF-like domain-containing protein 1 isoform X1 OS=Danio rerio OX=7955 GN=sned1 PE=4 SV=1	Porites_asteroides_isotig22939 isotig22939 extracted_CDS GOMatch=C3YL45 GOTerms=GO_0005488_GO_0007160 Gene=Alpha-tectorin-like_protein_ Match_Acc=B2XBP1 gene=isogroup21207 length=358 numContigs=1
OG0000010	Danio_rerio_tr_A0A0R4IJ40_A0A0R4IJ40_DANRE tr|A0A0R4IJ40|A0A0R4IJ40_DANRE Agrin OS=Danio rerio OX=7955 GN=hm_gc12 PE=1 SV=1, Danio_rerio_tr_B3GQ72_B3GQ72_DANRE tr|B3GQ72|B3GQ72_DANRE Agrin OS=Danio rerio OX=7955 GN=wu_fb57e07 PE=1 SV=1	Porites_asteroides_isotig10815 isotig10815 extracted_CDS GOMatch=D2I4P4 GOTerms=GO_0005605_GO_0007213_GO_0031012_GO_0043113_GO_0043236 Gene=NtA_agrin_ Match_Acc=B3GQ72 gene=isogroup09083 length=632 numContigs=1
OG0000010	Danio_rerio_tr_A7MBP8_A7MBP8_DANRE tr|A7MBP8|A7MBP8_DANRE Follistatin b isoform 2 precursor OS=Danio rerio OX=7955 GN=fst2 PE=2 SV=1, Danio_rerio_tr_Q2PMI4_Q2PMI4_DANRE tr|Q2PMI4|Q2PMI4_DANRE Follistatin 2 OS=Danio rerio OX=7955 GN=fst2 PE=2 SV=1, Danio_rerio_sp_Q9YHV4_FSTA_DANRE sp|Q9YHV4|FSTA_DANRE Follistatin-A OS=Danio rerio OX=7955 GN=fsta PE=2 SV=2, Danio_rerio_tr_A4IG14_A4IG14_DANRE tr|A4IG14|A4IG14_DANRE Follistatin-like 3 _secreted glycoprotein_ OS=Danio rerio OX=7955 GN=zgc_114170 PE=2 SV=1	Porites_asteroides_isotig11269 isotig11269 extracted_CDS GOMatch=Q6PW72 GOTerms=GO_0005488 Gene=Follistatin_ Match_Acc=Q6PW72 gene=isogroup09537 length=603 numContigs=1
OG0000011	Danio_rerio_sp_Q7SXB3_P3IP1_DANRE sp|Q7SXB3|P3IP1_DANRE Phosphoinositide-3-kinase-interacting protein 1 OS=Danio rerio OX=7955 GN=pik3ip1 PE=2 SV=1	Porites_asteroides_GCKDGN103GEML0 GCKDGN103GEML0 extracted_CDS GOMatch=A7RKA9 GOTerms=GO_0004672_GO_0004713_GO_0004872_GO_0005524_GO_0006468_GO_0016020_GO_0016021 Gene=Receptor_tyrosine_kinase-like_orphan_receptor__Fragment__ Match_Acc=A1IKE0 length=345 region=3 run=R_2010_02_19_08_49_25_ xy=2509_3430
OG0000012	Danio_rerio_tr_X1WBL9_X1WBL9_DANRE tr|X1WBL9|X1WBL9_DANRE Mucin 5.1_ oligomeric mucus/gel-forming OS=Danio rerio OX=7955 GN=muc5.1 PE=1 SV=1, Danio_rerio_tr_E7F9Z1_E7F9Z1_DANRE tr|E7F9Z1|E7F9Z1_DANRE von Willebrand factor OS=Danio rerio OX=7955 GN=VWF PE=1 SV=3	Porites_asteroides_isotig20047 isotig20047 extracted_CDS GOMatch=A7RWN6 GOTerms=GO_0004867 Gene=Gastric_mucin__Fragment__ Match_Acc=O75372 gene=isogroup18315 length=395 numContigs=1
OG0000013	Danio_rerio_tr_F1R205_F1R205_DANRE tr|F1R205|F1R205_DANRE Protein Wnt OS=Danio rerio OX=7955 GN=wnt6b PE=3 SV=1	Porites_asteroides_GCKDGN102C4DAL GCKDGN102C4DAL extracted_CDS GOMatch=B0FK92 GOTerms=GO_0004871_GO_0005576_GO_0005578_GO_0007223_GO_0007275_GO_0016055 Gene=Protein_Wnt_ Match_Acc=B0FK92 length=394 region=2 run=R_2010_02_19_08_49_25_ xy=1162_3259
OG0000013	Danio_rerio_tr_B3DI55_B3DI55_DANRE tr|B3DI55|B3DI55_DANRE Protein Wnt OS=Danio rerio OX=7955 GN=wnt1 PE=2 SV=1, Danio_rerio_sp_P24257_WNT1_DANRE sp|P24257|WNT1_DANRE Protein Wnt-1 OS=Danio rerio OX=7955 GN=wnt1 PE=2 SV=1	Porites_asteroides_isotig14310 isotig14310 extracted_CDS GOMatch=Q5J2D4 GOTerms=GO_0005576_GO_0005578_GO_0007223_GO_0007275_GO_0016055 Gene=Protein_Wnt_ Match_Acc=Q5J2D4 gene=isogroup12578 length=500 numContigs=1
OG0000013	Danio_rerio_tr_Q9IAU3_Q9IAU3_DANRE tr|Q9IAU3|Q9IAU3_DANRE Protein Wnt OS=Danio rerio OX=7955 GN=wnt4b PE=2 SV=1, Danio_rerio_tr_Q1RLW9_Q1RLW9_DANRE tr|Q1RLW9|Q1RLW9_DANRE Protein Wnt OS=Danio rerio OX=7955 GN=wnt4a PE=2 SV=1, Danio_rerio_sp_P47793_WNT4A_DANRE sp|P47793|WNT4A_DANRE Protein Wnt-4a OS=Danio rerio OX=7955 GN=wnt4a PE=2 SV=1	Porites_asteroides_GCKDGN103GNGAZ GCKDGN103GNGAZ extracted_CDS GOMatch=A7SZ54 GOTerms=GO_0005576_GO_0005578_GO_0007223_GO_0007275_GO_0016055 Gene=Protein_Wnt_ Match_Acc=A7SZ54 length=452 region=3 run=R_2010_02_19_08_49_25_ xy=2610_1465
OG0000013	Danio_rerio_sp_O73864_WNT11_DANRE sp|O73864|WNT11_DANRE Protein Wnt-11 OS=Danio rerio OX=7955 GN=wnt11 PE=2 SV=1, Danio_rerio_tr_B8JM95_B8JM95_DANRE tr|B8JM95|B8JM95_DANRE Protein Wnt OS=Danio rerio OX=7955 GN=Slb/Wnt11 PE=3 SV=1, Danio_rerio_tr_Q9I9I2_Q9I9I2_DANRE tr|Q9I9I2|Q9I9I2_DANRE Protein Wnt OS=Danio rerio OX=7955 GN=wnt11r PE=2 SV=1	Porites_asteroides_isotig28579 isotig28579 extracted_CDS GOMatch=Q5IRC2 GOTerms=GO_0005576_GO_0005578_GO_0007223_GO_0007275_GO_0016055 Gene=Protein_Wnt_ Match_Acc=Q5IRC2 gene=isogroup26847 length=267 numContigs=1
OG0000013	Danio_rerio_tr_Q4JLT0_Q4JLT0_DANRE tr|Q4JLT0|Q4JLT0_DANRE Protein Wnt OS=Danio rerio OX=7955 GN=wnt7a PE=2 SV=1, Danio_rerio_tr_F1Q5B7_F1Q5B7_DANRE tr|F1Q5B7|F1Q5B7_DANRE Protein Wnt OS=Danio rerio OX=7955 GN=wnt7ba PE=3 SV=1	Porites_asteroides_isotig20937 isotig20937 extracted_CDS GOMatch=D2HKK9 GOTerms=GO_0001701_GO_0001944_GO_0003338_GO_0004871_GO_0005109_GO_0005576_GO_0005578_GO_0006917_GO_0007223_GO_0007275_GO_0008284_GO_0010628_GO_0016055_GO_0016332_GO_0021871_GO_0022009_GO_0030182_GO_0030324_GO_0032364_GO_0042475_GO_0042592_GO_0044237_GO_0045669_GO_0045879_GO_0048144_GO_0048568_GO_0050808_GO_0051145_GO_0060033_GO_0060070_GO_0060425_GO_0060428_GO_0060482_GO_0060484_GO_0060535_GO_0060560_GO_0060669_GO_0060710_GO_0061180_GO_0071300_GO_0072053_GO_0072054_GO_0072060_GO_0072061_GO_0072089_GO_0072205_GO_0072207_GO_0072236 Gene=Protein_Wnt__Fragment__ Match_Acc=Q6PDY6 gene=isogroup19205 length=385 numContigs=1
OG0000013	Danio_rerio_tr_Q90YL8_Q90YL8_DANRE tr|Q90YL8|Q90YL8_DANRE Protein Wnt OS=Danio rerio OX=7955 GN=wnt8 PE=3 SV=1, Danio_rerio_sp_P51028_WNT8A_DANRE sp|P51028|WNT8A_DANRE Protein Wnt-8a OS=Danio rerio OX=7955 GN=wnt8a PE=2 SV=2, Danio_rerio_sp_P51029_WNT8B_DANRE sp|P51029|WNT8B_DANRE Protein Wnt-8b OS=Danio rerio OX=7955 GN=wnt8b PE=2 SV=1	Porites_asteroides_isotig03246 isotig03246 extracted_CDS GOMatch=A7RSS8 GOTerms=GO_0005576_GO_0005578_GO_0007223_GO_0007275_GO_0016055 Gene=Protein_Wnt_ Match_Acc=A7RSS8 gene=isogroup01514 length=2357 numContigs=1, Porites_asteroides_isotig05535 isotig05535 extracted_CDS GOMatch=Q5IHV8 GOTerms=GO_0005576_GO_0005578_GO_0007223_GO_0007275_GO_0016055 Gene=Protein_Wnt_ Match_Acc=Q5IHV8 gene=isogroup03803 length=1046 numContigs=1
OG0000013	Danio_rerio_sp_Q801F7_WN10B_DANRE sp|Q801F7|WN10B_DANRE Protein Wnt-10b OS=Danio rerio OX=7955 GN=wnt10b PE=2 SV=1, Danio_rerio_tr_B0V1G8_B0V1G8_DANRE tr|B0V1G8|B0V1G8_DANRE Protein Wnt OS=Danio rerio OX=7955 GN=WNT-10A PE=3 SV=1, Danio_rerio_sp_P43446_WN10A_DANRE sp|P43446|WN10A_DANRE Protein Wnt-10a OS=Danio rerio OX=7955 GN=wnt10a PE=1 SV=1	Porites_asteroides_GCKDGN101BB3QF GCKDGN101BB3QF extracted_CDS GOMatch=Q5J2D3 GOTerms=GO_0005576_GO_0005578_GO_0007223_GO_0007275_GO_0016055 Gene=Protein_Wnt_ Match_Acc=Q5J2D3 length=397 region=1 run=R_2010_02_19_08_49_25_ xy=0430_3157
OG0000014	Danio_rerio_tr_E7FBX1_E7FBX1_DANRE tr|E7FBX1|E7FBX1_DANRE ADAMTS-like 3 OS=Danio rerio OX=7955 GN=adamtsl3 PE=4 SV=3	Porites_asteroides_isotig29281 isotig29281 extracted_CDS GOMatch=C3YAS4 GOTerms=GO_0004222_GO_0005578_GO_0006508_GO_0008233_GO_0008237_GO_0008270_GO_0016787_GO_0031012_GO_0046872 Gene=A_disintegrin-like_and_metallopeptidase__Reprolysin_type__with_thrombospondin_type _1_motif__20_ Match_Acc=Q0V926 gene=isogroup27549 length=247 numContigs=1
OG0000014	Danio_rerio_tr_Q503V4_Q503V4_DANRE tr|Q503V4|Q503V4_DANRE Papilin b_ proteoglycan-like sulfated glycoprotein OS=Danio rerio OX=7955 GN=wu_fi31b03 PE=2 SV=1	Porites_asteroides_isotig05308 isotig05308 extracted_CDS GOMatch=A7RZX8 GOTerms=GO_0004222_GO_0005578_GO_0008233_GO_0008237_GO_0008270_GO_0031012 Gene=Papilin_ Match_Acc=Q16UT3 gene=isogroup03576 length=1084 numContigs=1, Porites_asteroides_isotig04880 isotig04880 extracted_CDS GOMatch=A7RZX8 GOTerms=GO_0004222_GO_0005578_GO_0008233_GO_0008237_GO_0008270_GO_0031012 Gene=cDNA_FLJ53165__weakly_similar_to_Homo_sapiens_thrombospondin_repeat_containing_1__TSRC1___transcript_variant_1__mRNA_ Match_Acc=B4DR13 gene=isogroup03148 length=1170 numContigs=1
OG0000014	Danio_rerio_tr_G3G3K0_G3G3K0_DANRE tr|G3G3K0|G3G3K0_DANRE A disintegrin and metalloproteinase with thrombospondin motifs 9 OS=Danio rerio OX=7955 GN=adamts9 PE=2 SV=1	Porites_asteroides_GCKDGN102EW0RX GCKDGN102EW0RX extracted_CDS Match_Acc=A5A750 length=378 run=R_2010_02_19_08_49_25_ region=2 Gene=ADAM_metallopeptidase_with_thrombospondin_type_1_motif_20__Frag ment__ xy=1899_0923
OG0000015	Danio_rerio_tr_Q98SS0_Q98SS0_DANRE tr|Q98SS0|Q98SS0_DANRE Egg envelope protein ZP2 OS=Danio rerio OX=7955 GN=zp2 PE=1 SV=1, Danio_rerio_tr_F1QUS3_F1QUS3_DANRE tr|F1QUS3|F1QUS3_DANRE Zona pellucida glycoprotein 2_ tandem duplicate 5 OS=Danio rerio OX=7955 GN=zgc_152728 PE=4 SV=1, Danio_rerio_tr_F1QMZ0_F1QMZ0_DANRE tr|F1QMZ0|F1QMZ0_DANRE Zona pellucida glycoprotein 2_ tandem duplicate 3 OS=Danio rerio OX=7955 GN=zp2 PE=4 SV=1, Danio_rerio_tr_F1R003_F1R003_DANRE tr|F1R003|F1R003_DANRE Zona pellucida glycoprotein 2_ tandem duplicate 1 OS=Danio rerio OX=7955 GN=zgc_114013 PE=4 SV=1	Porites_asteroides_GCKDGN102EP6K7 GCKDGN102EP6K7 extracted_CDS run=R_2010_02_19_08_49_25_ region=2 length=323 xy=1821_1353
OG0000015	Danio_rerio_tr_Q5PR99_Q5PR99_DANRE tr|Q5PR99|Q5PR99_DANRE Beta tectorin OS=Danio rerio OX=7955 GN=zgc_101843 PE=2 SV=1	Porites_asteroides_GCKDGN103G43NE GCKDGN103G43NE extracted_CDS length=510 region=3 run=R_2010_02_19_08_49_25_ xy=2811_1576, Porites_asteroides_isotig23555 isotig23555 extracted_CDS GOMatch=A7SGZ6 GOTerms=GO_0005509 Gene=Oncoprotein-induced_transcript_3_protein_ Match_Acc=Q29RU2 gene=isogroup21823 length=353 numContigs=1, Porites_asteroides_isotig03556 isotig03556 extracted_CDS GOMatch=A7SGZ7 GOTerms=GO_0005509 Gene=Oncoprotein-induced_transcript_3_protein_ Match_Acc=Q8R4V5 gene=isogroup01824 length=1724 numContigs=1, Porites_asteroides_isotig20731 isotig20731 extracted_CDS GOMatch=A7SGZ6 GOTerms=GO_0005509 Gene=SCUBE1_protein_ Match_Acc=A0JP65 gene=isogroup18999 length=388 numContigs=1, Porites_asteroides_isotig06044 isotig06044 extracted_CDS GOMatch=A7SGZ7 GOTerms=GO_0005509 Gene=Crumbs_ Match_Acc=B0X2G9 gene=isogroup04312 length=968 numContigs=1, Porites_asteroides_GCKDGN103F7MUU GCKDGN103F7MUU extracted_CDS GOMatch=A7RGF1 GOTerms=GO_0005509 Gene=Transforming_growth_factor_beta_receptor_type_3_ Match_Acc=P26342 length=331 region=3 run=R_2010_02_19_08_49_25_ xy=2430_0740
OG0000017	Danio_rerio_tr_Q8AYE3_Q8AYE3_DANRE tr|Q8AYE3|Q8AYE3_DANRE Antithrombin OS=Danio rerio OX=7955 GN=wu_fb18f10 PE=1 SV=1, Danio_rerio_tr_Q5RIK7_Q5RIK7_DANRE tr|Q5RIK7|Q5RIK7_DANRE Serpin peptidase inhibitor_ clade B _ovalbumin__ member 1_-like 2 OS=Danio rerio OX=7955 GN=zgc_56075 PE=2 SV=1, Danio_rerio_tr_Q6DG30_Q6DG30_DANRE tr|Q6DG30|Q6DG30_DANRE Serpin peptidase inhibitor_ clade B _Ovalbumin__ member 1 OS=Danio rerio OX=7955 GN=si_dkey-177p2.12 PE=1 SV=1	Porites_asteroides_isotig11766 isotig11766 extracted_CDS GOMatch=A7S7S1 GOTerms=GO_0004867 Gene=Leukocyte_elastase_inhibitor_ Match_Acc=P30740 gene=isogroup10034 length=581 numContigs=1, Porites_asteroides_GCKDGN103G905P GCKDGN103G905P extracted_CDS GOMatch=A7S7S1 GOTerms=GO_0004867 Gene=Proteinase_inhibitor_I4_serpin_ Match_Acc=B2V5S5 length=404 region=3 run=R_2010_02_19_08_49_25_ xy=2867_2251, Porites_asteroides_isotig17013 isotig17013 extracted_CDS GOMatch=A7S7S1 GOTerms=GO_0004867 Gene=Proteinase_inhibitor_I4_serpin_ Match_Acc=B2V5S5 gene=isogroup15281 length=438 numContigs=1, Porites_asteroides_isotig04340 isotig04340 extracted_CDS GOMatch=A7SKW8 GOTerms=GO_0004867 Gene=Serine_protease_inhibitor_ Match_Acc=Q6HA07 gene=isogroup02608 length=1299 numContigs=1
OG0000017	Danio_rerio_tr_A4IG87_A4IG87_DANRE tr|A4IG87|A4IG87_DANRE Protein Z-dependent protease inhibitor precursor OS=Danio rerio OX=7955 GN=si_dkey-85n7.5 PE=2 SV=1, Danio_rerio_tr_Q8JH29_Q8JH29_DANRE tr|Q8JH29|Q8JH29_DANRE Angiotensinogen OS=Danio rerio OX=7955 GN=wu_fb62f06 PE=2 SV=1, Danio_rerio_tr_Q5SPJ4_Q5SPJ4_DANRE tr|Q5SPJ4|Q5SPJ4_DANRE Serine _Or cysteine_ proteinase inhibitor_ clade A _Alpha-1 antiproteinase_ antitrypsin__ member 1 OS=Danio rerio OX=7955 GN=wu_fb61c07 PE=1 SV=1, Danio_rerio_tr_F8W5C3_F8W5C3_DANRE tr|F8W5C3|F8W5C3_DANRE Serpin peptidase inhibitor_ clade A _Alpha-1 antiproteinase_ antitrypsin__ member 7 precursor OS=Danio rerio OX=7955 GN=zgc_103617 PE=1 SV=1, Danio_rerio_tr_B0V3R7_B0V3R7_DANRE tr|B0V3R7|B0V3R7_DANRE Heparin cofactor 2 isoform X1 OS=Danio rerio OX=7955 GN=HCII PE=3 SV=1, Danio_rerio_tr_Q8AYE2_Q8AYE2_DANRE tr|Q8AYE2|Q8AYE2_DANRE Heparin cofactor 2 precursor OS=Danio rerio OX=7955 GN=HCII PE=2 SV=1, Danio_rerio_tr_B0V2R7_B0V2R7_DANRE tr|B0V2R7|B0V2R7_DANRE Plasma protease C1 inhibitor precursor OS=Danio rerio OX=7955 GN=C1IN PE=1 SV=1, Danio_rerio_tr_A1A5Y8_A1A5Y8_DANRE tr|A1A5Y8|A1A5Y8_DANRE Alpha-2-antiplasmin precursor OS=Danio rerio OX=7955 GN=zgc_158410 PE=2 SV=1, Danio_rerio_tr_F6NQ58_F6NQ58_DANRE tr|F6NQ58|F6NQ58_DANRE Alpha-2-antiplasmin OS=Danio rerio OX=7955 GN=serpinf2a PE=3 SV=1	Porites_asteroides_GCKDGN101CG90N GCKDGN101CG90N extracted_CDS GOMatch=A7S7S1 GOTerms=GO_0004867 Gene=Leukocyte_elastase_inhibitor_B_ Match_Acc=Q8VHP7 length=288 region=1 run=R_2010_02_19_08_49_25_ xy=0899_3173
OG0000018	Danio_rerio_tr_Q2PS19_Q2PS19_DANRE tr|Q2PS19|Q2PS19_DANRE Lysyl oxidase homolog OS=Danio rerio OX=7955 GN=si_ch211-238c15.1 PE=2 SV=1, Danio_rerio_tr_Q6NYT8_Q6NYT8_DANRE tr|Q6NYT8|Q6NYT8_DANRE Lysyl oxidase homolog OS=Danio rerio OX=7955 GN=zgc_77447 PE=2 SV=1	Porites_asteroides_GCKDGN102DGG79 GCKDGN102DGG79 extracted_CDS GOMatch=D2H031 GOTerms=GO_0005044_GO_0005507_GO_0016020_GO_0016641_GO_0055114 Gene=Lysyl_oxidase_ Match_Acc=Q6NYT8 length=485 region=2 run=R_2010_02_19_08_49_25_ xy=1300_2983
OG0000019	Danio_rerio_tr_Q1LWW7_Q1LWW7_DANRE tr|Q1LWW7|Q1LWW7_DANRE Bone morphogenetic protein 8A OS=Danio rerio OX=7955 GN=bmp8 PE=3 SV=1, Danio_rerio_tr_Q7T288_Q7T288_DANRE tr|Q7T288|Q7T288_DANRE Bone morphogenetic protein 5 OS=Danio rerio OX=7955 GN=bmp5l PE=2 SV=1, Danio_rerio_tr_Q5CZV5_Q5CZV5_DANRE tr|Q5CZV5|Q5CZV5_DANRE Bmp6 protein OS=Danio rerio OX=7955 GN=zgc_113595 PE=2 SV=1, Danio_rerio_tr_Q9PTF9_Q9PTF9_DANRE tr|Q9PTF9|Q9PTF9_DANRE Bone morphogenetic protein 7 OS=Danio rerio OX=7955 GN=Bmp7 PE=2 SV=1, Danio_rerio_tr_Q08CJ5_Q08CJ5_DANRE tr|Q08CJ5|Q08CJ5_DANRE Bone morphogenetic protein 7 OS=Danio rerio OX=7955 GN=zgc_153025 PE=2 SV=1, Danio_rerio_tr_F1QD07_F1QD07_DANRE tr|F1QD07|F1QD07_DANRE Bone morphogenetic protein 7 isoform X1 OS=Danio rerio OX=7955 GN=zgc_153025 PE=3 SV=1	Porites_asteroides_isotig11482 isotig11482 extracted_CDS GOMatch=Q27W10 GOTerms=GO_0008083_GO_0040007 Gene=BMP5-8__Fragment__ Match_Acc=Q27W10 gene=isogroup09750 length=601 numContigs=1
OG0000019	Danio_rerio_tr_O57574_O57574_DANRE tr|O57574|O57574_DANRE Bone genetic protein 4 OS=Danio rerio OX=7955 GN=zBMP-4 PE=2 SV=1, Danio_rerio_tr_O13109_O13109_DANRE tr|O13109|O13109_DANRE BMP2 OS=Danio rerio OX=7955 GN=BMP2 PE=2 SV=1, Danio_rerio_tr_O93369_O93369_DANRE tr|O93369|O93369_DANRE Bone morphogenetic protein 2 OS=Danio rerio OX=7955 GN=BMP2b PE=2 SV=1	Porites_asteroides_isotig13411 isotig13411 extracted_CDS GOMatch=B6SCR5 GOTerms=GO_0008083_GO_0040007 Gene=BMP2_4__Fragment__ Match_Acc=B6SCR5 gene=isogroup11679 length=526 numContigs=1
OG0000019	Danio_rerio_sp_A8E7N9_GDF6B_DANRE sp|A8E7N9|GDF6B_DANRE Growth/differentiation factor 6-B OS=Danio rerio OX=7955 GN=gdf6b PE=2 SV=1, Danio_rerio_sp_P85857_GDF6A_DANRE sp|P85857|GDF6A_DANRE Growth/differentiation factor 6-A OS=Danio rerio OX=7955 GN=gdf6a PE=1 SV=1, Danio_rerio_tr_F1QK08_F1QK08_DANRE tr|F1QK08|F1QK08_DANRE Growth differentiation factor 5 OS=Danio rerio OX=7955 GN=gdf5 PE=3 SV=1, Danio_rerio_tr_A0JML2_A0JML2_DANRE tr|A0JML2|A0JML2_DANRE Bone morphogenetic protein 3 OS=Danio rerio OX=7955 GN=zgc_153939 PE=2 SV=1, Danio_rerio_tr_D2CN89_D2CN89_DANRE tr|D2CN89|D2CN89_DANRE BMP3b OS=Danio rerio OX=7955 GN=bmp3b PE=2 SV=1, Danio_rerio_tr_B8A5X9_B8A5X9_DANRE tr|B8A5X9|B8A5X9_DANRE Growth differentiation factor 10a OS=Danio rerio OX=7955 GN=gdf10a PE=3 SV=1	Porites_asteroides_isotig11160 isotig11160 extracted_CDS GOMatch=Q5YJC3 GOTerms=GO_0005576_GO_0008083_GO_0040007 Gene=GDF5-like_protein_ Match_Acc=Q5YJC3 gene=isogroup09428 length=616 numContigs=1
OG0000020	Danio_rerio_tr_F1R5X4_F1R5X4_DANRE tr|F1R5X4|F1R5X4_DANRE Collagen alpha-2_XI_ chain isoform X6 OS=Danio rerio OX=7955 GN=col11a1 PE=1 SV=2, Danio_rerio_tr_A0A8M1P8Y1_A0A8M1P8Y1_DANRE tr|A0A8M1P8Y1|A0A8M1P8Y1_DANRE Collagen alpha-2_XI_ chain isoform 2 precursor OS=Danio rerio OX=7955 GN=col11a1 PE=1 SV=1, Danio_rerio_tr_A0A8M1NB54_A0A8M1NB54_DANRE tr|A0A8M1NB54|A0A8M1NB54_DANRE Collagen alpha-2_XI_ chain isoform 1 precursor OS=Danio rerio OX=7955 GN=col11a1 PE=1 SV=1, Danio_rerio_tr_D6MUD3_D6MUD3_DANRE tr|D6MUD3|D6MUD3_DANRE Collagen alpha-1_XI_ chain OS=Danio rerio OX=7955 GN=COL11A1b PE=2 SV=1, Danio_rerio_tr_F1QSJ2_F1QSJ2_DANRE tr|F1QSJ2|F1QSJ2_DANRE Collagen alpha-1_XI_ chain isoform X2 OS=Danio rerio OX=7955 GN=wu_fb34e11 PE=1 SV=2, Danio_rerio_tr_A2RUX5_A2RUX5_DANRE tr|A2RUX5|A2RUX5_DANRE Collagen alpha-1_XI_ chain OS=Danio rerio OX=7955 GN=zgc_158335 PE=1 SV=1, Danio_rerio_tr_D6MUD6_D6MUD6_DANRE tr|D6MUD6|D6MUD6_DANRE Collagen alpha-3_V_ chain precursor OS=Danio rerio OX=7955 GN=COL5A3a PE=1 SV=1, Danio_rerio_tr_D6MUD7_D6MUD7_DANRE tr|D6MUD7|D6MUD7_DANRE Collagen type V alpha-3b OS=Danio rerio OX=7955 GN=COL5A3b PE=1 SV=1	Porites_asteroides_isotig06351 isotig06351 extracted_CDS GOMatch=A7S1U4 GOTerms=GO_0005201_GO_0005581 Gene=Type_V_XI_procollagen_alpha_1_chain_ Match_Acc=Q4AE66 gene=isogroup04619 length=925 numContigs=1
OG0000020	Danio_rerio_tr_Q2LDA1_Q2LDA1_DANRE tr|Q2LDA1|Q2LDA1_DANRE Collagen alpha-1_II_ chain precursor OS=Danio rerio OX=7955 GN=col2a1 PE=1 SV=1, Danio_rerio_tr_B3DLK0_B3DLK0_DANRE tr|B3DLK0|B3DLK0_DANRE Col2a1a protein OS=Danio rerio OX=7955 GN=col2a1 PE=1 SV=1, Danio_rerio_tr_L0S5L0_L0S5L0_DANRE tr|L0S5L0|L0S5L0_DANRE Collagen type II_ alpha-1b OS=Danio rerio OX=7955 GN=im_6788778 PE=2 SV=1, Danio_rerio_tr_Q6PEI9_Q6PEI9_DANRE tr|Q6PEI9|Q6PEI9_DANRE Collagen_ type I_ alpha 1b precursor OS=Danio rerio OX=7955 GN=col1a3 PE=1 SV=1, Danio_rerio_tr_Q6U1J5_Q6U1J5_DANRE tr|Q6U1J5|Q6U1J5_DANRE Chihuahua OS=Danio rerio OX=7955 GN=chi PE=1 SV=1, Danio_rerio_tr_Q6IQX2_Q6IQX2_DANRE tr|Q6IQX2|Q6IQX2_DANRE Collagen alpha-2_I_ chain precursor OS=Danio rerio OX=7955 GN=alpha2_I_ PE=1 SV=1, Danio_rerio_tr_E7FE47_E7FE47_DANRE tr|E7FE47|E7FE47_DANRE Collagen alpha-2_V_ chain OS=Danio rerio OX=7955 GN=col5a2b PE=4 SV=1	Porites_asteroides_isotig03376 isotig03376 extracted_CDS GOMatch=Q4S5M8 GOTerms=GO_0005201_GO_0005581 Gene=Collagen_alpha-2_I__chain__Fragments__ Match_Acc=P02467 gene=isogroup01644 length=1965 numContigs=1, Porites_asteroides_isotig03386 isotig03386 extracted_CDS GOMatch=B5U969 GOTerms=GO_0005201_GO_0005581 Gene=Collagen_type_I_alpha_2_ Match_Acc=B5U969 gene=isogroup01654 length=1935 numContigs=1, Porites_asteroides_isotig03450 isotig03450 extracted_CDS GOMatch=A7S046 GOTerms=GO_0005201_GO_0005576_GO_0005581_GO_0010466_GO_0030414 Gene=Type_I_collagen_alpha_2_chain__Fragment__ Match_Acc=Q8UUJ3 gene=isogroup01718 length=1857 numContigs=1, Porites_asteroides_isotig09289 isotig09289 extracted_CDS GOMatch=A7RGC7 GOTerms=GO_0005201_GO_0005581 Gene=Fibrillar_collagen_ Match_Acc=A1XVT1 gene=isogroup07557 length=708 numContigs=1
OG0000021	Danio_rerio_tr_Q6VQA2_Q6VQA2_DANRE tr|Q6VQA2|Q6VQA2_DANRE Pro-epidermal growth factor OS=Danio rerio OX=7955 GN=egf PE=2 SV=1	Porites_asteroides_isotig00263 isotig00263 extracted_CDS GOMatch=A7RXU8 GOTerms=GO_0005509_GO_0016020_GO_0016021 Gene=Vitellogenin_receptor__putative__Fragment__ Match_Acc=B7QBX8 gene=isogroup00059 length=1548 numContigs=4, Porites_asteroides_isotig22018 isotig22018 extracted_CDS GOMatch=A7RGB0 GOTerms=GO_0005509_GO_0016020_GO_0016021 Gene=Lipophorin_receptor_ Match_Acc=A3KL84 gene=isogroup20286 length=372 numContigs=1, Porites_asteroides_GCKDGN101AP0FG GCKDGN101AP0FG extracted_CDS GOMatch=A7RXB8 GOTerms=GO_0005509_GO_0016020_GO_0016021 Gene=LDL_receptor-related_protein_4_ Match_Acc=Q76LU2 length=293 region=1 run=R_2010_02_19_08_49_25_ xy=0179_0538
OG0000023	Danio_rerio_tr_Q7ZYZ9_Q7ZYZ9_DANRE tr|Q7ZYZ9|Q7ZYZ9_DANRE A disintegrin and metalloproteinase domain 8a OS=Danio rerio OX=7955 GN=zgc_64059 PE=2 SV=2, Danio_rerio_tr_E7F6J8_E7F6J8_DANRE tr|E7F6J8|E7F6J8_DANRE ADAM metallopeptidase domain 8b OS=Danio rerio OX=7955 GN=adam8b PE=4 SV=1, Danio_rerio_tr_Q08C21_Q08C21_DANRE tr|Q08C21|Q08C21_DANRE A disintegrin and metallopeptidase domain 28 OS=Danio rerio OX=7955 GN=zgc_153755 PE=2 SV=1, Danio_rerio_tr_Q66IC3_Q66IC3_DANRE tr|Q66IC3|Q66IC3_DANRE A disintegrin and metalloproteinase domain 9 OS=Danio rerio OX=7955 GN=zgc_101824 PE=2 SV=1, Danio_rerio_tr_A0A0R4INJ8_A0A0R4INJ8_DANRE tr|A0A0R4INJ8|A0A0R4INJ8_DANRE ADAM metallopeptidase domain 12 OS=Danio rerio OX=7955 GN=adam12 PE=4 SV=2, Danio_rerio_tr_F1Q4N9_F1Q4N9_DANRE tr|F1Q4N9|F1Q4N9_DANRE ADAM metallopeptidase domain 19b OS=Danio rerio OX=7955 GN=adam19b PE=4 SV=2, Danio_rerio_tr_E7FGJ0_E7FGJ0_DANRE tr|E7FGJ0|E7FGJ0_DANRE ADAM metallopeptidase domain 15 OS=Danio rerio OX=7955 GN=adam15 PE=4 SV=1, Danio_rerio_tr_F8W3T1_F8W3T1_DANRE tr|F8W3T1|F8W3T1_DANRE ADAM metallopeptidase domain 23a OS=Danio rerio OX=7955 GN=adam23a PE=4 SV=1, Danio_rerio_tr_F1QF43_F1QF43_DANRE tr|F1QF43|F1QF43_DANRE ADAM metallopeptidase domain 22 OS=Danio rerio OX=7955 GN=adam22 PE=4 SV=1, Danio_rerio_tr_E7F698_E7F698_DANRE tr|E7F698|E7F698_DANRE ADAM metallopeptidase domain 11 OS=Danio rerio OX=7955 GN=adam11 PE=4 SV=1	Porites_asteroides_GCKDGN103HAO7Y GCKDGN103HAO7Y extracted_CDS GOMatch=C3YIZ0 GOTerms=GO_0004222_GO_0006508 Gene=ADAM_12_ Match_Acc=Q8UVF2 length=401 region=3 run=R_2010_02_19_08_49_25_ xy=2875_0668
OG0000024	Danio_rerio_tr_A0A0R4IMY5_A0A0R4IMY5_DANRE tr|A0A0R4IMY5|A0A0R4IMY5_DANRE SPARC _osteonectin__ cwcv and kazal-like domains proteoglycan 3 OS=Danio rerio OX=7955 GN=im_7139568 PE=4 SV=2, Danio_rerio_tr_F1RAX3_F1RAX3_DANRE tr|F1RAX3|F1RAX3_DANRE SPARC _osteonectin__ cwcv and kazal-like domains proteoglycan 3 OS=Danio rerio OX=7955 GN=im_7139568 PE=4 SV=2, Danio_rerio_tr_E7F9M2_E7F9M2_DANRE tr|E7F9M2|E7F9M2_DANRE SPARC _osteonectin__ cwcv and kazal-like domains proteoglycan 1 OS=Danio rerio OX=7955 GN=spock1 PE=4 SV=3	Porites_asteroides_isotig04675 isotig04675 extracted_CDS GOMatch=A7RFR0 GOTerms=GO_0005509_GO_0005578_GO_0007165 Gene=Testican-3_ Match_Acc=Q8BKV0 gene=isogroup02943 length=1220 numContigs=1
OG0000028	Danio_rerio_tr_X1WFR7_X1WFR7_DANRE tr|X1WFR7|X1WFR7_DANRE Collagen alpha-4_IV_ chain OS=Danio rerio OX=7955 GN=col4a4 PE=4 SV=1	Porites_asteroides_isotig10696 isotig10696 extracted_CDS GOMatch=A7SQ52 GOTerms=GO_0005201_GO_0005488_GO_0005581 Gene=Type_IV_collagen_alpha_2_chain__Fragment__ Match_Acc=Q58FS6 gene=isogroup08964 length=638 numContigs=1
OG0000030	Danio_rerio_tr_Q6PFU9_Q6PFU9_DANRE tr|Q6PFU9|Q6PFU9_DANRE A disintegrin and metalloproteinase domain 17a OS=Danio rerio OX=7955 GN=fc20b01 PE=2 SV=1, Danio_rerio_tr_U3JAD1_U3JAD1_DANRE tr|U3JAD1|U3JAD1_DANRE ADAM metallopeptidase domain 17b OS=Danio rerio OX=7955 GN=adam17b PE=4 SV=1	Porites_asteroides_isotig13870 isotig13870 extracted_CDS GOMatch=Q7QC01 GOTerms=GO_0004222_GO_0006508_GO_0008233_GO_0008237_GO_0016787 Gene=Adam_ Match_Acc=Q17E69 gene=isogroup12138 length=509 numContigs=1
OG0000030	Danio_rerio_tr_F1RA88_F1RA88_DANRE tr|F1RA88|F1RA88_DANRE ADAM metallopeptidase domain 10a OS=Danio rerio OX=7955 GN=adam10 PE=1 SV=3, Danio_rerio_tr_A0A0R4IVX1_A0A0R4IVX1_DANRE tr|A0A0R4IVX1|A0A0R4IVX1_DANRE ADAM metallopeptidase domain 10a OS=Danio rerio OX=7955 GN=adam10 PE=1 SV=2	Porites_asteroides_isotig04474 isotig04474 extracted_CDS GOMatch=A7SZR7 GOTerms=GO_0004222_GO_0006508_GO_0008233_GO_0008237_GO_0008270_GO_0016787_GO_0046872 Gene=Disintegrin_and_metallopeptidase_domain_10_ Match_Acc=B3VKE8 gene=isogroup02742 length=1264 numContigs=1
OG0000034	Danio_rerio_tr_F1QBZ9_F1QBZ9_DANRE tr|F1QBZ9|F1QBZ9_DANRE Multiple EGF-like-domains 8 OS=Danio rerio OX=7955 GN=megf8 PE=4 SV=2	Porites_asteroides_isotig04923 isotig04923 extracted_CDS GOMatch=A7RYG5 GOTerms=GO_0005509_GO_0016020_GO_0016021 Gene=Multiple_epidermal_growth_factor-like_domains_protein_8_ Match_Acc=Q7Z7M0 gene=isogroup03191 length=1158 numContigs=1, Porites_asteroides_isotig03715 isotig03715 extracted_CDS GOMatch=A7RYG5 GOTerms=GO_0005509_GO_0016020_GO_0016021 Gene=Multiple_epidermal_growth_factor-like_domains_protein_8_ Match_Acc=Q9QYP0 gene=isogroup01983 length=1583 numContigs=1
OG0000037	Danio_rerio_tr_A0A0R4IPF4_A0A0R4IPF4_DANRE tr|A0A0R4IPF4|A0A0R4IPF4_DANRE Periostin isoform X2 OS=Danio rerio OX=7955 GN=fa99h07 PE=1 SV=2, Danio_rerio_tr_A0A0R4IS83_A0A0R4IS83_DANRE tr|A0A0R4IS83|A0A0R4IS83_DANRE Periostin isoform X1 OS=Danio rerio OX=7955 GN=fa99h07 PE=1 SV=1, Danio_rerio_tr_Q75U66_Q75U66_DANRE tr|Q75U66|Q75U66_DANRE Periostin OS=Danio rerio OX=7955 GN=postn PE=1 SV=1, Danio_rerio_tr_A0A0R4INY2_A0A0R4INY2_DANRE tr|A0A0R4INY2|A0A0R4INY2_DANRE Periostin isoform X5 OS=Danio rerio OX=7955 GN=fa99h07 PE=1 SV=1, Danio_rerio_tr_A0JMK0_A0JMK0_DANRE tr|A0JMK0|A0JMK0_DANRE Periostin isoform 1 precursor OS=Danio rerio OX=7955 GN=postn PE=1 SV=1, Danio_rerio_tr_Q7T1R2_Q7T1R2_DANRE tr|Q7T1R2|Q7T1R2_DANRE Beta ig-h3 OS=Danio rerio OX=7955 GN=BIGH3 PE=1 SV=1	Porites_asteroides_isotig05060 isotig05060 extracted_CDS GOMatch=Q95215 GOTerms=GO_0005576_GO_0005578_GO_0005615_GO_0007155_GO_0030198_GO_0031012_GO_0050840 Gene=Putative_cell_adhesion_protein__Fragment__ Match_Acc=D1FNY7 gene=isogroup03328 length=1132 numContigs=1, Porites_asteroides_GCKDGN101AOG68 GCKDGN101AOG68 extracted_CDS GOMatch=D2HUI4 GOTerms=GO_0005578_GO_0007155_GO_0008201_GO_0008593_GO_0009888_GO_0030198_GO_0031012 Gene=Putative_cell_adhesion_protein__Fragment__ Match_Acc=D1FNY7 length=385 region=1 run=R_2010_02_19_08_49_25_ xy=0161_2690
OG0000038	Danio_rerio_tr_Q1L8A5_Q1L8A5_DANRE tr|Q1L8A5|Q1L8A5_DANRE Lymphotoxin-alpha OS=Danio rerio OX=7955 GN=tnfa PE=1 SV=1, Danio_rerio_tr_Q08CQ3_Q08CQ3_DANRE tr|Q08CQ3|Q08CQ3_DANRE Lymphotoxin-alpha OS=Danio rerio OX=7955 GN=tnfa PE=2 SV=1, Danio_rerio_tr_Q0PKX7_Q0PKX7_DANRE tr|Q0PKX7|Q0PKX7_DANRE Fas ligand OS=Danio rerio OX=7955 GN=fasl PE=2 SV=1, Danio_rerio_tr_E7F3U1_E7F3U1_DANRE tr|E7F3U1|E7F3U1_DANRE TNF superfamily member 11 OS=Danio rerio OX=7955 GN=tnfsf11 PE=3 SV=1, Danio_rerio_tr_Q7ZYX9_Q7ZYX9_DANRE tr|Q7ZYX9|Q7ZYX9_DANRE TNF superfamily member 10_ like OS=Danio rerio OX=7955 GN=wu_fc12f06 PE=2 SV=1, Danio_rerio_tr_Q6DHG9_Q6DHG9_DANRE tr|Q6DHG9|Q6DHG9_DANRE TNF superfamily member 10 OS=Danio rerio OX=7955 GN=tnfsf10l2 PE=2 SV=1	Porites_asteroides_isotig03753 isotig03753 extracted_CDS GOMatch=A7RR54 GOTerms=GO_0005164_GO_0006955_GO_0016020 Gene=B-cell_activating_factor_ Match_Acc=Q0QCV8 gene=isogroup02021 length=1549 numContigs=1, Porites_asteroides_isotig06689 isotig06689 extracted_CDS GOMatch=A7RR54 GOTerms=GO_0005164_GO_0006955_GO_0016020 Gene=Tumor_necrosis_factor_ligand_superfamily_member_6_ Match_Acc=P63306 gene=isogroup04957 length=883 numContigs=1, Porites_asteroides_isotig20141 isotig20141 extracted_CDS GOMatch=A7RR52 GOTerms=GO_0005164_GO_0006955_GO_0016020 gene=isogroup18409 length=395 numContigs=1
OG0000040	Danio_rerio_tr_Q08CJ3_Q08CJ3_DANRE tr|Q08CJ3|Q08CJ3_DANRE Endothelial cell-specific molecule 1 precursor OS=Danio rerio OX=7955 GN=zgc_153027 PE=2 SV=1, Danio_rerio_tr_B0V1B1_B0V1B1_DANRE tr|B0V1B1|B0V1B1_DANRE Kazal-type serine peptidase inhibitor domain 3 OS=Danio rerio OX=7955 GN=im_7144240 PE=4 SV=1, Danio_rerio_tr_Q6NW92_Q6NW92_DANRE tr|Q6NW92|Q6NW92_DANRE Insulin-like growth factor-binding protein 7 precursor OS=Danio rerio OX=7955 GN=zgc_85888 PE=1 SV=1	Porites_asteroides_isotig04961 isotig04961 extracted_CDS GOMatch=Q2VYC5 GOTerms=GO_0001558_GO_0004867_GO_0005520_GO_0005576_GO_0010466_GO_0030414 Gene=Chordin-like_protein_ Match_Acc=Q2VYC5 gene=isogroup03229 length=1149 numContigs=1
OG0000044	Danio_rerio_tr_Q66L63_Q66L63_DANRE tr|Q66L63|Q66L63_DANRE Protein-glutamine gamma-glutamyltransferase 2 OS=Danio rerio OX=7955 GN=tgm2 PE=2 SV=1, Danio_rerio_tr_Q1ECX3_Q1ECX3_DANRE tr|Q1ECX3|Q1ECX3_DANRE Protein-glutamine gamma-glutamyltransferase 2 OS=Danio rerio OX=7955 GN=TGM2 PE=1 SV=1, Danio_rerio_tr_A0A0R4IGK8_A0A0R4IGK8_DANRE tr|A0A0R4IGK8|A0A0R4IGK8_DANRE Transglutaminase 5_-like OS=Danio rerio OX=7955 GN=si_ch1073-277p6.1 PE=3 SV=2, Danio_rerio_tr_F1QC84_F1QC84_DANRE tr|F1QC84|F1QC84_DANRE Coagulation factor XIII_ A1 polypeptide a_ tandem duplicate 1 OS=Danio rerio OX=7955 GN=f13a1a.1 PE=1 SV=1, Danio_rerio_tr_Q08CA3_Q08CA3_DANRE tr|Q08CA3|Q08CA3_DANRE Coagulation factor XIII A chain OS=Danio rerio OX=7955 GN=f13a1 PE=1 SV=1, Danio_rerio_tr_Q4V9H9_Q4V9H9_DANRE tr|Q4V9H9|Q4V9H9_DANRE Transglutaminase 1 OS=Danio rerio OX=7955 GN=tgm1l4 PE=1 SV=1	Porites_asteroides_isotig04697 isotig04697 extracted_CDS GOMatch=A7RXW8 GOTerms=GO_0003810_GO_0018149 Gene=Extracellular_transglutaminase_ Match_Acc=C4P258 gene=isogroup02965 length=1206 numContigs=1
OG0000045	Danio_rerio_tr_Q2Q1W5_Q2Q1W5_DANRE tr|Q2Q1W5|Q2Q1W5_DANRE Laminin alpha 5 OS=Danio rerio OX=7955 GN=wu_fb81a10 PE=1 SV=1	Porites_asteroides_isotig04844 isotig04844 extracted_CDS GOMatch=Q7PPF9 GOTerms=GO_0005102_GO_0005604_GO_0005606_GO_0007155_GO_0030155_GO_0030334_GO_0031012_GO_0045995 Gene=Laminin_subunit_alpha_ Match_Acc=B0WAD7 gene=isogroup03112 length=1179 numContigs=1
OG0000045	Danio_rerio_tr_Q45H72_Q45H72_DANRE tr|Q45H72|Q45H72_DANRE Laminin alpha 1 OS=Danio rerio OX=7955 GN=lama1 PE=1 SV=1	Porites_asteroides_GCKDGN102D8EHA GCKDGN102D8EHA extracted_CDS GOMatch=B3S235 GOTerms=GO_0007155_GO_0031012 Gene=Laminin_A_chain__putative_ Match_Acc=Q16XT3 length=419 region=2 run=R_2010_02_19_08_49_25_ xy=1618_3260
OG0000045	Danio_rerio_tr_Q2TJF5_Q2TJF5_DANRE tr|Q2TJF5|Q2TJF5_DANRE Laminin alpha 4 OS=Danio rerio OX=7955 GN=si_busm1-189a20.2 PE=1 SV=1	Porites_asteroides_isotig07888 isotig07888 extracted_CDS GOMatch=B0WAD7 GOTerms=GO_0005604_GO_0007155_GO_0031012 Gene=Laminin_subunit_alpha_ Match_Acc=B0WAD7 gene=isogroup06156 length=785 numContigs=1
OG0000059	Danio_rerio_tr_F1R0I7_F1R0I7_DANRE tr|F1R0I7|F1R0I7_DANRE Scube3 OS=Danio rerio OX=7955 GN=scube3 PE=2 SV=3, Danio_rerio_tr_A0A0R4IBT9_A0A0R4IBT9_DANRE tr|A0A0R4IBT9|A0A0R4IBT9_DANRE Signal peptide_ CUB and EGF-like domain-containing protein 1 isoform 2 precursor OS=Danio rerio OX=7955 GN=im_7427863 PE=4 SV=1, Danio_rerio_sp_Q5G872_SCUB2_DANRE sp|Q5G872|SCUB2_DANRE Signal peptide_ CUB and EGF-like domain-containing protein 2 OS=Danio rerio OX=7955 GN=scube2 PE=2 SV=1, Danio_rerio_tr_A0A0B5JWE1_A0A0B5JWE1_DANRE tr|A0A0B5JWE1|A0A0B5JWE1_DANRE Scube2 _Fragment_ OS=Danio rerio OX=7955 GN=scube2 PE=2 SV=1	Porites_asteroides_GCKDGN102D9HT6 GCKDGN102D9HT6 extracted_CDS GOMatch=B3RQ10 GOTerms=GO_0005509_GO_0007160_GO_0016020 Gene=Mutant_fibrillin-1_ Match_Acc=O88840 length=430 region=2 run=R_2010_02_19_08_49_25_ xy=1631_1020
OG0000064	Danio_rerio_tr_F1QFX6_F1QFX6_DANRE tr|F1QFX6|F1QFX6_DANRE Latent transforming growth factor beta binding protein 3 OS=Danio rerio OX=7955 GN=ltbp3 PE=2 SV=2	Porites_asteroides_GCKDGN103FWEL0 GCKDGN103FWEL0 extracted_CDS GOMatch=Q4SHN1 GOTerms=GO_0005201_GO_0005488_GO_0005509_GO_0005576_GO_0005578_GO_0006030_GO_0008061 Gene=Fibrillin-2_ Match_Acc=P35556 length=259 region=3 run=R_2010_02_19_08_49_25_ xy=2302_1126
OG0000064	Danio_rerio_tr_B6CS38_B6CS38_DANRE tr|B6CS38|B6CS38_DANRE Fibrillin 2 OS=Danio rerio OX=7955 GN=fbn2 PE=1 SV=1, Danio_rerio_tr_A0A0G2KQ62_A0A0G2KQ62_DANRE tr|A0A0G2KQ62|A0A0G2KQ62_DANRE Fibrillin 2b OS=Danio rerio OX=7955 GN=fbn2 PE=1 SV=2	Porites_asteroides_isotig15608 isotig15608 extracted_CDS GOMatch=A7TA59 GOTerms=GO_0005488_GO_0005509 Gene=Fibrillin-2_ Match_Acc=Q9WUH9 gene=isogroup13876 length=468 numContigs=1
OG0000065	Danio_rerio_tr_V5NES1_V5NES1_DANRE tr|V5NES1|V5NES1_DANRE Glypican 5a OS=Danio rerio OX=7955 GN=Gpc5a PE=2 SV=1, Danio_rerio_sp_Q6V9Y8_GPC3_DANRE sp|Q6V9Y8|GPC3_DANRE Glypican-3 OS=Danio rerio OX=7955 GN=gpc3 PE=1 SV=1, Danio_rerio_tr_V5NF21_V5NF21_DANRE tr|V5NF21|V5NF21_DANRE Glypican 5b OS=Danio rerio OX=7955 GN=Gpc5b PE=2 SV=1	Porites_asteroides_isotig12383 isotig12383 extracted_CDS GOMatch=D2HAA5 GOTerms=GO_0005578_GO_0005626_GO_0005886_GO_0009897_GO_0016020_GO_0031225_GO_0043395 Gene=Glypican_Knypek_ Match_Acc=Q90Z52 gene=isogroup10651 length=558 numContigs=1
OG0000065	Danio_rerio_tr_B3DJ94_B3DJ94_DANRE tr|B3DJ94|B3DJ94_DANRE Glypican-4 precursor OS=Danio rerio OX=7955 GN=kny PE=1 SV=1, Danio_rerio_tr_V5NF92_V5NF92_DANRE tr|V5NF92|V5NF92_DANRE Glypican 6b OS=Danio rerio OX=7955 GN=Gpc6b PE=2 SV=1, Danio_rerio_tr_A7MBT1_A7MBT1_DANRE tr|A7MBT1|A7MBT1_DANRE Glypican 6a OS=Danio rerio OX=7955 GN=Gpc6a PE=2 SV=1, Danio_rerio_tr_V5NF87_V5NF87_DANRE tr|V5NF87|V5NF87_DANRE Glypican 2 OS=Danio rerio OX=7955 GN=Gpc2 PE=2 SV=1, Danio_rerio_sp_F1QCC6_GPC1_DANRE sp|F1QCC6|GPC1_DANRE Glypican-1 OS=Danio rerio OX=7955 GN=gpc1 PE=2 SV=1, Danio_rerio_tr_Q7T3D6_Q7T3D6_DANRE tr|Q7T3D6|Q7T3D6_DANRE Glypican 1b OS=Danio rerio OX=7955 GN=zgc_63947 PE=1 SV=1	Porites_asteroides_isotig04479 isotig04479 extracted_CDS GOMatch=D2HAA5 GOTerms=GO_0005578_GO_0005626_GO_0005886_GO_0009897_GO_0016020_GO_0031225_GO_0043395 Gene=Glypican_4_ Match_Acc=B1AV07 gene=isogroup02747 length=1262 numContigs=1
OG0000078	Danio_rerio_tr_B8A4C9_B8A4C9_DANRE tr|B8A4C9|B8A4C9_DANRE Cystatin C _amyloid angiopathy and cerebral hemorrhage_ OS=Danio rerio OX=7955 GN=fb51d07 PE=4 SV=1	Porites_asteroides_isotig16027 isotig16027 extracted_CDS GOMatch=A7S0K4 GOTerms=GO_0004869 Gene=Cystatin_N_ Match_Acc=Q8VHC1 gene=isogroup14295 length=459 numContigs=1
OG0000080	Danio_rerio_tr_Q7SZM6_Q7SZM6_DANRE tr|Q7SZM6|Q7SZM6_DANRE Metalloproteinase inhibitor 2 precursor OS=Danio rerio OX=7955 GN=etID32613.12 PE=2 SV=1, Danio_rerio_tr_Q6NUX9_Q6NUX9_DANRE tr|Q6NUX9|Q6NUX9_DANRE TIMP metallopeptidase inhibitor 2b OS=Danio rerio OX=7955 GN=timp2l PE=2 SV=1, Danio_rerio_tr_A0A0R4IT47_A0A0R4IT47_DANRE tr|A0A0R4IT47|A0A0R4IT47_DANRE TIMP metallopeptidase inhibitor 4_ tandem duplicate 3 OS=Danio rerio OX=7955 GN=timp4 PE=3 SV=1	Porites_asteroides_isotig08505 isotig08505 extracted_CDS GOMatch=C3Y3X2 GOTerms=GO_0005578_GO_0008191 Gene=Metalloproteinase_inhibitor_3_ Match_Acc=B0W8H4 gene=isogroup06773 length=750 numContigs=1, Porites_asteroides_isotig02114 isotig02114 extracted_CDS GOMatch=A7SSJ2 GOTerms=GO_0005578_GO_0008191 Gene=Timp-3__putative_ Match_Acc=Q16IW9 gene=isogroup00890 length=955 numContigs=2, Porites_asteroides_isotig00736 isotig00736 extracted_CDS GOMatch=C3Y3X2 GOTerms=GO_0005578_GO_0008191 Gene=Brain_cDNA__clone_MNCb-5810__similar_to_Mus_musculus_tissue_inhibitor_of_metalloproteinase_3__Ti mp3___mRNA_ Match_Acc=Q54AE5 gene=isogroup00207 length=797 numContigs=2, Porites_asteroides_isotig16559 isotig16559 extracted_CDS GOMatch=Q9W6B4 GOTerms=GO_0004857_GO_0005576_GO_0005578_GO_0008191_GO_0043086_GO_0046872 Gene=Metalloproteinase_inhibitor_3_ Match_Acc=P26652 gene=isogroup14827 length=447 numContigs=1
OG0000081	Danio_rerio_sp_Q7SXF6_CREL2_DANRE sp|Q7SXF6|CREL2_DANRE Cysteine-rich with EGF-like domain protein 2 OS=Danio rerio OX=7955 GN=creld2 PE=2 SV=2	Porites_asteroides_isotig28749 isotig28749 extracted_CDS GOMatch=A7RT96 GOTerms=GO_0005509 Gene=Cysteine-rich_with_EGF-like_domain_protein_2_ Match_Acc=Q7SXF6 gene=isogroup27017 length=261 numContigs=1, Porites_asteroides_GCKDGN101BNNFL GCKDGN101BNNFL extracted_CDS GOMatch=A8XVJ4 GOTerms=GO_0004867_GO_0005509 Gene=MEC-9L_ Match_Acc=Q27422 length=456 region=1 run=R_2010_02_19_08_49_25_ xy=0562_1231
OG0000083	Danio_rerio_tr_A0A8M1NJV4_A0A8M1NJV4_DANRE tr|A0A8M1NJV4|A0A8M1NJV4_DANRE Hyaluronidase OS=Danio rerio OX=7955 GN=si_dkey-20d21.13 PE=3 SV=1, Danio_rerio_tr_Q29RC1_Q29RC1_DANRE tr|Q29RC1|Q29RC1_DANRE Hyaluronidase OS=Danio rerio OX=7955 GN=hyal1 PE=2 SV=1, Danio_rerio_tr_A1L264_A1L264_DANRE tr|A1L264|A1L264_DANRE Hyaluronidase OS=Danio rerio OX=7955 GN=zgc_158668 PE=2 SV=1, Danio_rerio_tr_X1WD16_X1WD16_DANRE tr|X1WD16|X1WD16_DANRE Hyaluronidase OS=Danio rerio OX=7955 GN=LOC108181664 PE=3 SV=1, Danio_rerio_tr_A1L235_A1L235_DANRE tr|A1L235|A1L235_DANRE Hyaluronidase OS=Danio rerio OX=7955 GN=zgc_158626 PE=2 SV=1, Danio_rerio_tr_A0A8M3ATS4_A0A8M3ATS4_DANRE tr|A0A8M3ATS4|A0A8M3ATS4_DANRE Hyaluronidase OS=Danio rerio OX=7955 GN=hyal2a PE=3 SV=1	Porites_asteroides_isotig18563 isotig18563 extracted_CDS GOMatch=C3XYF8 GOTerms=GO_0003824_GO_0004415_GO_0005975_GO_0008152 Gene=Hyaluronidase_5__Fragment__ Match_Acc=D6C449 gene=isogroup16831 length=410 numContigs=1, Porites_asteroides_isotig07169 isotig07169 extracted_CDS GOMatch=A7RL66 GOTerms=GO_0003824_GO_0004415_GO_0005975_GO_0006952_GO_0008152 Gene=Hyal2-prov_protein_ Match_Acc=Q801T1 gene=isogroup05437 length=839 numContigs=1
OG0000089	Danio_rerio_tr_F1QKY4_F1QKY4_DANRE tr|F1QKY4|F1QKY4_DANRE Chordin OS=Danio rerio OX=7955 GN=chd PE=3 SV=1, Danio_rerio_sp_O57472_CHRD_DANRE sp|O57472|CHRD_DANRE Chordin OS=Danio rerio OX=7955 GN=chd PE=2 SV=1	Porites_asteroides_isotig22032 isotig22032 extracted_CDS GOMatch=B5DEB6 GOTerms=GO_0001947_GO_0003143_GO_0007368_GO_0009948_GO_0009953_GO_0010159_GO_0030514_GO_0035143_GO_0035162_GO_0043049_GO_0048264_GO_0060030_GO_0061371_GO_0070121_GO_2000223 Gene=Chordin_ Match_Acc=Q27W09 gene=isogroup20300 length=372 numContigs=1, Porites_asteroides_isotig22897 isotig22897 extracted_CDS GOMatch=Q91713 GOTerms=GO_0005515_GO_0005576_GO_0007275_GO_0008201_GO_0009798_GO_0035121_GO_0043009_GO_0045545_GO_0048793 Gene=Chordin_ Match_Acc=Q27W09 gene=isogroup21165 length=361 numContigs=1
OG0000095	Danio_rerio_tr_E7EDQ9_E7EDQ9_DANRE tr|E7EDQ9|E7EDQ9_DANRE SPARC-related modular calcium-binding 1 OS=Danio rerio OX=7955 GN=smoc1 PE=2 SV=1	Porites_asteroides_GCKDGN102DI66L GCKDGN102DI66L extracted_CDS xy=1331_2955 Gene=Equistatin_ Match_Acc=Q9U6K8 run=R_2010_02_19_08_49_25_ region=2 length=298
OG0000102	Danio_rerio_tr_B8A4X3_B8A4X3_DANRE tr|B8A4X3|B8A4X3_DANRE Fibulin 5 OS=Danio rerio OX=7955 GN=zgc_103575 PE=1 SV=1, Danio_rerio_tr_Q5XJ74_Q5XJ74_DANRE tr|Q5XJ74|Q5XJ74_DANRE Fbln5 protein OS=Danio rerio OX=7955 GN=zgc_103575 PE=1 SV=1, Danio_rerio_tr_Q5PR37_Q5PR37_DANRE tr|Q5PR37|Q5PR37_DANRE EGF-containing fibulin-like extracellular matrix protein 2 OS=Danio rerio OX=7955 GN=efemp2 PE=1 SV=1, Danio_rerio_tr_Q5WQV6_Q5WQV6_DANRE tr|Q5WQV6|Q5WQV6_DANRE Acidic fibroblast growth factor intracellular-binding protein B isoform X1 OS=Danio rerio OX=7955 GN=LOC572703 PE=1 SV=2, Danio_rerio_tr_A0A0R4IL08_A0A0R4IL08_DANRE tr|A0A0R4IL08|A0A0R4IL08_DANRE Si_ch73-173h19.3 OS=Danio rerio OX=7955 GN=si_ch73-173h19.3 PE=4 SV=1	Porites_asteroides_isotig09039 isotig09039 extracted_CDS GOMatch=C3YL41 GOTerms=GO_0005509_GO_0005576_GO_0007339 Gene=Sushi__von_Willebrand_factor_type_A__EGF_and_pentraxin_domain-containing_protein_1_ Match_Acc=A2AVA0 gene=isogroup07307 length=721 numContigs=1
OG0000112	Danio_rerio_tr_Q1LVP9_Q1LVP9_DANRE tr|Q1LVP9|Q1LVP9_DANRE Heparanase OS=Danio rerio OX=7955 GN=im_7144134 PE=3 SV=1	Porites_asteroides_isotig11902 isotig11902 extracted_CDS GOMatch=A7S0R9 GOTerms=GO_0003824_GO_0005975_GO_0016020_GO_0016798_GO_0043169 Gene=Heparanase_ Match_Acc=Q90YK5 gene=isogroup10170 length=582 numContigs=1
OG0000114	Danio_rerio_tr_X1WCP5_X1WCP5_DANRE tr|X1WCP5|X1WCP5_DANRE Host cell factor 2 OS=Danio rerio OX=7955 GN=si_ch73-376i21.2 PE=4 SV=1	Porites_asteroides_isotig03579 isotig03579 extracted_CDS GOMatch=P51611 GOTerms=GO_0003682_GO_0003713_GO_0005634_GO_0005737_GO_0007049_GO_0045931_GO_0048188_GO_0050821_GO_0071339 Gene=Host_cell_factor_1_ Match_Acc=P51611 gene=isogroup01847 length=1700 numContigs=1
OG0000114	Danio_rerio_tr_A0A8M3AXL2_A0A8M3AXL2_DANRE tr|A0A8M3AXL2|A0A8M3AXL2_DANRE Host cell factor C1a OS=Danio rerio OX=7955 GN=fc61g09 PE=1 SV=1, Danio_rerio_tr_Q7SZY1_Q7SZY1_DANRE tr|Q7SZY1|Q7SZY1_DANRE Host cell factor C1a OS=Danio rerio OX=7955 GN=zK13A21.2 PE=1 SV=1, Danio_rerio_tr_A0A8M9PQY4_A0A8M9PQY4_DANRE tr|A0A8M9PQY4|A0A8M9PQY4_DANRE Host cell factor 1 OS=Danio rerio OX=7955 GN=fc07b09 PE=1 SV=1	Porites_asteroides_GCKDGN103GUH3H GCKDGN103GUH3H extracted_CDS Gene=Protein_sidekick-2_ Match_Acc=Q8AV57 length=452 region=3 run=R_2010_02_19_08_49_25_ xy=2690_2699
OG0000122	Danio_rerio_tr_Q7SZM5_Q7SZM5_DANRE tr|Q7SZM5|Q7SZM5_DANRE 72 kDa type IV collagenase precursor OS=Danio rerio OX=7955 GN=wu_fk89d01 PE=2 SV=1, Danio_rerio_tr_Q7T317_Q7T317_DANRE tr|Q7T317|Q7T317_DANRE Matrix metalloproteinase 9 OS=Danio rerio OX=7955 GN=wu_fi98c09 PE=2 SV=1	Porites_asteroides_isotig13546 isotig13546 extracted_CDS GOMatch=A7RL30 GOTerms=GO_0016020 Gene=Matrix_metalloproteinase_9_ Match_Acc=Q5D713 gene=isogroup11814 length=522 numContigs=1
OG0000209	Danio_rerio_sp_Q7SYD9_INT6_DANRE sp|Q7SYD9|INT6_DANRE Integrator complex subunit 6 OS=Danio rerio OX=7955 GN=ints6 PE=2 SV=1	Porites_asteroides_GCKDGN103GEHWU GCKDGN103GEHWU extracted_CDS GOMatch=Q5U4W6 GOTerms=GO_0005634 Gene=Integrator_complex_subunit_6-B_ Match_Acc=Q5U4W6 length=279 region=3 run=R_2010_02_19_08_49_25_ xy=2508_1436
OG0000447	Danio_rerio_tr_F1REF9_F1REF9_DANRE tr|F1REF9|F1REF9_DANRE Proteoglycan 4 precursor OS=Danio rerio OX=7955 GN=prg4 PE=4 SV=2	Porites_asteroides_GCKDGN101BVX0V GCKDGN101BVX0V extracted_CDS region=1 length=402 run=R_2010_02_19_08_49_25_ xy=0656_3181
