Orthogroup	Choanozoa_Choanoflagellatea_Salpingoeca_rosetta	Cnidaria_Staurozoa_Calvadosia_cruxmelitensis
OG0000001	Salpingoeca_rosetta_XP_004988333.1 XP_004988333.1 proprotein convertase subtilisin_kexin type 5 [Salpingoeca rosetta], Salpingoeca_rosetta_XP_004988175.1 XP_004988175.1 uncharacterized protein PTSG_13079 [Salpingoeca rosetta], Salpingoeca_rosetta_XP_004993910.1 XP_004993910.1 uncharacterized protein PTSG_12296 [Salpingoeca rosetta], Salpingoeca_rosetta_XP_004988782.1 XP_004988782.1 uncharacterized protein PTSG_13098_ partial [Salpingoeca rosetta], Salpingoeca_rosetta_XP_004989183.1 XP_004989183.1 uncharacterized protein PTSG_09826 [Salpingoeca rosetta], Salpingoeca_rosetta_XP_004991958.1 XP_004991958.1 uncharacterized protein PTSG_06573 [Salpingoeca rosetta]	Calvadosia_cruxmelitensis_Ccrux.Trinity.46225 Ccrux.Trinity.46225, Calvadosia_cruxmelitensis_Ccrux.Trinity.46223 Ccrux.Trinity.46223, Calvadosia_cruxmelitensis_Ccrux.Trinity.46224 Ccrux.Trinity.46224, Calvadosia_cruxmelitensis_Ccrux.Trinity.59987 Ccrux.Trinity.59987, Calvadosia_cruxmelitensis_Ccrux.Trinity.40612 Ccrux.Trinity.40612, Calvadosia_cruxmelitensis_Ccrux.Trinity.40613 Ccrux.Trinity.40613, Calvadosia_cruxmelitensis_Ccrux.Trinity.47275 Ccrux.Trinity.47275, Calvadosia_cruxmelitensis_Ccrux.Trinity.47256 Ccrux.Trinity.47256, Calvadosia_cruxmelitensis_Ccrux.Trinity.47271 Ccrux.Trinity.47271, Calvadosia_cruxmelitensis_Ccrux.Trinity.47257 Ccrux.Trinity.47257, Calvadosia_cruxmelitensis_Ccrux.Trinity.47260 Ccrux.Trinity.47260, Calvadosia_cruxmelitensis_Ccrux.Trinity.47278 Ccrux.Trinity.47278, Calvadosia_cruxmelitensis_Ccrux.Trinity.47280 Ccrux.Trinity.47280
OG0000001	Salpingoeca_rosetta_XP_004992170.1 XP_004992170.1 uncharacterized protein PTSG_06772 [Salpingoeca rosetta]	Calvadosia_cruxmelitensis_Ccrux.Trinity.54378 Ccrux.Trinity.54378, Calvadosia_cruxmelitensis_Ccrux.Trinity.54377 Ccrux.Trinity.54377
OG0000001	Salpingoeca_rosetta_XP_004990163.1 XP_004990163.1 uncharacterized protein PTSG_12793 [Salpingoeca rosetta], Salpingoeca_rosetta_XP_004996713.1 XP_004996713.1 laminin alpha 5 chain [Salpingoeca rosetta]	Calvadosia_cruxmelitensis_Ccrux.Trinity.36147 Ccrux.Trinity.36147, Calvadosia_cruxmelitensis_Ccrux.Trinity.36145 Ccrux.Trinity.36145, Calvadosia_cruxmelitensis_Ccrux.Trinity.40282 Ccrux.Trinity.40282, Calvadosia_cruxmelitensis_Ccrux.Trinity.40281 Ccrux.Trinity.40281
OG0000001	Salpingoeca_rosetta_XP_004993731.1 XP_004993731.1 laminin alpha 5 chain [Salpingoeca rosetta]	Calvadosia_cruxmelitensis_Ccrux.Trinity.39089 Ccrux.Trinity.39089, Calvadosia_cruxmelitensis_Ccrux.Trinity.39088 Ccrux.Trinity.39088, Calvadosia_cruxmelitensis_Ccrux.Trinity.52972 Ccrux.Trinity.52972, Calvadosia_cruxmelitensis_Ccrux.Trinity.70250 Ccrux.Trinity.70250, Calvadosia_cruxmelitensis_Ccrux.Trinity.33425 Ccrux.Trinity.33425, Calvadosia_cruxmelitensis_Ccrux.Trinity.33423 Ccrux.Trinity.33423, Calvadosia_cruxmelitensis_Ccrux.Trinity.33422 Ccrux.Trinity.33422, Calvadosia_cruxmelitensis_Ccrux.Trinity.33427 Ccrux.Trinity.33427, Calvadosia_cruxmelitensis_Ccrux.Trinity.11130 Ccrux.Trinity.11130, Calvadosia_cruxmelitensis_Ccrux.Trinity.20012 Ccrux.Trinity.20012, Calvadosia_cruxmelitensis_Ccrux.Trinity.14897 Ccrux.Trinity.14897, Calvadosia_cruxmelitensis_Ccrux.Trinity.14896 Ccrux.Trinity.14896, Calvadosia_cruxmelitensis_Ccrux.Trinity.1401 Ccrux.Trinity.1401
OG0000002	Salpingoeca_rosetta_XP_004998178.1 XP_004998178.1 uncharacterized protein PTSG_00710 [Salpingoeca rosetta], Salpingoeca_rosetta_XP_004992682.1 XP_004992682.1 uncharacterized protein PTSG_07263 [Salpingoeca rosetta]	Calvadosia_cruxmelitensis_Ccrux.Trinity.45769 Ccrux.Trinity.45769
OG0000003	Salpingoeca_rosetta_XP_004988103.1 XP_004988103.1 uncharacterized protein PTSG_10568 [Salpingoeca rosetta], Salpingoeca_rosetta_XP_004994258.1 XP_004994258.1 uncharacterized protein PTSG_04943 [Salpingoeca rosetta]	Calvadosia_cruxmelitensis_Ccrux.Trinity.52176 Ccrux.Trinity.52176
OG0000003	Salpingoeca_rosetta_XP_004991792.1 XP_004991792.1 uncharacterized protein PTSG_12667 [Salpingoeca rosetta]	Calvadosia_cruxmelitensis_Ccrux.Trinity.72236 Ccrux.Trinity.72236, Calvadosia_cruxmelitensis_Ccrux.Trinity.60462 Ccrux.Trinity.60462
OG0000003	Salpingoeca_rosetta_XP_004995286.1 XP_004995286.1 lung surfactant protein A [Salpingoeca rosetta], Salpingoeca_rosetta_XP_004992387.1 XP_004992387.1 salivary C-type lectin [Salpingoeca rosetta], Salpingoeca_rosetta_XP_004997986.1 XP_004997986.1 C-type lectin [Salpingoeca rosetta]	Calvadosia_cruxmelitensis_Ccrux.Trinity.71459 Ccrux.Trinity.71459, Calvadosia_cruxmelitensis_Ccrux.Trinity.18445 Ccrux.Trinity.18445, Calvadosia_cruxmelitensis_Ccrux.Trinity.18452 Ccrux.Trinity.18452, Calvadosia_cruxmelitensis_Ccrux.Trinity.18443 Ccrux.Trinity.18443, Calvadosia_cruxmelitensis_Ccrux.Trinity.18449 Ccrux.Trinity.18449, Calvadosia_cruxmelitensis_Ccrux.Trinity.64957 Ccrux.Trinity.64957, Calvadosia_cruxmelitensis_Ccrux.Trinity.64956 Ccrux.Trinity.64956, Calvadosia_cruxmelitensis_Ccrux.Trinity.62416 Ccrux.Trinity.62416, Calvadosia_cruxmelitensis_Ccrux.Trinity.8190 Ccrux.Trinity.8190, Calvadosia_cruxmelitensis_Ccrux.Trinity.8191 Ccrux.Trinity.8191, Calvadosia_cruxmelitensis_Ccrux.Trinity.63471 Ccrux.Trinity.63471, Calvadosia_cruxmelitensis_Ccrux.Trinity.2131 Ccrux.Trinity.2131, Calvadosia_cruxmelitensis_Ccrux.Trinity.55921 Ccrux.Trinity.55921
OG0000004	Salpingoeca_rosetta_XP_004993085.1 XP_004993085.1 uncharacterized protein PTSG_12412 [Salpingoeca rosetta], Salpingoeca_rosetta_XP_004995902.1 XP_004995902.1 uncharacterized protein PTSG_11996 [Salpingoeca rosetta], Salpingoeca_rosetta_XP_004990682.1 XP_004990682.1 uncharacterized protein PTSG_12722 [Salpingoeca rosetta], Salpingoeca_rosetta_XP_004998822.1 XP_004998822.1 uncharacterized protein PTSG_11571 [Salpingoeca rosetta], Salpingoeca_rosetta_XP_004998150.1 XP_004998150.1 uncharacterized protein PTSG_00683 [Salpingoeca rosetta], Salpingoeca_rosetta_XP_004997256.1 XP_004997256.1 uncharacterized protein PTSG_01285 [Salpingoeca rosetta], Salpingoeca_rosetta_XP_004998828.1 XP_004998828.1 uncharacterized protein PTSG_00277 [Salpingoeca rosetta], Salpingoeca_rosetta_XP_004990645.1 XP_004990645.1 uncharacterized protein PTSG_08395 [Salpingoeca rosetta]	Calvadosia_cruxmelitensis_Ccrux.Trinity.42202 Ccrux.Trinity.42202
OG0000004	Salpingoeca_rosetta_XP_004997926.1 XP_004997926.1 uncharacterized protein PTSG_11807 [Salpingoeca rosetta]	Calvadosia_cruxmelitensis_Ccrux.Trinity.53258 Ccrux.Trinity.53258, Calvadosia_cruxmelitensis_Ccrux.Trinity.16828 Ccrux.Trinity.16828
OG0000004	Salpingoeca_rosetta_XP_004992043.1 XP_004992043.1 NOTCH2 protein [Salpingoeca rosetta]	Calvadosia_cruxmelitensis_Ccrux.Trinity.25108 Ccrux.Trinity.25108, Calvadosia_cruxmelitensis_Ccrux.Trinity.25110 Ccrux.Trinity.25110, Calvadosia_cruxmelitensis_Ccrux.Trinity.25109 Ccrux.Trinity.25109
OG0000004	Salpingoeca_rosetta_XP_004992127.1 XP_004992127.1 notch-1 [Salpingoeca rosetta], Salpingoeca_rosetta_XP_004997440.1 XP_004997440.1 NOTCH2 protein [Salpingoeca rosetta], Salpingoeca_rosetta_XP_004997478.1 XP_004997478.1 uncharacterized protein PTSG_01501 [Salpingoeca rosetta]	Calvadosia_cruxmelitensis_Ccrux.Trinity.56564 Ccrux.Trinity.56564
OG0000004	Salpingoeca_rosetta_XP_004995793.1 XP_004995793.1 NOTCH2 protein [Salpingoeca rosetta]	Calvadosia_cruxmelitensis_Ccrux.Trinity.41056 Ccrux.Trinity.41056, Calvadosia_cruxmelitensis_Ccrux.Trinity.41083 Ccrux.Trinity.41083, Calvadosia_cruxmelitensis_Ccrux.Trinity.41074 Ccrux.Trinity.41074, Calvadosia_cruxmelitensis_Ccrux.Trinity.41080 Ccrux.Trinity.41080, Calvadosia_cruxmelitensis_Ccrux.Trinity.41065 Ccrux.Trinity.41065, Calvadosia_cruxmelitensis_Ccrux.Trinity.41060 Ccrux.Trinity.41060, Calvadosia_cruxmelitensis_Ccrux.Trinity.41047 Ccrux.Trinity.41047, Calvadosia_cruxmelitensis_Ccrux.Trinity.9483 Ccrux.Trinity.9483
OG0000007	Salpingoeca_rosetta_XP_004995383.1 XP_004995383.1 tamm-Horsfall protein [Salpingoeca rosetta]	Calvadosia_cruxmelitensis_Ccrux.Trinity.48645 Ccrux.Trinity.48645
OG0000008	Salpingoeca_rosetta_XP_004989846.1 XP_004989846.1 uncharacterized protein PTSG_09047 [Salpingoeca rosetta], Salpingoeca_rosetta_XP_004991861.1 XP_004991861.1 uncharacterized protein PTSG_06479 [Salpingoeca rosetta]	Calvadosia_cruxmelitensis_Ccrux.Trinity.338 Ccrux.Trinity.338, Calvadosia_cruxmelitensis_Ccrux.Trinity.12174 Ccrux.Trinity.12174, Calvadosia_cruxmelitensis_Ccrux.Trinity.11107 Ccrux.Trinity.11107, Calvadosia_cruxmelitensis_Ccrux.Trinity.12214 Ccrux.Trinity.12214, Calvadosia_cruxmelitensis_Ccrux.Trinity.4790 Ccrux.Trinity.4790
OG0000008	Salpingoeca_rosetta_XP_004991574.1 XP_004991574.1 NOTCH2 protein [Salpingoeca rosetta], Salpingoeca_rosetta_XP_004993051.1 XP_004993051.1 uncharacterized protein PTSG_06159 [Salpingoeca rosetta], Salpingoeca_rosetta_XP_004998107.1 XP_004998107.1 fibropellin III [Salpingoeca rosetta]	Calvadosia_cruxmelitensis_Ccrux.Trinity.59185 Ccrux.Trinity.59185
OG0000008	Salpingoeca_rosetta_XP_004996065.1 XP_004996065.1 fibropellin Ia [Salpingoeca rosetta]	Calvadosia_cruxmelitensis_Ccrux.Trinity.73081 Ccrux.Trinity.73081
OG0000008	Salpingoeca_rosetta_XP_004993484.1 XP_004993484.1 fibrillin 1 [Salpingoeca rosetta]	Calvadosia_cruxmelitensis_Ccrux.Trinity.18505 Ccrux.Trinity.18505
OG0000009	Salpingoeca_rosetta_XP_004991603.1 XP_004991603.1 uncharacterized protein PTSG_07802 [Salpingoeca rosetta]	Calvadosia_cruxmelitensis_Ccrux.Trinity.67770 Ccrux.Trinity.67770
OG0000012	Salpingoeca_rosetta_XP_004997053.1 XP_004997053.1 uncharacterized protein PTSG_01084 [Salpingoeca rosetta]	Calvadosia_cruxmelitensis_Ccrux.Trinity.43255 Ccrux.Trinity.43255, Calvadosia_cruxmelitensis_Ccrux.Trinity.22673 Ccrux.Trinity.22673, Calvadosia_cruxmelitensis_Ccrux.Trinity.22674 Ccrux.Trinity.22674, Calvadosia_cruxmelitensis_Ccrux.Trinity.24156 Ccrux.Trinity.24156
OG0000018	Salpingoeca_rosetta_XP_004993302.1 XP_004993302.1 uncharacterized protein PTSG_06413 [Salpingoeca rosetta]	Calvadosia_cruxmelitensis_Ccrux.Trinity.22524 Ccrux.Trinity.22524
OG0000020	Salpingoeca_rosetta_XP_004997835.1 XP_004997835.1 uncharacterized protein PTSG_11789 [Salpingoeca rosetta], Salpingoeca_rosetta_XP_004999076.1 XP_004999076.1 uncharacterized protein PTSG_11601 [Salpingoeca rosetta]	Calvadosia_cruxmelitensis_Ccrux.Trinity.27073 Ccrux.Trinity.27073
OG0000022	Salpingoeca_rosetta_XP_004988766.1 XP_004988766.1 annexin A7 [Salpingoeca rosetta]	Calvadosia_cruxmelitensis_Ccrux.Trinity.62820 Ccrux.Trinity.62820
OG0000022	Salpingoeca_rosetta_XP_004990725.1 XP_004990725.1 annexin A7 [Salpingoeca rosetta], Salpingoeca_rosetta_XP_004998202.1 XP_004998202.1 uncharacterized protein PTSG_11636 [Salpingoeca rosetta]	Calvadosia_cruxmelitensis_Ccrux.Trinity.25376 Ccrux.Trinity.25376, Calvadosia_cruxmelitensis_Ccrux.Trinity.25386 Ccrux.Trinity.25386, Calvadosia_cruxmelitensis_Ccrux.Trinity.25378 Ccrux.Trinity.25378, Calvadosia_cruxmelitensis_Ccrux.Trinity.25383 Ccrux.Trinity.25383, Calvadosia_cruxmelitensis_Ccrux.Trinity.25387 Ccrux.Trinity.25387
OG0000030	Salpingoeca_rosetta_XP_004993196.1 XP_004993196.1 ADAM-17 protein [Salpingoeca rosetta], Salpingoeca_rosetta_XP_004992519.1 XP_004992519.1 uncharacterized protein PTSG_07102 [Salpingoeca rosetta], Salpingoeca_rosetta_XP_004990777.1 XP_004990777.1 uncharacterized protein PTSG_07278 [Salpingoeca rosetta]	Calvadosia_cruxmelitensis_Ccrux.Trinity.10006 Ccrux.Trinity.10006, Calvadosia_cruxmelitensis_Ccrux.Trinity.10008 Ccrux.Trinity.10008, Calvadosia_cruxmelitensis_Ccrux.Trinity.10007 Ccrux.Trinity.10007
OG0000030	Salpingoeca_rosetta_XP_004994795.1 XP_004994795.1 uncharacterized protein PTSG_03901 [Salpingoeca rosetta], Salpingoeca_rosetta_XP_004988368.1 XP_004988368.1 uncharacterized protein PTSG_10317 [Salpingoeca rosetta]	Calvadosia_cruxmelitensis_Ccrux.Trinity.26176 Ccrux.Trinity.26176, Calvadosia_cruxmelitensis_Ccrux.Trinity.26172 Ccrux.Trinity.26172, Calvadosia_cruxmelitensis_Ccrux.Trinity.55193 Ccrux.Trinity.55193
OG0000031	Salpingoeca_rosetta_XP_004991631.1 XP_004991631.1 uncharacterized protein PTSG_07827 [Salpingoeca rosetta], Salpingoeca_rosetta_XP_004994479.1 XP_004994479.1 uncharacterized protein PTSG_04390 [Salpingoeca rosetta], Salpingoeca_rosetta_XP_004992775.1 XP_004992775.1 uncharacterized protein PTSG_05882 [Salpingoeca rosetta]	Calvadosia_cruxmelitensis_Ccrux.Trinity.15334 Ccrux.Trinity.15334
OG0000034	Salpingoeca_rosetta_XP_004991206.1 XP_004991206.1 wnt inhibitory factor 1 [Salpingoeca rosetta], Salpingoeca_rosetta_XP_004999045.1 XP_004999045.1 laminin B1 [Salpingoeca rosetta]	Calvadosia_cruxmelitensis_Ccrux.Trinity.49497 Ccrux.Trinity.49497, Calvadosia_cruxmelitensis_Ccrux.Trinity.47132 Ccrux.Trinity.47132, Calvadosia_cruxmelitensis_Ccrux.Trinity.47134 Ccrux.Trinity.47134, Calvadosia_cruxmelitensis_Ccrux.Trinity.47135 Ccrux.Trinity.47135, Calvadosia_cruxmelitensis_Ccrux.Trinity.47131 Ccrux.Trinity.47131, Calvadosia_cruxmelitensis_Ccrux.Trinity.5240 Ccrux.Trinity.5240, Calvadosia_cruxmelitensis_Ccrux.Trinity.5241 Ccrux.Trinity.5241, Calvadosia_cruxmelitensis_Ccrux.Trinity.5239 Ccrux.Trinity.5239
OG0000037	Salpingoeca_rosetta_XP_004988755.1 XP_004988755.1 uncharacterized protein PTSG_10789 [Salpingoeca rosetta], Salpingoeca_rosetta_XP_004998655.1 XP_004998655.1 uncharacterized protein PTSG_11543 [Salpingoeca rosetta], Salpingoeca_rosetta_XP_004996893.1 XP_004996893.1 uncharacterized protein PTSG_11875 [Salpingoeca rosetta], Salpingoeca_rosetta_XP_004994806.1 XP_004994806.1 uncharacterized protein PTSG_03911 [Salpingoeca rosetta], Salpingoeca_rosetta_XP_004994760.1 XP_004994760.1 uncharacterized protein PTSG_04670 [Salpingoeca rosetta]	Calvadosia_cruxmelitensis_Ccrux.Trinity.57803 Ccrux.Trinity.57803
OG0000041	Salpingoeca_rosetta_XP_004992203.1 XP_004992203.1 beta-actin [Salpingoeca rosetta]	Calvadosia_cruxmelitensis_Ccrux.Trinity.59000 Ccrux.Trinity.59000, Calvadosia_cruxmelitensis_Ccrux.Trinity.32466 Ccrux.Trinity.32466, Calvadosia_cruxmelitensis_Ccrux.Trinity.32467 Ccrux.Trinity.32467
OG0000042	Salpingoeca_rosetta_XP_004989366.1 XP_004989366.1 uncharacterized protein PTSG_09113 [Salpingoeca rosetta]	Calvadosia_cruxmelitensis_Ccrux.Trinity.52092 Ccrux.Trinity.52092
OG0000042	Salpingoeca_rosetta_XP_004993971.1 XP_004993971.1 uncharacterized protein PTSG_05398 [Salpingoeca rosetta]	Calvadosia_cruxmelitensis_Ccrux.Trinity.55570 Ccrux.Trinity.55570, Calvadosia_cruxmelitensis_Ccrux.Trinity.70672 Ccrux.Trinity.70672
OG0000048	Salpingoeca_rosetta_XP_004987589.1 XP_004987589.1 uncharacterized protein PTSG_13192_ partial [Salpingoeca rosetta]	Calvadosia_cruxmelitensis_Ccrux.Trinity.26912 Ccrux.Trinity.26912, Calvadosia_cruxmelitensis_Ccrux.Trinity.26915 Ccrux.Trinity.26915
OG0000058	Salpingoeca_rosetta_XP_004997451.1 XP_004997451.1 uncharacterized protein PTSG_11741 [Salpingoeca rosetta]	Calvadosia_cruxmelitensis_Ccrux.Trinity.66662 Ccrux.Trinity.66662, Calvadosia_cruxmelitensis_Ccrux.Trinity.49285 Ccrux.Trinity.49285, Calvadosia_cruxmelitensis_Ccrux.Trinity.49278 Ccrux.Trinity.49278
OG0000061	Salpingoeca_rosetta_XP_004987707.1 XP_004987707.1 uncharacterized protein PTSG_11347 [Salpingoeca rosetta], Salpingoeca_rosetta_XP_004994504.1 XP_004994504.1 uncharacterized protein PTSG_12171 [Salpingoeca rosetta]	Calvadosia_cruxmelitensis_Ccrux.Trinity.45943 Ccrux.Trinity.45943
OG0000064	Salpingoeca_rosetta_XP_004991801.1 XP_004991801.1 salivary glue protein Sgs-3 [Salpingoeca rosetta], Salpingoeca_rosetta_XP_004998469.1 XP_004998469.1 gamma-carboxyglutamic acid protein 3 splice variant A [Salpingoeca rosetta], Salpingoeca_rosetta_XP_004988554.1 XP_004988554.1 uncharacterized protein PTSG_10215 [Salpingoeca rosetta]	Calvadosia_cruxmelitensis_Ccrux.Trinity.31845 Ccrux.Trinity.31845, Calvadosia_cruxmelitensis_Ccrux.Trinity.31846 Ccrux.Trinity.31846, Calvadosia_cruxmelitensis_Ccrux.Trinity.31844 Ccrux.Trinity.31844, Calvadosia_cruxmelitensis_Ccrux.Trinity.19626 Ccrux.Trinity.19626
OG0000081	Salpingoeca_rosetta_XP_004994461.1 XP_004994461.1 cysteine-rich with EGF-like domain-containing protein 2 [Salpingoeca rosetta], Salpingoeca_rosetta_XP_004991372.1 XP_004991372.1 uncharacterized protein PTSG_07576 [Salpingoeca rosetta]	Calvadosia_cruxmelitensis_Ccrux.Trinity.39810 Ccrux.Trinity.39810, Calvadosia_cruxmelitensis_Ccrux.Trinity.39813 Ccrux.Trinity.39813, Calvadosia_cruxmelitensis_Ccrux.Trinity.39808 Ccrux.Trinity.39808
OG0000082	Salpingoeca_rosetta_XP_004991179.1 XP_004991179.1 uncharacterized protein PTSG_12689 [Salpingoeca rosetta]	Calvadosia_cruxmelitensis_Ccrux.Trinity.39763 Ccrux.Trinity.39763, Calvadosia_cruxmelitensis_Ccrux.Trinity.39765 Ccrux.Trinity.39765
OG0000086	Salpingoeca_rosetta_XP_004988905.1 XP_004988905.1 uncharacterized protein PTSG_09992 [Salpingoeca rosetta]	Calvadosia_cruxmelitensis_Ccrux.Trinity.41676 Ccrux.Trinity.41676
OG0000087	Salpingoeca_rosetta_XP_004991976.1 XP_004991976.1 uncharacterized protein PTSG_06590 [Salpingoeca rosetta]	Calvadosia_cruxmelitensis_Ccrux.Trinity.46936 Ccrux.Trinity.46936, Calvadosia_cruxmelitensis_Ccrux.Trinity.46943 Ccrux.Trinity.46943, Calvadosia_cruxmelitensis_Ccrux.Trinity.46957 Ccrux.Trinity.46957, Calvadosia_cruxmelitensis_Ccrux.Trinity.46948 Ccrux.Trinity.46948
OG0000088	Salpingoeca_rosetta_XP_004989262.1 XP_004989262.1 uncharacterized protein PTSG_09907 [Salpingoeca rosetta]	Calvadosia_cruxmelitensis_Ccrux.Trinity.51932 Ccrux.Trinity.51932
OG0000094	Salpingoeca_rosetta_XP_004997081.1 XP_004997081.1 uncharacterized protein PTSG_01111 [Salpingoeca rosetta]	Calvadosia_cruxmelitensis_Ccrux.Trinity.28928 Ccrux.Trinity.28928, Calvadosia_cruxmelitensis_Ccrux.Trinity.28927 Ccrux.Trinity.28927
OG0000103	Salpingoeca_rosetta_XP_004988383.1 XP_004988383.1 uncharacterized protein PTSG_10334 [Salpingoeca rosetta]	Calvadosia_cruxmelitensis_Ccrux.Trinity.37402 Ccrux.Trinity.37402, Calvadosia_cruxmelitensis_Ccrux.Trinity.37397 Ccrux.Trinity.37397, Calvadosia_cruxmelitensis_Ccrux.Trinity.37401 Ccrux.Trinity.37401, Calvadosia_cruxmelitensis_Ccrux.Trinity.37399 Ccrux.Trinity.37399, Calvadosia_cruxmelitensis_Ccrux.Trinity.37394 Ccrux.Trinity.37394, Calvadosia_cruxmelitensis_Ccrux.Trinity.37396 Ccrux.Trinity.37396, Calvadosia_cruxmelitensis_Ccrux.Trinity.37400 Ccrux.Trinity.37400, Calvadosia_cruxmelitensis_Ccrux.Trinity.37395 Ccrux.Trinity.37395
OG0000112	Salpingoeca_rosetta_XP_004998289.1 XP_004998289.1 uncharacterized protein PTSG_00821 [Salpingoeca rosetta]	Calvadosia_cruxmelitensis_Ccrux.Trinity.11290 Ccrux.Trinity.11290
OG0000119	Salpingoeca_rosetta_XP_004993435.1 XP_004993435.1 leucine rich repeat containing protein 40 [Salpingoeca rosetta]	Calvadosia_cruxmelitensis_Ccrux.Trinity.19669 Ccrux.Trinity.19669
OG0000133	Salpingoeca_rosetta_XP_004992379.1 XP_004992379.1 uncharacterized protein PTSG_06976 [Salpingoeca rosetta]	Calvadosia_cruxmelitensis_Ccrux.Trinity.23770 Ccrux.Trinity.23770
OG0000134	Salpingoeca_rosetta_XP_004992438.1 XP_004992438.1 uncharacterized protein PTSG_07026 [Salpingoeca rosetta], Salpingoeca_rosetta_XP_004998242.1 XP_004998242.1 uncharacterized protein PTSG_00776 [Salpingoeca rosetta], Salpingoeca_rosetta_XP_004998455.1 XP_004998455.1 uncharacterized protein PTSG_00983 [Salpingoeca rosetta]	Calvadosia_cruxmelitensis_Ccrux.Trinity.27545 Ccrux.Trinity.27545
OG0000146	Salpingoeca_rosetta_XP_004995314.1 XP_004995314.1 uncharacterized protein PTSG_03585 [Salpingoeca rosetta]	Calvadosia_cruxmelitensis_Ccrux.Trinity.5273 Ccrux.Trinity.5273
OG0000150	Salpingoeca_rosetta_XP_004991371.1 XP_004991371.1 uncharacterized protein PTSG_07575 [Salpingoeca rosetta]	Calvadosia_cruxmelitensis_Ccrux.Trinity.70441 Ccrux.Trinity.70441
OG0000156	Salpingoeca_rosetta_XP_004992790.1 XP_004992790.1 uncharacterized protein PTSG_05897 [Salpingoeca rosetta]	Calvadosia_cruxmelitensis_Ccrux.Trinity.38048 Ccrux.Trinity.38048, Calvadosia_cruxmelitensis_Ccrux.Trinity.38045 Ccrux.Trinity.38045, Calvadosia_cruxmelitensis_Ccrux.Trinity.38037 Ccrux.Trinity.38037, Calvadosia_cruxmelitensis_Ccrux.Trinity.38043 Ccrux.Trinity.38043
OG0000157	Salpingoeca_rosetta_XP_004992034.1 XP_004992034.1 uncharacterized protein PTSG_06646 [Salpingoeca rosetta], Salpingoeca_rosetta_XP_004993741.1 XP_004993741.1 uncharacterized protein PTSG_05162 [Salpingoeca rosetta]	Calvadosia_cruxmelitensis_Ccrux.Trinity.52207 Ccrux.Trinity.52207
OG0000158	Salpingoeca_rosetta_XP_004991218.1 XP_004991218.1 uncharacterized protein PTSG_08193 [Salpingoeca rosetta]	Calvadosia_cruxmelitensis_Ccrux.Trinity.60636 Ccrux.Trinity.60636, Calvadosia_cruxmelitensis_Ccrux.Trinity.68887 Ccrux.Trinity.68887
OG0000165	Salpingoeca_rosetta_XP_004988881.1 XP_004988881.1 leucine rich repeat containing protein 58 [Salpingoeca rosetta]	Calvadosia_cruxmelitensis_Ccrux.Trinity.5581 Ccrux.Trinity.5581, Calvadosia_cruxmelitensis_Ccrux.Trinity.5580 Ccrux.Trinity.5580
OG0000176	Salpingoeca_rosetta_XP_004996728.1 XP_004996728.1 uncharacterized protein PTSG_02243 [Salpingoeca rosetta]	Calvadosia_cruxmelitensis_Ccrux.Trinity.37744 Ccrux.Trinity.37744, Calvadosia_cruxmelitensis_Ccrux.Trinity.37742 Ccrux.Trinity.37742, Calvadosia_cruxmelitensis_Ccrux.Trinity.37741 Ccrux.Trinity.37741
OG0000177	Salpingoeca_rosetta_XP_004994200.1 XP_004994200.1 uncharacterized protein PTSG_04882 [Salpingoeca rosetta]	Calvadosia_cruxmelitensis_Ccrux.Trinity.18042 Ccrux.Trinity.18042, Calvadosia_cruxmelitensis_Ccrux.Trinity.18051 Ccrux.Trinity.18051
OG0000182	Salpingoeca_rosetta_XP_004993157.1 XP_004993157.1 uncharacterized protein PTSG_12420 [Salpingoeca rosetta]	Calvadosia_cruxmelitensis_Ccrux.Trinity.25498 Ccrux.Trinity.25498, Calvadosia_cruxmelitensis_Ccrux.Trinity.24872 Ccrux.Trinity.24872
OG0000192	Salpingoeca_rosetta_XP_004994994.1 XP_004994994.1 uncharacterized protein PTSG_04098 [Salpingoeca rosetta]	Calvadosia_cruxmelitensis_Ccrux.Trinity.56051 Ccrux.Trinity.56051
OG0000193	Salpingoeca_rosetta_XP_004988965.1 XP_004988965.1 uncharacterized protein PTSG_12983 [Salpingoeca rosetta]	Calvadosia_cruxmelitensis_Ccrux.Trinity.15283 Ccrux.Trinity.15283, Calvadosia_cruxmelitensis_Ccrux.Trinity.15279 Ccrux.Trinity.15279
OG0000194	Salpingoeca_rosetta_XP_004991695.1 XP_004991695.1 uncharacterized protein PTSG_07893 [Salpingoeca rosetta]	Calvadosia_cruxmelitensis_Ccrux.Trinity.4794 Ccrux.Trinity.4794, Calvadosia_cruxmelitensis_Ccrux.Trinity.4793 Ccrux.Trinity.4793
OG0000199	Salpingoeca_rosetta_XP_004991052.1 XP_004991052.1 uncharacterized protein PTSG_12675 [Salpingoeca rosetta]	Calvadosia_cruxmelitensis_Ccrux.Trinity.25100 Ccrux.Trinity.25100
OG0000200	Salpingoeca_rosetta_XP_004998525.1 XP_004998525.1 uncharacterized protein PTSG_11678 [Salpingoeca rosetta]	Calvadosia_cruxmelitensis_Ccrux.Trinity.18866 Ccrux.Trinity.18866
OG0000210	Salpingoeca_rosetta_XP_004993699.1 XP_004993699.1 uncharacterized protein PTSG_05116 [Salpingoeca rosetta]	Calvadosia_cruxmelitensis_Ccrux.Trinity.21750 Ccrux.Trinity.21750
OG0000211	Salpingoeca_rosetta_XP_004987681.1 XP_004987681.1 uncharacterized protein PTSG_11322 [Salpingoeca rosetta]	Calvadosia_cruxmelitensis_Ccrux.Trinity.22700 Ccrux.Trinity.22700, Calvadosia_cruxmelitensis_Ccrux.Trinity.22695 Ccrux.Trinity.22695, Calvadosia_cruxmelitensis_Ccrux.Trinity.22699 Ccrux.Trinity.22699, Calvadosia_cruxmelitensis_Ccrux.Trinity.22697 Ccrux.Trinity.22697
OG0000212	Salpingoeca_rosetta_XP_004993180.1 XP_004993180.1 uncharacterized protein PTSG_12424 [Salpingoeca rosetta]	Calvadosia_cruxmelitensis_Ccrux.Trinity.29726 Ccrux.Trinity.29726, Calvadosia_cruxmelitensis_Ccrux.Trinity.29725 Ccrux.Trinity.29725, Calvadosia_cruxmelitensis_Ccrux.Trinity.29724 Ccrux.Trinity.29724
OG0000229	Salpingoeca_rosetta_XP_004996238.1 XP_004996238.1 uncharacterized protein PTSG_02737 [Salpingoeca rosetta]	Calvadosia_cruxmelitensis_Ccrux.Trinity.74101 Ccrux.Trinity.74101
OG0000230	Salpingoeca_rosetta_XP_004992009.1 XP_004992009.1 copine [Salpingoeca rosetta]	Calvadosia_cruxmelitensis_Ccrux.Trinity.62505 Ccrux.Trinity.62505
OG0000239	Salpingoeca_rosetta_XP_004993503.1 XP_004993503.1 uncharacterized protein PTSG_05635 [Salpingoeca rosetta]	Calvadosia_cruxmelitensis_Ccrux.Trinity.27203 Ccrux.Trinity.27203
OG0000253	Salpingoeca_rosetta_XP_004997631.1 XP_004997631.1 uncharacterized protein PTSG_01653 [Salpingoeca rosetta]	Calvadosia_cruxmelitensis_Ccrux.Trinity.7701 Ccrux.Trinity.7701, Calvadosia_cruxmelitensis_Ccrux.Trinity.7700 Ccrux.Trinity.7700
OG0000275	Salpingoeca_rosetta_XP_004993602.1 XP_004993602.1 uncharacterized protein PTSG_05734 [Salpingoeca rosetta]	Calvadosia_cruxmelitensis_Ccrux.Trinity.41096 Ccrux.Trinity.41096, Calvadosia_cruxmelitensis_Ccrux.Trinity.41095 Ccrux.Trinity.41095, Calvadosia_cruxmelitensis_Ccrux.Trinity.58674 Ccrux.Trinity.58674
OG0000322	Salpingoeca_rosetta_XP_004991262.1 XP_004991262.1 uncharacterized protein PTSG_08236 [Salpingoeca rosetta]	Calvadosia_cruxmelitensis_Ccrux.Trinity.23670 Ccrux.Trinity.23670, Calvadosia_cruxmelitensis_Ccrux.Trinity.23672 Ccrux.Trinity.23672, Calvadosia_cruxmelitensis_Ccrux.Trinity.23668 Ccrux.Trinity.23668
OG0000364	Salpingoeca_rosetta_XP_004991077.1 XP_004991077.1 uncharacterized protein PTSG_08056 [Salpingoeca rosetta]	Calvadosia_cruxmelitensis_Ccrux.Trinity.31832 Ccrux.Trinity.31832, Calvadosia_cruxmelitensis_Ccrux.Trinity.31841 Ccrux.Trinity.31841, Calvadosia_cruxmelitensis_Ccrux.Trinity.31821 Ccrux.Trinity.31821, Calvadosia_cruxmelitensis_Ccrux.Trinity.31829 Ccrux.Trinity.31829, Calvadosia_cruxmelitensis_Ccrux.Trinity.31827 Ccrux.Trinity.31827
OG0000500	Salpingoeca_rosetta_XP_004997017.1 XP_004997017.1 uncharacterized protein PTSG_11887 [Salpingoeca rosetta]	Calvadosia_cruxmelitensis_Ccrux.Trinity.7483 Ccrux.Trinity.7483
