Orthogroup	Cnidaria_Anthozoa_Acropora_digitifera	Porifera_Demospongiae_Amphimedon_queenslandica
OG0000000	Acropora_digitifera_adi_v1.07747 adi_v1.07747	Amphimedon_queenslandica_tr_A0A1X7TQB3_A0A1X7TQB3_AMPQE tr_A0A1X7TQB3_A0A1X7TQB3_AMPQE Fibrinogen C-terminal domain-containing protein OS=Amphimedon queenslandica OX=400682 PE=4 SV=1, Amphimedon_queenslandica_tr_A0A1X7STG5_A0A1X7STG5_AMPQE tr_A0A1X7STG5_A0A1X7STG5_AMPQE Fibrinogen C-terminal domain-containing protein OS=Amphimedon queenslandica OX=400682 PE=4 SV=1
OG0000000	Acropora_digitifera_adi_v1.24622 adi_v1.24622, Acropora_digitifera_adi_v1.06759 adi_v1.06759, Acropora_digitifera_adi_v1.21284 adi_v1.21284	Amphimedon_queenslandica_tr_A0A1X7SKS1_A0A1X7SKS1_AMPQE tr_A0A1X7SKS1_A0A1X7SKS1_AMPQE Fibrinogen C-terminal domain-containing protein OS=Amphimedon queenslandica OX=400682 PE=4 SV=1
OG0000000	Acropora_digitifera_adi_v1.14253 adi_v1.14253, Acropora_digitifera_adi_v1.08651 adi_v1.08651, Acropora_digitifera_adi_v1.00456 adi_v1.00456, Acropora_digitifera_adi_v1.08650 adi_v1.08650, Acropora_digitifera_adi_v1.14251 adi_v1.14251, Acropora_digitifera_adi_v1.00454 adi_v1.00454, Acropora_digitifera_adi_v1.00455 adi_v1.00455, Acropora_digitifera_adi_v1.21001 adi_v1.21001, Acropora_digitifera_adi_v1.08649 adi_v1.08649, Acropora_digitifera_adi_v1.14254 adi_v1.14254, Acropora_digitifera_adi_v1.08974 adi_v1.08974, Acropora_digitifera_adi_v1.17747 adi_v1.17747, Acropora_digitifera_adi_v1.10971 adi_v1.10971, Acropora_digitifera_adi_v1.03089 adi_v1.03089, Acropora_digitifera_adi_v1.18895 adi_v1.18895, Acropora_digitifera_adi_v1.22096 adi_v1.22096, Acropora_digitifera_adi_v1.18297 adi_v1.18297, Acropora_digitifera_adi_v1.24356 adi_v1.24356, Acropora_digitifera_adi_v1.20123 adi_v1.20123, Acropora_digitifera_adi_v1.13695 adi_v1.13695, Acropora_digitifera_adi_v1.15148 adi_v1.15148, Acropora_digitifera_adi_v1.13912 adi_v1.13912, Acropora_digitifera_adi_v1.20223 adi_v1.20223	Amphimedon_queenslandica_tr_A0A1X7ULD6_A0A1X7ULD6_AMPQE tr_A0A1X7ULD6_A0A1X7ULD6_AMPQE Fibrinogen C-terminal domain-containing protein OS=Amphimedon queenslandica OX=400682 GN=105313195 PE=4 SV=1, Amphimedon_queenslandica_tr_A0A1X7UNX5_A0A1X7UNX5_AMPQE tr_A0A1X7UNX5_A0A1X7UNX5_AMPQE Fibrinogen C-terminal domain-containing protein OS=Amphimedon queenslandica OX=400682 PE=4 SV=1, Amphimedon_queenslandica_tr_A0A1X7VAP0_A0A1X7VAP0_AMPQE tr_A0A1X7VAP0_A0A1X7VAP0_AMPQE Fibrinogen C-terminal domain-containing protein OS=Amphimedon queenslandica OX=400682 GN=100637828 PE=4 SV=1, Amphimedon_queenslandica_tr_A0A1X7UEI3_A0A1X7UEI3_AMPQE tr_A0A1X7UEI3_A0A1X7UEI3_AMPQE Fibrinogen C-terminal domain-containing protein OS=Amphimedon queenslandica OX=400682 PE=4 SV=1, Amphimedon_queenslandica_tr_A0A1X7TEI7_A0A1X7TEI7_AMPQE tr_A0A1X7TEI7_A0A1X7TEI7_AMPQE Fibrinogen C-terminal domain-containing protein OS=Amphimedon queenslandica OX=400682 PE=4 SV=1, Amphimedon_queenslandica_tr_A0A1X7SPQ0_A0A1X7SPQ0_AMPQE tr_A0A1X7SPQ0_A0A1X7SPQ0_AMPQE Fibrinogen C-terminal domain-containing protein OS=Amphimedon queenslandica OX=400682 PE=4 SV=1, Amphimedon_queenslandica_tr_A0A1X7TF91_A0A1X7TF91_AMPQE tr_A0A1X7TF91_A0A1X7TF91_AMPQE Fibrinogen C-terminal domain-containing protein OS=Amphimedon queenslandica OX=400682 PE=4 SV=1, Amphimedon_queenslandica_tr_A0A1X7UXI6_A0A1X7UXI6_AMPQE tr_A0A1X7UXI6_A0A1X7UXI6_AMPQE Fibrinogen C-terminal domain-containing protein OS=Amphimedon queenslandica OX=400682 PE=4 SV=1, Amphimedon_queenslandica_tr_A0A1X7UYQ5_A0A1X7UYQ5_AMPQE tr_A0A1X7UYQ5_A0A1X7UYQ5_AMPQE Fibrinogen C-terminal domain-containing protein OS=Amphimedon queenslandica OX=400682 GN=100632538 PE=4 SV=1, Amphimedon_queenslandica_tr_A0A1X7TTH3_A0A1X7TTH3_AMPQE tr_A0A1X7TTH3_A0A1X7TTH3_AMPQE Fibrinogen C-terminal domain-containing protein OS=Amphimedon queenslandica OX=400682 PE=4 SV=1, Amphimedon_queenslandica_tr_A0A1X7TT50_A0A1X7TT50_AMPQE tr_A0A1X7TT50_A0A1X7TT50_AMPQE Fibrinogen C-terminal domain-containing protein OS=Amphimedon queenslandica OX=400682 GN=100639626 PE=4 SV=1, Amphimedon_queenslandica_tr_A0A1X7U6Q1_A0A1X7U6Q1_AMPQE tr_A0A1X7U6Q1_A0A1X7U6Q1_AMPQE Fibrinogen C-terminal domain-containing protein OS=Amphimedon queenslandica OX=400682 PE=4 SV=1, Amphimedon_queenslandica_tr_A0A1X7U6Q6_A0A1X7U6Q6_AMPQE tr_A0A1X7U6Q6_A0A1X7U6Q6_AMPQE Fibrinogen C-terminal domain-containing protein OS=Amphimedon queenslandica OX=400682 PE=4 SV=1, Amphimedon_queenslandica_tr_A0A1X7T854_A0A1X7T854_AMPQE tr_A0A1X7T854_A0A1X7T854_AMPQE Fibrinogen C-terminal domain-containing protein OS=Amphimedon queenslandica OX=400682 GN=100637814 PE=4 SV=1, Amphimedon_queenslandica_tr_A0A1X7U6G7_A0A1X7U6G7_AMPQE tr_A0A1X7U6G7_A0A1X7U6G7_AMPQE Fibrinogen C-terminal domain-containing protein OS=Amphimedon queenslandica OX=400682 GN=105313870 PE=4 SV=1, Amphimedon_queenslandica_tr_A0A1X7TRL5_A0A1X7TRL5_AMPQE tr_A0A1X7TRL5_A0A1X7TRL5_AMPQE Fibrinogen C-terminal domain-containing protein OS=Amphimedon queenslandica OX=400682 GN=100634289 PE=4 SV=1, Amphimedon_queenslandica_tr_A0A1X7U772_A0A1X7U772_AMPQE tr_A0A1X7U772_A0A1X7U772_AMPQE Fibrinogen C-terminal domain-containing protein OS=Amphimedon queenslandica OX=400682 GN=105313869 PE=4 SV=1, Amphimedon_queenslandica_tr_A0A1X7TNT2_A0A1X7TNT2_AMPQE tr_A0A1X7TNT2_A0A1X7TNT2_AMPQE Fibrinogen C-terminal domain-containing protein OS=Amphimedon queenslandica OX=400682 GN=100639582 PE=4 SV=1, Amphimedon_queenslandica_tr_A0A1X7STA5_A0A1X7STA5_AMPQE tr_A0A1X7STA5_A0A1X7STA5_AMPQE Fibrinogen C-terminal domain-containing protein OS=Amphimedon queenslandica OX=400682 PE=4 SV=1, Amphimedon_queenslandica_tr_A0A1X7TF57_A0A1X7TF57_AMPQE tr_A0A1X7TF57_A0A1X7TF57_AMPQE Fibrinogen C-terminal domain-containing protein OS=Amphimedon queenslandica OX=400682 GN=100633103 PE=4 SV=1, Amphimedon_queenslandica_tr_A0A1X7T456_A0A1X7T456_AMPQE tr_A0A1X7T456_A0A1X7T456_AMPQE Fibrinogen C-terminal domain-containing protein OS=Amphimedon queenslandica OX=400682 PE=4 SV=1, Amphimedon_queenslandica_tr_A0A1X7U0N8_A0A1X7U0N8_AMPQE tr_A0A1X7U0N8_A0A1X7U0N8_AMPQE Fibrinogen C-terminal domain-containing protein OS=Amphimedon queenslandica OX=400682 GN=105314125 PE=4 SV=1, Amphimedon_queenslandica_tr_A0A1X7U0C2_A0A1X7U0C2_AMPQE tr_A0A1X7U0C2_A0A1X7U0C2_AMPQE Fibrinogen C-terminal domain-containing protein OS=Amphimedon queenslandica OX=400682 PE=4 SV=1, Amphimedon_queenslandica_tr_A0A1X7TP65_A0A1X7TP65_AMPQE tr_A0A1X7TP65_A0A1X7TP65_AMPQE Arpin OS=Amphimedon queenslandica OX=400682 PE=3 SV=1, Amphimedon_queenslandica_tr_A0A1X7U606_A0A1X7U606_AMPQE tr_A0A1X7U606_A0A1X7U606_AMPQE Fibrinogen C-terminal domain-containing protein OS=Amphimedon queenslandica OX=400682 PE=4 SV=1, Amphimedon_queenslandica_tr_A0A1X7T8J7_A0A1X7T8J7_AMPQE tr_A0A1X7T8J7_A0A1X7T8J7_AMPQE Fibrinogen C-terminal domain-containing protein OS=Amphimedon queenslandica OX=400682 PE=4 SV=1
OG0000000	Acropora_digitifera_adi_v1.19827 adi_v1.19827	Amphimedon_queenslandica_tr_A0A1X7UM32_A0A1X7UM32_AMPQE tr_A0A1X7UM32_A0A1X7UM32_AMPQE Fibrinogen C-terminal domain-containing protein OS=Amphimedon queenslandica OX=400682 PE=4 SV=1
OG0000001	Acropora_digitifera_adi_v1.06433 adi_v1.06433, Acropora_digitifera_adi_v1.03761 adi_v1.03761	Amphimedon_queenslandica_tr_A0A1X7UHN7_A0A1X7UHN7_AMPQE tr_A0A1X7UHN7_A0A1X7UHN7_AMPQE Uncharacterized protein OS=Amphimedon queenslandica OX=400682 GN=100638010 PE=4 SV=1, Amphimedon_queenslandica_tr_A0A1X7VW10_A0A1X7VW10_AMPQE tr_A0A1X7VW10_A0A1X7VW10_AMPQE Uncharacterized protein OS=Amphimedon queenslandica OX=400682 GN=109582339 PE=4 SV=1
OG0000001	Acropora_digitifera_adi_v1.19636 adi_v1.19636	Amphimedon_queenslandica_tr_A0A1X7VTD0_A0A1X7VTD0_AMPQE tr_A0A1X7VTD0_A0A1X7VTD0_AMPQE Uncharacterized protein OS=Amphimedon queenslandica OX=400682 GN=105314164 PE=4 SV=1
OG0000001	Acropora_digitifera_adi_v1.06273 adi_v1.06273, Acropora_digitifera_adi_v1.05371 adi_v1.05371, Acropora_digitifera_adi_v1.12829 adi_v1.12829, Acropora_digitifera_adi_v1.20934 adi_v1.20934, Acropora_digitifera_adi_v1.04277 adi_v1.04277, Acropora_digitifera_adi_v1.21086 adi_v1.21086, Acropora_digitifera_adi_v1.11064 adi_v1.11064, Acropora_digitifera_adi_v1.14113 adi_v1.14113, Acropora_digitifera_adi_v1.18078 adi_v1.18078	Amphimedon_queenslandica_tr_A0A1X7VJK8_A0A1X7VJK8_AMPQE tr_A0A1X7VJK8_A0A1X7VJK8_AMPQE Uncharacterized protein OS=Amphimedon queenslandica OX=400682 PE=4 SV=1, Amphimedon_queenslandica_tr_A0A1X7VJP3_A0A1X7VJP3_AMPQE tr_A0A1X7VJP3_A0A1X7VJP3_AMPQE Uncharacterized protein OS=Amphimedon queenslandica OX=400682 PE=4 SV=1, Amphimedon_queenslandica_tr_A0A1X7ULH8_A0A1X7ULH8_AMPQE tr_A0A1X7ULH8_A0A1X7ULH8_AMPQE Uncharacterized protein OS=Amphimedon queenslandica OX=400682 PE=3 SV=1, Amphimedon_queenslandica_tr_A0A1X7VI68_A0A1X7VI68_AMPQE tr_A0A1X7VI68_A0A1X7VI68_AMPQE Uncharacterized protein OS=Amphimedon queenslandica OX=400682 PE=4 SV=1
OG0000001	Acropora_digitifera_adi_v1.16238 adi_v1.16238, Acropora_digitifera_adi_v1.00487 adi_v1.00487, Acropora_digitifera_adi_v1.13699 adi_v1.13699, Acropora_digitifera_adi_v1.10217 adi_v1.10217, Acropora_digitifera_adi_v1.15607 adi_v1.15607, Acropora_digitifera_adi_v1.19548 adi_v1.19548, Acropora_digitifera_adi_v1.09422 adi_v1.09422	Amphimedon_queenslandica_tr_A0A1X7TD79_A0A1X7TD79_AMPQE tr_A0A1X7TD79_A0A1X7TD79_AMPQE Uncharacterized protein OS=Amphimedon queenslandica OX=400682 PE=4 SV=1
OG0000001	Acropora_digitifera_adi_v1.23959 adi_v1.23959, Acropora_digitifera_adi_v1.15527 adi_v1.15527, Acropora_digitifera_adi_v1.22420 adi_v1.22420, Acropora_digitifera_adi_v1.18763 adi_v1.18763, Acropora_digitifera_adi_v1.21915 adi_v1.21915, Acropora_digitifera_adi_v1.11811 adi_v1.11811	Amphimedon_queenslandica_tr_A0A1X7VP48_A0A1X7VP48_AMPQE tr_A0A1X7VP48_A0A1X7VP48_AMPQE Uncharacterized protein OS=Amphimedon queenslandica OX=400682 PE=4 SV=1
OG0000001	Acropora_digitifera_adi_v1.01229 adi_v1.01229	Amphimedon_queenslandica_tr_A0A1X7UXM0_A0A1X7UXM0_AMPQE tr_A0A1X7UXM0_A0A1X7UXM0_AMPQE Uncharacterized protein OS=Amphimedon queenslandica OX=400682 GN=105312708 PE=4 SV=1
OG0000001	Acropora_digitifera_adi_v1.22406 adi_v1.22406, Acropora_digitifera_adi_v1.09509 adi_v1.09509	Amphimedon_queenslandica_tr_A0A1X7VK58_A0A1X7VK58_AMPQE tr_A0A1X7VK58_A0A1X7VK58_AMPQE Uncharacterized protein OS=Amphimedon queenslandica OX=400682 GN=109580252 PE=4 SV=1
OG0000001	Acropora_digitifera_adi_v1.20924 adi_v1.20924, Acropora_digitifera_adi_v1.22909 adi_v1.22909, Acropora_digitifera_adi_v1.17200 adi_v1.17200, Acropora_digitifera_adi_v1.22911 adi_v1.22911	Amphimedon_queenslandica_tr_A0A1X7V889_A0A1X7V889_AMPQE tr_A0A1X7V889_A0A1X7V889_AMPQE Uncharacterized protein OS=Amphimedon queenslandica OX=400682 PE=4 SV=1
OG0000001	Acropora_digitifera_adi_v1.10769 adi_v1.10769, Acropora_digitifera_adi_v1.01960 adi_v1.01960, Acropora_digitifera_adi_v1.06175 adi_v1.06175, Acropora_digitifera_adi_v1.11383 adi_v1.11383, Acropora_digitifera_adi_v1.19391 adi_v1.19391, Acropora_digitifera_adi_v1.06434 adi_v1.06434	Amphimedon_queenslandica_tr_A0A1X7SK21_A0A1X7SK21_AMPQE tr_A0A1X7SK21_A0A1X7SK21_AMPQE Laminin EGF-like domain-containing protein OS=Amphimedon queenslandica OX=400682 PE=4 SV=1
OG0000002	Acropora_digitifera_adi_v1.12948 adi_v1.12948	Amphimedon_queenslandica_tr_A0A1X7V5N9_A0A1X7V5N9_AMPQE tr_A0A1X7V5N9_A0A1X7V5N9_AMPQE Sema domain-containing protein OS=Amphimedon queenslandica OX=400682 GN=105312297 PE=4 SV=1, Amphimedon_queenslandica_tr_A0A1X7V831_A0A1X7V831_AMPQE tr_A0A1X7V831_A0A1X7V831_AMPQE Sema domain-containing protein OS=Amphimedon queenslandica OX=400682 PE=4 SV=1, Amphimedon_queenslandica_tr_A0A1X7U8W1_A0A1X7U8W1_AMPQE tr_A0A1X7U8W1_A0A1X7U8W1_AMPQE Sema domain-containing protein OS=Amphimedon queenslandica OX=400682 PE=4 SV=1
OG0000002	Acropora_digitifera_adi_v1.01703 adi_v1.01703, Acropora_digitifera_adi_v1.01702 adi_v1.01702, Acropora_digitifera_adi_v1.01379 adi_v1.01379, Acropora_digitifera_adi_v1.14561 adi_v1.14561, Acropora_digitifera_adi_v1.01794 adi_v1.01794, Acropora_digitifera_adi_v1.18031 adi_v1.18031, Acropora_digitifera_adi_v1.10800 adi_v1.10800, Acropora_digitifera_adi_v1.06084 adi_v1.06084, Acropora_digitifera_adi_v1.05235 adi_v1.05235	Amphimedon_queenslandica_tr_A0A1X7T8F3_A0A1X7T8F3_AMPQE tr_A0A1X7T8F3_A0A1X7T8F3_AMPQE Uncharacterized protein OS=Amphimedon queenslandica OX=400682 PE=4 SV=1, Amphimedon_queenslandica_tr_A0A1X7SPA1_A0A1X7SPA1_AMPQE tr_A0A1X7SPA1_A0A1X7SPA1_AMPQE Uncharacterized protein OS=Amphimedon queenslandica OX=400682 PE=4 SV=1
OG0000002	Acropora_digitifera_adi_v1.12523 adi_v1.12523, Acropora_digitifera_adi_v1.07180 adi_v1.07180, Acropora_digitifera_adi_v1.18693 adi_v1.18693, Acropora_digitifera_adi_v1.03981 adi_v1.03981, Acropora_digitifera_adi_v1.13735 adi_v1.13735, Acropora_digitifera_adi_v1.03379 adi_v1.03379, Acropora_digitifera_adi_v1.14306 adi_v1.14306, Acropora_digitifera_adi_v1.19596 adi_v1.19596, Acropora_digitifera_adi_v1.05200 adi_v1.05200, Acropora_digitifera_adi_v1.19508 adi_v1.19508, Acropora_digitifera_adi_v1.13412 adi_v1.13412, Acropora_digitifera_adi_v1.12190 adi_v1.12190, Acropora_digitifera_adi_v1.05945 adi_v1.05945, Acropora_digitifera_adi_v1.20375 adi_v1.20375, Acropora_digitifera_adi_v1.00391 adi_v1.00391, Acropora_digitifera_adi_v1.13233 adi_v1.13233, Acropora_digitifera_adi_v1.16491 adi_v1.16491	Amphimedon_queenslandica_tr_A0A1X7U240_A0A1X7U240_AMPQE tr_A0A1X7U240_A0A1X7U240_AMPQE Uncharacterized protein OS=Amphimedon queenslandica OX=400682 GN=100632678 PE=3 SV=1
OG0000004	Acropora_digitifera_adi_v1.15324 adi_v1.15324	Amphimedon_queenslandica_tr_A0A1X7UFR8_A0A1X7UFR8_AMPQE tr_A0A1X7UFR8_A0A1X7UFR8_AMPQE Uncharacterized protein OS=Amphimedon queenslandica OX=400682 GN=100631576 PE=4 SV=1
OG0000004	Acropora_digitifera_adi_v1.16039 adi_v1.16039, Acropora_digitifera_adi_v1.20707 adi_v1.20707, Acropora_digitifera_adi_v1.19517 adi_v1.19517	Amphimedon_queenslandica_tr_A0A1X7TTU5_A0A1X7TTU5_AMPQE tr_A0A1X7TTU5_A0A1X7TTU5_AMPQE Uncharacterized protein OS=Amphimedon queenslandica OX=400682 GN=100635582 PE=4 SV=1
OG0000004	Acropora_digitifera_adi_v1.10196 adi_v1.10196	Amphimedon_queenslandica_tr_A0A1X7UE75_A0A1X7UE75_AMPQE tr_A0A1X7UE75_A0A1X7UE75_AMPQE Uncharacterized protein OS=Amphimedon queenslandica OX=400682 PE=4 SV=1
OG0000005	Acropora_digitifera_adi_v1.20368 adi_v1.20368	Amphimedon_queenslandica_tr_A0A1X7VCH3_A0A1X7VCH3_AMPQE tr_A0A1X7VCH3_A0A1X7VCH3_AMPQE Metalloendopeptidase OS=Amphimedon queenslandica OX=400682 GN=109580701 PE=4 SV=1
OG0000005	Acropora_digitifera_adi_v1.18953 adi_v1.18953, Acropora_digitifera_adi_v1.15782 adi_v1.15782	Amphimedon_queenslandica_tr_A0A1X7VJW8_A0A1X7VJW8_AMPQE tr_A0A1X7VJW8_A0A1X7VJW8_AMPQE Metalloendopeptidase OS=Amphimedon queenslandica OX=400682 GN=100636106 PE=4 SV=1
OG0000005	Acropora_digitifera_adi_v1.06941 adi_v1.06941	Amphimedon_queenslandica_tr_A0A1X7V0Y1_A0A1X7V0Y1_AMPQE tr_A0A1X7V0Y1_A0A1X7V0Y1_AMPQE Metalloendopeptidase OS=Amphimedon queenslandica OX=400682 GN=100635688 PE=4 SV=1, Amphimedon_queenslandica_tr_A0A1X7V1Q9_A0A1X7V1Q9_AMPQE tr_A0A1X7V1Q9_A0A1X7V1Q9_AMPQE Metalloendopeptidase OS=Amphimedon queenslandica OX=400682 GN=100641422 PE=4 SV=1, Amphimedon_queenslandica_tr_A0A1X7TQH0_A0A1X7TQH0_AMPQE tr_A0A1X7TQH0_A0A1X7TQH0_AMPQE Metalloendopeptidase OS=Amphimedon queenslandica OX=400682 PE=4 SV=1, Amphimedon_queenslandica_tr_A0A1X7V396_A0A1X7V396_AMPQE tr_A0A1X7V396_A0A1X7V396_AMPQE Metalloendopeptidase OS=Amphimedon queenslandica OX=400682 GN=105312432 PE=4 SV=1, Amphimedon_queenslandica_tr_A0A1X7TXE7_A0A1X7TXE7_AMPQE tr_A0A1X7TXE7_A0A1X7TXE7_AMPQE Metalloendopeptidase OS=Amphimedon queenslandica OX=400682 PE=4 SV=1
OG0000006	Acropora_digitifera_adi_v1.06181 adi_v1.06181, Acropora_digitifera_adi_v1.15090 adi_v1.15090, Acropora_digitifera_adi_v1.14680 adi_v1.14680	Amphimedon_queenslandica_tr_A0A1X7VVY6_A0A1X7VVY6_AMPQE tr_A0A1X7VVY6_A0A1X7VVY6_AMPQE Uncharacterized protein OS=Amphimedon queenslandica OX=400682 PE=4 SV=1, Amphimedon_queenslandica_tr_A0A1X7SNE5_A0A1X7SNE5_AMPQE tr_A0A1X7SNE5_A0A1X7SNE5_AMPQE Uncharacterized protein OS=Amphimedon queenslandica OX=400682 GN=109592231 PE=4 SV=1, Amphimedon_queenslandica_tr_A0A1X7VTZ5_A0A1X7VTZ5_AMPQE tr_A0A1X7VTZ5_A0A1X7VTZ5_AMPQE Uncharacterized protein OS=Amphimedon queenslandica OX=400682 PE=4 SV=1
OG0000007	Acropora_digitifera_adi_v1.08798 adi_v1.08798, Acropora_digitifera_adi_v1.13188 adi_v1.13188	Amphimedon_queenslandica_tr_A0A1X7STU5_A0A1X7STU5_AMPQE tr_A0A1X7STU5_A0A1X7STU5_AMPQE Uncharacterized protein OS=Amphimedon queenslandica OX=400682 PE=4 SV=1, Amphimedon_queenslandica_tr_A0A1X7SF39_A0A1X7SF39_AMPQE tr_A0A1X7SF39_A0A1X7SF39_AMPQE Uncharacterized protein OS=Amphimedon queenslandica OX=400682 PE=4 SV=1, Amphimedon_queenslandica_tr_A0A1X7TP49_A0A1X7TP49_AMPQE tr_A0A1X7TP49_A0A1X7TP49_AMPQE Uncharacterized protein OS=Amphimedon queenslandica OX=400682 PE=4 SV=1, Amphimedon_queenslandica_tr_A0A1X7SDX5_A0A1X7SDX5_AMPQE tr_A0A1X7SDX5_A0A1X7SDX5_AMPQE EGF-like domain-containing protein OS=Amphimedon queenslandica OX=400682 PE=4 SV=1, Amphimedon_queenslandica_tr_A0A1X7UZT4_A0A1X7UZT4_AMPQE tr_A0A1X7UZT4_A0A1X7UZT4_AMPQE EGF-like domain-containing protein OS=Amphimedon queenslandica OX=400682 PE=4 SV=1
OG0000007	Acropora_digitifera_adi_v1.24149 adi_v1.24149	Amphimedon_queenslandica_tr_A0A1X7SKZ4_A0A1X7SKZ4_AMPQE tr_A0A1X7SKZ4_A0A1X7SKZ4_AMPQE Uncharacterized protein OS=Amphimedon queenslandica OX=400682 PE=4 SV=1, Amphimedon_queenslandica_tr_A0A1X7STM4_A0A1X7STM4_AMPQE tr_A0A1X7STM4_A0A1X7STM4_AMPQE Uncharacterized protein OS=Amphimedon queenslandica OX=400682 PE=4 SV=1
OG0000007	Acropora_digitifera_adi_v1.02160 adi_v1.02160, Acropora_digitifera_adi_v1.22828 adi_v1.22828	Amphimedon_queenslandica_tr_A0A1X7U2X5_A0A1X7U2X5_AMPQE tr_A0A1X7U2X5_A0A1X7U2X5_AMPQE Uncharacterized protein OS=Amphimedon queenslandica OX=400682 GN=109585006 PE=4 SV=1, Amphimedon_queenslandica_tr_A0A1X7TZR4_A0A1X7TZR4_AMPQE tr_A0A1X7TZR4_A0A1X7TZR4_AMPQE Uncharacterized protein OS=Amphimedon queenslandica OX=400682 PE=4 SV=1, Amphimedon_queenslandica_tr_A0A1X7V5I7_A0A1X7V5I7_AMPQE tr_A0A1X7V5I7_A0A1X7V5I7_AMPQE Uncharacterized protein OS=Amphimedon queenslandica OX=400682 PE=4 SV=1, Amphimedon_queenslandica_tr_A0A1X7T6D5_A0A1X7T6D5_AMPQE tr_A0A1X7T6D5_A0A1X7T6D5_AMPQE Uncharacterized protein OS=Amphimedon queenslandica OX=400682 GN=105315278 PE=4 SV=1
OG0000007	Acropora_digitifera_adi_v1.00199 adi_v1.00199, Acropora_digitifera_adi_v1.06437 adi_v1.06437, Acropora_digitifera_adi_v1.18885 adi_v1.18885, Acropora_digitifera_adi_v1.09820 adi_v1.09820, Acropora_digitifera_adi_v1.22003 adi_v1.22003, Acropora_digitifera_adi_v1.14298 adi_v1.14298, Acropora_digitifera_adi_v1.14299 adi_v1.14299, Acropora_digitifera_adi_v1.14300 adi_v1.14300, Acropora_digitifera_adi_v1.19005 adi_v1.19005, Acropora_digitifera_adi_v1.11371 adi_v1.11371, Acropora_digitifera_adi_v1.13720 adi_v1.13720, Acropora_digitifera_adi_v1.06951 adi_v1.06951, Acropora_digitifera_adi_v1.06438 adi_v1.06438, Acropora_digitifera_adi_v1.21019 adi_v1.21019, Acropora_digitifera_adi_v1.07913 adi_v1.07913, Acropora_digitifera_adi_v1.11289 adi_v1.11289, Acropora_digitifera_adi_v1.07914 adi_v1.07914	Amphimedon_queenslandica_tr_A0A1X7UXG1_A0A1X7UXG1_AMPQE tr_A0A1X7UXG1_A0A1X7UXG1_AMPQE Uncharacterized protein OS=Amphimedon queenslandica OX=400682 PE=4 SV=1, Amphimedon_queenslandica_tr_A0A1X7SNX2_A0A1X7SNX2_AMPQE tr_A0A1X7SNX2_A0A1X7SNX2_AMPQE VWFD domain-containing protein OS=Amphimedon queenslandica OX=400682 PE=4 SV=1, Amphimedon_queenslandica_tr_A0A1X7U0H9_A0A1X7U0H9_AMPQE tr_A0A1X7U0H9_A0A1X7U0H9_AMPQE AMOP domain-containing protein OS=Amphimedon queenslandica OX=400682 PE=4 SV=1, Amphimedon_queenslandica_tr_A0A1X7VEX8_A0A1X7VEX8_AMPQE tr_A0A1X7VEX8_A0A1X7VEX8_AMPQE Uncharacterized protein OS=Amphimedon queenslandica OX=400682 PE=4 SV=1, Amphimedon_queenslandica_tr_A0A1X7U0T3_A0A1X7U0T3_AMPQE tr_A0A1X7U0T3_A0A1X7U0T3_AMPQE VWFD domain-containing protein OS=Amphimedon queenslandica OX=400682 PE=4 SV=1, Amphimedon_queenslandica_tr_A0A1X7TZY4_A0A1X7TZY4_AMPQE tr_A0A1X7TZY4_A0A1X7TZY4_AMPQE Uncharacterized protein OS=Amphimedon queenslandica OX=400682 PE=4 SV=1, Amphimedon_queenslandica_tr_A0A1X7VE59_A0A1X7VE59_AMPQE tr_A0A1X7VE59_A0A1X7VE59_AMPQE Uncharacterized protein OS=Amphimedon queenslandica OX=400682 PE=4 SV=1, Amphimedon_queenslandica_tr_A0A1X7VFS2_A0A1X7VFS2_AMPQE tr_A0A1X7VFS2_A0A1X7VFS2_AMPQE VWFD domain-containing protein OS=Amphimedon queenslandica OX=400682 PE=4 SV=1, Amphimedon_queenslandica_tr_A0A1X7TQL5_A0A1X7TQL5_AMPQE tr_A0A1X7TQL5_A0A1X7TQL5_AMPQE Uncharacterized protein OS=Amphimedon queenslandica OX=400682 PE=4 SV=1, Amphimedon_queenslandica_tr_A0A1X7VD60_A0A1X7VD60_AMPQE tr_A0A1X7VD60_A0A1X7VD60_AMPQE EGF-like domain-containing protein OS=Amphimedon queenslandica OX=400682 PE=4 SV=1, Amphimedon_queenslandica_tr_A0A1X7VCF9_A0A1X7VCF9_AMPQE tr_A0A1X7VCF9_A0A1X7VCF9_AMPQE Uncharacterized protein OS=Amphimedon queenslandica OX=400682 PE=4 SV=1, Amphimedon_queenslandica_tr_A0A1X7TQV9_A0A1X7TQV9_AMPQE tr_A0A1X7TQV9_A0A1X7TQV9_AMPQE Uncharacterized protein OS=Amphimedon queenslandica OX=400682 PE=4 SV=1, Amphimedon_queenslandica_tr_A0A1X7TR13_A0A1X7TR13_AMPQE tr_A0A1X7TR13_A0A1X7TR13_AMPQE EGF-like domain-containing protein OS=Amphimedon queenslandica OX=400682 PE=4 SV=1, Amphimedon_queenslandica_tr_A0A1X7TH31_A0A1X7TH31_AMPQE tr_A0A1X7TH31_A0A1X7TH31_AMPQE EGF-like domain-containing protein OS=Amphimedon queenslandica OX=400682 PE=4 SV=1
OG0000007	Acropora_digitifera_adi_v1.17191 adi_v1.17191, Acropora_digitifera_adi_v1.14511 adi_v1.14511	Amphimedon_queenslandica_tr_A0A1X7TTF3_A0A1X7TTF3_AMPQE tr_A0A1X7TTF3_A0A1X7TTF3_AMPQE Uncharacterized protein OS=Amphimedon queenslandica OX=400682 PE=4 SV=1
OG0000008	Acropora_digitifera_adi_v1.05561 adi_v1.05561, Acropora_digitifera_adi_v1.19041 adi_v1.19041, Acropora_digitifera_adi_v1.21250 adi_v1.21250, Acropora_digitifera_adi_v1.20031 adi_v1.20031, Acropora_digitifera_adi_v1.23528 adi_v1.23528, Acropora_digitifera_adi_v1.11566 adi_v1.11566, Acropora_digitifera_adi_v1.10230 adi_v1.10230, Acropora_digitifera_adi_v1.04804 adi_v1.04804, Acropora_digitifera_adi_v1.02443 adi_v1.02443, Acropora_digitifera_adi_v1.12140 adi_v1.12140, Acropora_digitifera_adi_v1.22879 adi_v1.22879, Acropora_digitifera_adi_v1.23160 adi_v1.23160, Acropora_digitifera_adi_v1.07571 adi_v1.07571, Acropora_digitifera_adi_v1.04859 adi_v1.04859, Acropora_digitifera_adi_v1.22883 adi_v1.22883, Acropora_digitifera_adi_v1.06352 adi_v1.06352, Acropora_digitifera_adi_v1.24395 adi_v1.24395, Acropora_digitifera_adi_v1.07153 adi_v1.07153, Acropora_digitifera_adi_v1.24319 adi_v1.24319, Acropora_digitifera_adi_v1.21910 adi_v1.21910, Acropora_digitifera_adi_v1.07154 adi_v1.07154, Acropora_digitifera_adi_v1.09419 adi_v1.09419, Acropora_digitifera_adi_v1.09420 adi_v1.09420, Acropora_digitifera_adi_v1.18672 adi_v1.18672, Acropora_digitifera_adi_v1.23804 adi_v1.23804, Acropora_digitifera_adi_v1.20455 adi_v1.20455	Amphimedon_queenslandica_tr_A0A1X7VB30_A0A1X7VB30_AMPQE tr_A0A1X7VB30_A0A1X7VB30_AMPQE Uncharacterized protein OS=Amphimedon queenslandica OX=400682 PE=4 SV=1
OG0000009	Acropora_digitifera_adi_v1.19086 adi_v1.19086	Amphimedon_queenslandica_tr_A0A1X7VLX5_A0A1X7VLX5_AMPQE tr_A0A1X7VLX5_A0A1X7VLX5_AMPQE Uncharacterized protein OS=Amphimedon queenslandica OX=400682 GN=105316580 PE=4 SV=1
OG0000010	Acropora_digitifera_adi_v1.21127 adi_v1.21127	Amphimedon_queenslandica_tr_A0A1X7UH87_A0A1X7UH87_AMPQE tr_A0A1X7UH87_A0A1X7UH87_AMPQE Metalloendopeptidase OS=Amphimedon queenslandica OX=400682 PE=4 SV=1
OG0000010	Acropora_digitifera_adi_v1.06326 adi_v1.06326	Amphimedon_queenslandica_tr_A0A1X7V2G4_A0A1X7V2G4_AMPQE tr_A0A1X7V2G4_A0A1X7V2G4_AMPQE Uncharacterized protein OS=Amphimedon queenslandica OX=400682 GN=105312485 PE=4 SV=1
OG0000010	Acropora_digitifera_adi_v1.17180 adi_v1.17180	Amphimedon_queenslandica_tr_A0A1X7UGX2_A0A1X7UGX2_AMPQE tr_A0A1X7UGX2_A0A1X7UGX2_AMPQE Uncharacterized protein OS=Amphimedon queenslandica OX=400682 PE=4 SV=1, Amphimedon_queenslandica_tr_A0A1X7T1P2_A0A1X7T1P2_AMPQE tr_A0A1X7T1P2_A0A1X7T1P2_AMPQE Uncharacterized protein OS=Amphimedon queenslandica OX=400682 PE=4 SV=1
OG0000010	Acropora_digitifera_adi_v1.05525 adi_v1.05525, Acropora_digitifera_adi_v1.18396 adi_v1.18396	Amphimedon_queenslandica_tr_A0A1X7UPV7_A0A1X7UPV7_AMPQE tr_A0A1X7UPV7_A0A1X7UPV7_AMPQE Uncharacterized protein OS=Amphimedon queenslandica OX=400682 PE=4 SV=1, Amphimedon_queenslandica_tr_A0A1X7SQ55_A0A1X7SQ55_AMPQE tr_A0A1X7SQ55_A0A1X7SQ55_AMPQE Uncharacterized protein OS=Amphimedon queenslandica OX=400682 PE=4 SV=1
OG0000012	Acropora_digitifera_adi_v1.00226 adi_v1.00226	Amphimedon_queenslandica_tr_A0A1X7T6U2_A0A1X7T6U2_AMPQE tr_A0A1X7T6U2_A0A1X7T6U2_AMPQE VWFC domain-containing protein OS=Amphimedon queenslandica OX=400682 PE=4 SV=1
OG0000013	Acropora_digitifera_adi_v1.06764 adi_v1.06764, Acropora_digitifera_adi_v1.02062 adi_v1.02062, Acropora_digitifera_adi_v1.02063 adi_v1.02063	Amphimedon_queenslandica_tr_A0A1X7UFS4_A0A1X7UFS4_AMPQE tr_A0A1X7UFS4_A0A1X7UFS4_AMPQE Protein Wnt OS=Amphimedon queenslandica OX=400682 PE=3 SV=1, Amphimedon_queenslandica_tr_A9YRX3_A9YRX3_AMPQE tr_A9YRX3_A9YRX3_AMPQE Protein Wnt OS=Amphimedon queenslandica OX=400682 GN=100641115 PE=3 SV=1
OG0000013	Acropora_digitifera_adi_v1.13774 adi_v1.13774, Acropora_digitifera_adi_v1.13773 adi_v1.13773, Acropora_digitifera_adi_v1.08272 adi_v1.08272, Acropora_digitifera_adi_v1.13607 adi_v1.13607	Amphimedon_queenslandica_tr_A0A1X7VSA1_A0A1X7VSA1_AMPQE tr_A0A1X7VSA1_A0A1X7VSA1_AMPQE Protein Wnt OS=Amphimedon queenslandica OX=400682 PE=3 SV=1
OG0000014	Acropora_digitifera_adi_v1.10799 adi_v1.10799, Acropora_digitifera_adi_v1.14366 adi_v1.14366	Amphimedon_queenslandica_tr_A0A1X7U0W6_A0A1X7U0W6_AMPQE tr_A0A1X7U0W6_A0A1X7U0W6_AMPQE Uncharacterized protein OS=Amphimedon queenslandica OX=400682 GN=105314085 PE=4 SV=1
OG0000014	Acropora_digitifera_adi_v1.01169 adi_v1.01169, Acropora_digitifera_adi_v1.14580 adi_v1.14580, Acropora_digitifera_adi_v1.14581 adi_v1.14581, Acropora_digitifera_adi_v1.06910 adi_v1.06910	Amphimedon_queenslandica_tr_A0A1X7U5R5_A0A1X7U5R5_AMPQE tr_A0A1X7U5R5_A0A1X7U5R5_AMPQE Peptidase M12B domain-containing protein OS=Amphimedon queenslandica OX=400682 GN=100633222 PE=4 SV=1
OG0000018	Acropora_digitifera_adi_v1.08251 adi_v1.08251, Acropora_digitifera_adi_v1.08253 adi_v1.08253	Amphimedon_queenslandica_tr_A0A1X7URD2_A0A1X7URD2_AMPQE tr_A0A1X7URD2_A0A1X7URD2_AMPQE Uncharacterized protein OS=Amphimedon queenslandica OX=400682 GN=100636203 PE=4 SV=1, Amphimedon_queenslandica_tr_A0A1X7UQY5_A0A1X7UQY5_AMPQE tr_A0A1X7UQY5_A0A1X7UQY5_AMPQE Uncharacterized protein OS=Amphimedon queenslandica OX=400682 PE=4 SV=1
OG0000018	Acropora_digitifera_adi_v1.00628 adi_v1.00628	Amphimedon_queenslandica_tr_A0A1X7UHV0_A0A1X7UHV0_AMPQE tr_A0A1X7UHV0_A0A1X7UHV0_AMPQE Uncharacterized protein OS=Amphimedon queenslandica OX=400682 PE=4 SV=1
OG0000019	Acropora_digitifera_adi_v1.01570 adi_v1.01570	Amphimedon_queenslandica_tr_A0A1X7TUH8_A0A1X7TUH8_AMPQE tr_A0A1X7TUH8_A0A1X7TUH8_AMPQE TGF_BETA_2 domain-containing protein OS=Amphimedon queenslandica OX=400682 GN=105314371 PE=3 SV=1
OG0000020	Acropora_digitifera_adi_v1.07215 adi_v1.07215	Amphimedon_queenslandica_tr_A0A1X7UHR0_A0A1X7UHR0_AMPQE tr_A0A1X7UHR0_A0A1X7UHR0_AMPQE Fibrillar collagen NC1 domain-containing protein OS=Amphimedon queenslandica OX=400682 GN=100638905 PE=4 SV=1
OG0000020	Acropora_digitifera_adi_v1.10004 adi_v1.10004, Acropora_digitifera_adi_v1.14128 adi_v1.14128, Acropora_digitifera_adi_v1.12521 adi_v1.12521, Acropora_digitifera_adi_v1.15357 adi_v1.15357	Amphimedon_queenslandica_tr_A0A1X7UHR7_A0A1X7UHR7_AMPQE tr_A0A1X7UHR7_A0A1X7UHR7_AMPQE Fibrillar collagen NC1 domain-containing protein OS=Amphimedon queenslandica OX=400682 GN=100639283 PE=4 SV=1
OG0000022	Acropora_digitifera_adi_v1.17095 adi_v1.17095	Amphimedon_queenslandica_tr_A0A1X7VQ74_A0A1X7VQ74_AMPQE tr_A0A1X7VQ74_A0A1X7VQ74_AMPQE Annexin OS=Amphimedon queenslandica OX=400682 GN=100638289 PE=3 SV=1
OG0000022	Acropora_digitifera_adi_v1.08755 adi_v1.08755	Amphimedon_queenslandica_tr_A0A1X7SGH8_A0A1X7SGH8_AMPQE tr_A0A1X7SGH8_A0A1X7SGH8_AMPQE Uncharacterized protein OS=Amphimedon queenslandica OX=400682 GN=100638282 PE=3 SV=1, Amphimedon_queenslandica_tr_A0A1X7V5G7_A0A1X7V5G7_AMPQE tr_A0A1X7V5G7_A0A1X7V5G7_AMPQE Uncharacterized protein OS=Amphimedon queenslandica OX=400682 PE=3 SV=1, Amphimedon_queenslandica_tr_A0A1X7V673_A0A1X7V673_AMPQE tr_A0A1X7V673_A0A1X7V673_AMPQE Annexin OS=Amphimedon queenslandica OX=400682 GN=100634682 PE=3 SV=1
OG0000024	Acropora_digitifera_adi_v1.05361 adi_v1.05361, Acropora_digitifera_adi_v1.10598 adi_v1.10598, Acropora_digitifera_adi_v1.05363 adi_v1.05363, Acropora_digitifera_adi_v1.05362 adi_v1.05362, Acropora_digitifera_adi_v1.21193 adi_v1.21193	Amphimedon_queenslandica_tr_A0A1X7VFM2_A0A1X7VFM2_AMPQE tr_A0A1X7VFM2_A0A1X7VFM2_AMPQE Uncharacterized protein OS=Amphimedon queenslandica OX=400682 GN=100635554 PE=4 SV=1
OG0000030	Acropora_digitifera_adi_v1.13106 adi_v1.13106	Amphimedon_queenslandica_tr_A0A1X7VBP5_A0A1X7VBP5_AMPQE tr_A0A1X7VBP5_A0A1X7VBP5_AMPQE Uncharacterized protein OS=Amphimedon queenslandica OX=400682 GN=105311941 PE=4 SV=1, Amphimedon_queenslandica_tr_A0A1X7SR42_A0A1X7SR42_AMPQE tr_A0A1X7SR42_A0A1X7SR42_AMPQE Peptidase M12B domain-containing protein OS=Amphimedon queenslandica OX=400682 PE=4 SV=1, Amphimedon_queenslandica_tr_A0A1X7V044_A0A1X7V044_AMPQE tr_A0A1X7V044_A0A1X7V044_AMPQE Uncharacterized protein OS=Amphimedon queenslandica OX=400682 PE=4 SV=1
OG0000030	Acropora_digitifera_adi_v1.02168 adi_v1.02168, Acropora_digitifera_adi_v1.09623 adi_v1.09623	Amphimedon_queenslandica_tr_A0A1X7U7R3_A0A1X7U7R3_AMPQE tr_A0A1X7U7R3_A0A1X7U7R3_AMPQE Disintegrin domain-containing protein OS=Amphimedon queenslandica OX=400682 PE=4 SV=1, Amphimedon_queenslandica_tr_A0A1X7U550_A0A1X7U550_AMPQE tr_A0A1X7U550_A0A1X7U550_AMPQE Uncharacterized protein OS=Amphimedon queenslandica OX=400682 GN=100632085 PE=4 SV=1
OG0000032	Acropora_digitifera_adi_v1.12501 adi_v1.12501, Acropora_digitifera_adi_v1.16147 adi_v1.16147, Acropora_digitifera_adi_v1.24590 adi_v1.24590, Acropora_digitifera_adi_v1.12502 adi_v1.12502, Acropora_digitifera_adi_v1.23164 adi_v1.23164, Acropora_digitifera_adi_v1.04304 adi_v1.04304	Amphimedon_queenslandica_tr_A0A1X7TCP0_A0A1X7TCP0_AMPQE tr_A0A1X7TCP0_A0A1X7TCP0_AMPQE Uncharacterized protein OS=Amphimedon queenslandica OX=400682 PE=4 SV=1, Amphimedon_queenslandica_tr_A0A1X7T0X2_A0A1X7T0X2_AMPQE tr_A0A1X7T0X2_A0A1X7T0X2_AMPQE Uncharacterized protein OS=Amphimedon queenslandica OX=400682 PE=4 SV=1
OG0000034	Acropora_digitifera_adi_v1.08610 adi_v1.08610	Amphimedon_queenslandica_tr_A0A1X7UWV8_A0A1X7UWV8_AMPQE tr_A0A1X7UWV8_A0A1X7UWV8_AMPQE Uncharacterized protein OS=Amphimedon queenslandica OX=400682 GN=109581856 PE=4 SV=1, Amphimedon_queenslandica_tr_A0A1X7VPN4_A0A1X7VPN4_AMPQE tr_A0A1X7VPN4_A0A1X7VPN4_AMPQE Laminin EGF-like domain-containing protein OS=Amphimedon queenslandica OX=400682 PE=4 SV=1
OG0000036	Acropora_digitifera_adi_v1.11171 adi_v1.11171, Acropora_digitifera_adi_v1.21085 adi_v1.21085	Amphimedon_queenslandica_tr_A0A1X7V656_A0A1X7V656_AMPQE tr_A0A1X7V656_A0A1X7V656_AMPQE Uncharacterized protein OS=Amphimedon queenslandica OX=400682 PE=4 SV=1, Amphimedon_queenslandica_tr_A0A1X7UCB5_A0A1X7UCB5_AMPQE tr_A0A1X7UCB5_A0A1X7UCB5_AMPQE Uncharacterized protein OS=Amphimedon queenslandica OX=400682 PE=4 SV=1, Amphimedon_queenslandica_tr_A0A1X7TBI3_A0A1X7TBI3_AMPQE tr_A0A1X7TBI3_A0A1X7TBI3_AMPQE Uncharacterized protein OS=Amphimedon queenslandica OX=400682 PE=4 SV=1, Amphimedon_queenslandica_tr_A0A1X7V7J8_A0A1X7V7J8_AMPQE tr_A0A1X7V7J8_A0A1X7V7J8_AMPQE Uncharacterized protein OS=Amphimedon queenslandica OX=400682 GN=105312253 PE=4 SV=1, Amphimedon_queenslandica_tr_A0A1X7VV77_A0A1X7VV77_AMPQE tr_A0A1X7VV77_A0A1X7VV77_AMPQE Uncharacterized protein OS=Amphimedon queenslandica OX=400682 GN=109580237 PE=4 SV=1, Amphimedon_queenslandica_tr_A0A1X7TT31_A0A1X7TT31_AMPQE tr_A0A1X7TT31_A0A1X7TT31_AMPQE Uncharacterized protein OS=Amphimedon queenslandica OX=400682 PE=4 SV=1, Amphimedon_queenslandica_tr_A0A1X7TTE5_A0A1X7TTE5_AMPQE tr_A0A1X7TTE5_A0A1X7TTE5_AMPQE Uncharacterized protein OS=Amphimedon queenslandica OX=400682 PE=4 SV=1, Amphimedon_queenslandica_tr_A0A1X7TSV3_A0A1X7TSV3_AMPQE tr_A0A1X7TSV3_A0A1X7TSV3_AMPQE Uncharacterized protein OS=Amphimedon queenslandica OX=400682 PE=4 SV=1, Amphimedon_queenslandica_tr_A0A1X7VJK4_A0A1X7VJK4_AMPQE tr_A0A1X7VJK4_A0A1X7VJK4_AMPQE Uncharacterized protein OS=Amphimedon queenslandica OX=400682 PE=4 SV=1, Amphimedon_queenslandica_tr_A0A1X7T0G0_A0A1X7T0G0_AMPQE tr_A0A1X7T0G0_A0A1X7T0G0_AMPQE Uncharacterized protein OS=Amphimedon queenslandica OX=400682 PE=4 SV=1, Amphimedon_queenslandica_tr_A0A1X7SGQ6_A0A1X7SGQ6_AMPQE tr_A0A1X7SGQ6_A0A1X7SGQ6_AMPQE Uncharacterized protein OS=Amphimedon queenslandica OX=400682 PE=4 SV=1, Amphimedon_queenslandica_tr_A0A1X7T4Q7_A0A1X7T4Q7_AMPQE tr_A0A1X7T4Q7_A0A1X7T4Q7_AMPQE Uncharacterized protein OS=Amphimedon queenslandica OX=400682 PE=4 SV=1, Amphimedon_queenslandica_tr_A0A1X7U143_A0A1X7U143_AMPQE tr_A0A1X7U143_A0A1X7U143_AMPQE Uncharacterized protein OS=Amphimedon queenslandica OX=400682 PE=4 SV=1, Amphimedon_queenslandica_tr_A0A1X7SW10_A0A1X7SW10_AMPQE tr_A0A1X7SW10_A0A1X7SW10_AMPQE Uncharacterized protein OS=Amphimedon queenslandica OX=400682 PE=4 SV=1, Amphimedon_queenslandica_tr_A0A1X7UBP4_A0A1X7UBP4_AMPQE tr_A0A1X7UBP4_A0A1X7UBP4_AMPQE Uncharacterized protein OS=Amphimedon queenslandica OX=400682 PE=4 SV=1, Amphimedon_queenslandica_tr_A0A1X7T5Z8_A0A1X7T5Z8_AMPQE tr_A0A1X7T5Z8_A0A1X7T5Z8_AMPQE Uncharacterized protein OS=Amphimedon queenslandica OX=400682 PE=4 SV=1
OG0000038	Acropora_digitifera_adi_v1.19171 adi_v1.19171	Amphimedon_queenslandica_tr_A0A1X7VQI5_A0A1X7VQI5_AMPQE tr_A0A1X7VQI5_A0A1X7VQI5_AMPQE TNF_2 domain-containing protein OS=Amphimedon queenslandica OX=400682 GN=109585650 PE=3 SV=1
OG0000039	Acropora_digitifera_adi_v1.18902 adi_v1.18902, Acropora_digitifera_adi_v1.15125 adi_v1.15125, Acropora_digitifera_adi_v1.16330 adi_v1.16330, Acropora_digitifera_adi_v1.15494 adi_v1.15494, Acropora_digitifera_adi_v1.15094 adi_v1.15094	Amphimedon_queenslandica_tr_A0A1X7VS50_A0A1X7VS50_AMPQE tr_A0A1X7VS50_A0A1X7VS50_AMPQE Sushi domain-containing protein OS=Amphimedon queenslandica OX=400682 PE=3 SV=1
OG0000040	Acropora_digitifera_adi_v1.10909 adi_v1.10909, Acropora_digitifera_adi_v1.09775 adi_v1.09775	Amphimedon_queenslandica_tr_A0A1X7TVU0_A0A1X7TVU0_AMPQE tr_A0A1X7TVU0_A0A1X7TVU0_AMPQE Uncharacterized protein OS=Amphimedon queenslandica OX=400682 PE=4 SV=1
OG0000041	Acropora_digitifera_adi_v1.03072 adi_v1.03072	Amphimedon_queenslandica_tr_A0A1X7VQ95_A0A1X7VQ95_AMPQE tr_A0A1X7VQ95_A0A1X7VQ95_AMPQE Uncharacterized protein OS=Amphimedon queenslandica OX=400682 GN=100636438 PE=4 SV=1
OG0000041	Acropora_digitifera_adi_v1.21179 adi_v1.21179	Amphimedon_queenslandica_tr_A0A1X7VG51_A0A1X7VG51_AMPQE tr_A0A1X7VG51_A0A1X7VG51_AMPQE VWFA domain-containing protein OS=Amphimedon queenslandica OX=400682 PE=4 SV=1
OG0000041	Acropora_digitifera_adi_v1.12520 adi_v1.12520, Acropora_digitifera_adi_v1.02837 adi_v1.02837	Amphimedon_queenslandica_tr_A0A1X7V1S2_A0A1X7V1S2_AMPQE tr_A0A1X7V1S2_A0A1X7V1S2_AMPQE Poly [ADP-ribose] polymerase OS=Amphimedon queenslandica OX=400682 GN=100633591 PE=3 SV=1
OG0000044	Acropora_digitifera_adi_v1.17869 adi_v1.17869, Acropora_digitifera_adi_v1.01279 adi_v1.01279, Acropora_digitifera_adi_v1.01276 adi_v1.01276, Acropora_digitifera_adi_v1.01277 adi_v1.01277	Amphimedon_queenslandica_tr_A0A1X7UJE9_A0A1X7UJE9_AMPQE tr_A0A1X7UJE9_A0A1X7UJE9_AMPQE TGc domain-containing protein OS=Amphimedon queenslandica OX=400682 PE=4 SV=1, Amphimedon_queenslandica_tr_A0A1X7TBY3_A0A1X7TBY3_AMPQE tr_A0A1X7TBY3_A0A1X7TBY3_AMPQE TGc domain-containing protein OS=Amphimedon queenslandica OX=400682 PE=4 SV=1, Amphimedon_queenslandica_tr_A0A1X7UK01_A0A1X7UK01_AMPQE tr_A0A1X7UK01_A0A1X7UK01_AMPQE TGc domain-containing protein OS=Amphimedon queenslandica OX=400682 PE=3 SV=1, Amphimedon_queenslandica_tr_A0A1X7VEP3_A0A1X7VEP3_AMPQE tr_A0A1X7VEP3_A0A1X7VEP3_AMPQE TGc domain-containing protein OS=Amphimedon queenslandica OX=400682 GN=105316957 PE=4 SV=1
OG0000049	Acropora_digitifera_adi_v1.00526 adi_v1.00526	Amphimedon_queenslandica_tr_A0A1X7VVB6_A0A1X7VVB6_AMPQE tr_A0A1X7VVB6_A0A1X7VVB6_AMPQE Sema domain-containing protein OS=Amphimedon queenslandica OX=400682 GN=100641578 PE=3 SV=1, Amphimedon_queenslandica_tr_A0A1X7SV56_A0A1X7SV56_AMPQE tr_A0A1X7SV56_A0A1X7SV56_AMPQE Uncharacterized protein OS=Amphimedon queenslandica OX=400682 PE=4 SV=1, Amphimedon_queenslandica_tr_A0A1X7T417_A0A1X7T417_AMPQE tr_A0A1X7T417_A0A1X7T417_AMPQE Sema domain-containing protein OS=Amphimedon queenslandica OX=400682 PE=4 SV=1, Amphimedon_queenslandica_tr_A0A1X7UU11_A0A1X7UU11_AMPQE tr_A0A1X7UU11_A0A1X7UU11_AMPQE Uncharacterized protein OS=Amphimedon queenslandica OX=400682 PE=4 SV=1, Amphimedon_queenslandica_tr_A0A1X7VVB4_A0A1X7VVB4_AMPQE tr_A0A1X7VVB4_A0A1X7VVB4_AMPQE Uncharacterized protein OS=Amphimedon queenslandica OX=400682 GN=100641705 PE=3 SV=1, Amphimedon_queenslandica_tr_A0A1X7URZ8_A0A1X7URZ8_AMPQE tr_A0A1X7URZ8_A0A1X7URZ8_AMPQE Uncharacterized protein OS=Amphimedon queenslandica OX=400682 PE=4 SV=1, Amphimedon_queenslandica_tr_A0A1X7URK3_A0A1X7URK3_AMPQE tr_A0A1X7URK3_A0A1X7URK3_AMPQE Sema domain-containing protein OS=Amphimedon queenslandica OX=400682 PE=4 SV=1
OG0000051	Acropora_digitifera_adi_v1.03896 adi_v1.03896, Acropora_digitifera_adi_v1.01617 adi_v1.01617, Acropora_digitifera_adi_v1.22187 adi_v1.22187, Acropora_digitifera_adi_v1.22186 adi_v1.22186, Acropora_digitifera_adi_v1.01615 adi_v1.01615, Acropora_digitifera_adi_v1.17811 adi_v1.17811	Amphimedon_queenslandica_tr_A0A1X7V466_A0A1X7V466_AMPQE tr_A0A1X7V466_A0A1X7V466_AMPQE VWFA domain-containing protein OS=Amphimedon queenslandica OX=400682 GN=109581210 PE=4 SV=1
OG0000054	Acropora_digitifera_adi_v1.13439 adi_v1.13439	Amphimedon_queenslandica_tr_A0A1X7TU95_A0A1X7TU95_AMPQE tr_A0A1X7TU95_A0A1X7TU95_AMPQE Uncharacterized protein OS=Amphimedon queenslandica OX=400682 PE=4 SV=1, Amphimedon_queenslandica_tr_A0A1X7STD8_A0A1X7STD8_AMPQE tr_A0A1X7STD8_A0A1X7STD8_AMPQE Uncharacterized protein OS=Amphimedon queenslandica OX=400682 PE=4 SV=1
OG0000054	Acropora_digitifera_adi_v1.00193 adi_v1.00193	Amphimedon_queenslandica_tr_A0A1X7UT64_A0A1X7UT64_AMPQE tr_A0A1X7UT64_A0A1X7UT64_AMPQE Uncharacterized protein OS=Amphimedon queenslandica OX=400682 GN=100636327 PE=4 SV=1
OG0000062	Acropora_digitifera_adi_v1.20013 adi_v1.20013	Amphimedon_queenslandica_tr_A0A1X7UTI9_A0A1X7UTI9_AMPQE tr_A0A1X7UTI9_A0A1X7UTI9_AMPQE Uncharacterized protein OS=Amphimedon queenslandica OX=400682 PE=4 SV=1, Amphimedon_queenslandica_tr_A0A1X7TRG8_A0A1X7TRG8_AMPQE tr_A0A1X7TRG8_A0A1X7TRG8_AMPQE Uncharacterized protein OS=Amphimedon queenslandica OX=400682 GN=100638185 PE=4 SV=1, Amphimedon_queenslandica_tr_A0A1X7TXK4_A0A1X7TXK4_AMPQE tr_A0A1X7TXK4_A0A1X7TXK4_AMPQE Uncharacterized protein OS=Amphimedon queenslandica OX=400682 PE=4 SV=1, Amphimedon_queenslandica_tr_A0A1X7VDH5_A0A1X7VDH5_AMPQE tr_A0A1X7VDH5_A0A1X7VDH5_AMPQE Delta-like protein OS=Amphimedon queenslandica OX=400682 PE=4 SV=1, Amphimedon_queenslandica_tr_A0A1X7VXU5_A0A1X7VXU5_AMPQE tr_A0A1X7VXU5_A0A1X7VXU5_AMPQE Delta-like protein OS=Amphimedon queenslandica OX=400682 GN=100639049 PE=4 SV=1
OG0000063	Acropora_digitifera_adi_v1.02079 adi_v1.02079, Acropora_digitifera_adi_v1.03588 adi_v1.03588, Acropora_digitifera_adi_v1.16891 adi_v1.16891, Acropora_digitifera_adi_v1.10277 adi_v1.10277	Amphimedon_queenslandica_tr_A0A1X7TB22_A0A1X7TB22_AMPQE tr_A0A1X7TB22_A0A1X7TB22_AMPQE HintN domain-containing protein OS=Amphimedon queenslandica OX=400682 PE=4 SV=1, Amphimedon_queenslandica_tr_A0A1X7UIG2_A0A1X7UIG2_AMPQE tr_A0A1X7UIG2_A0A1X7UIG2_AMPQE HintN domain-containing protein OS=Amphimedon queenslandica OX=400682 PE=3 SV=1, Amphimedon_queenslandica_tr_A0A1X7TZL0_A0A1X7TZL0_AMPQE tr_A0A1X7TZL0_A0A1X7TZL0_AMPQE HintN domain-containing protein OS=Amphimedon queenslandica OX=400682 PE=3 SV=1, Amphimedon_queenslandica_tr_A0A1X7UHL0_A0A1X7UHL0_AMPQE tr_A0A1X7UHL0_A0A1X7UHL0_AMPQE HintN domain-containing protein OS=Amphimedon queenslandica OX=400682 PE=4 SV=1
OG0000065	Acropora_digitifera_adi_v1.01898 adi_v1.01898, Acropora_digitifera_adi_v1.06117 adi_v1.06117	Amphimedon_queenslandica_tr_A0A1X7UR14_A0A1X7UR14_AMPQE tr_A0A1X7UR14_A0A1X7UR14_AMPQE Uncharacterized protein OS=Amphimedon queenslandica OX=400682 GN=100639280 PE=3 SV=1
OG0000081	Acropora_digitifera_adi_v1.11224 adi_v1.11224, Acropora_digitifera_adi_v1.14148 adi_v1.14148	Amphimedon_queenslandica_tr_A0A1X7VRA4_A0A1X7VRA4_AMPQE tr_A0A1X7VRA4_A0A1X7VRA4_AMPQE Uncharacterized protein OS=Amphimedon queenslandica OX=400682 GN=105314063 PE=3 SV=1
OG0000089	Acropora_digitifera_adi_v1.12564 adi_v1.12564	Amphimedon_queenslandica_tr_A0A1X7V7M8_A0A1X7V7M8_AMPQE tr_A0A1X7V7M8_A0A1X7V7M8_AMPQE Uncharacterized protein OS=Amphimedon queenslandica OX=400682 GN=109580991 PE=4 SV=1, Amphimedon_queenslandica_tr_A0A1X7VTC6_A0A1X7VTC6_AMPQE tr_A0A1X7VTC6_A0A1X7VTC6_AMPQE Uncharacterized protein OS=Amphimedon queenslandica OX=400682 GN=109581137 PE=4 SV=1
OG0000093	Acropora_digitifera_adi_v1.22486 adi_v1.22486, Acropora_digitifera_adi_v1.07717 adi_v1.07717, Acropora_digitifera_adi_v1.18858 adi_v1.18858	Amphimedon_queenslandica_tr_A0A1X7UAU2_A0A1X7UAU2_AMPQE tr_A0A1X7UAU2_A0A1X7UAU2_AMPQE Cystatin domain-containing protein OS=Amphimedon queenslandica OX=400682 GN=105313691 PE=3 SV=1, Amphimedon_queenslandica_tr_A0A1X7T1T4_A0A1X7T1T4_AMPQE tr_A0A1X7T1T4_A0A1X7T1T4_AMPQE Cystatin domain-containing protein OS=Amphimedon queenslandica OX=400682 PE=3 SV=1, Amphimedon_queenslandica_tr_A0A1X7TA88_A0A1X7TA88_AMPQE tr_A0A1X7TA88_A0A1X7TA88_AMPQE Cystatin domain-containing protein OS=Amphimedon queenslandica OX=400682 GN=109589080 PE=3 SV=1, Amphimedon_queenslandica_tr_A0A1X7TR84_A0A1X7TR84_AMPQE tr_A0A1X7TR84_A0A1X7TR84_AMPQE Cystatin domain-containing protein OS=Amphimedon queenslandica OX=400682 GN=100636802 PE=3 SV=1, Amphimedon_queenslandica_tr_A0A1X7U0B3_A0A1X7U0B3_AMPQE tr_A0A1X7U0B3_A0A1X7U0B3_AMPQE Cystatin domain-containing protein OS=Amphimedon queenslandica OX=400682 GN=100631414 PE=3 SV=1, Amphimedon_queenslandica_tr_A0A1X7U0L3_A0A1X7U0L3_AMPQE tr_A0A1X7U0L3_A0A1X7U0L3_AMPQE Cystatin domain-containing protein OS=Amphimedon queenslandica OX=400682 GN=105314120 PE=3 SV=1, Amphimedon_queenslandica_tr_A0A1X7U028_A0A1X7U028_AMPQE tr_A0A1X7U028_A0A1X7U028_AMPQE Cystatin domain-containing protein OS=Amphimedon queenslandica OX=400682 GN=100631544 PE=3 SV=1
OG0000094	Acropora_digitifera_adi_v1.13477 adi_v1.13477	Amphimedon_queenslandica_tr_A0A1X7V5H9_A0A1X7V5H9_AMPQE tr_A0A1X7V5H9_A0A1X7V5H9_AMPQE G2_mitotic-specific cyclin-B3 OS=Amphimedon queenslandica OX=400682 PE=3 SV=1
OG0000102	Acropora_digitifera_adi_v1.17963 adi_v1.17963, Acropora_digitifera_adi_v1.12126 adi_v1.12126, Acropora_digitifera_adi_v1.20079 adi_v1.20079, Acropora_digitifera_adi_v1.09589 adi_v1.09589, Acropora_digitifera_adi_v1.12081 adi_v1.12081	Amphimedon_queenslandica_tr_A0A1X7VB36_A0A1X7VB36_AMPQE tr_A0A1X7VB36_A0A1X7VB36_AMPQE Uncharacterized protein OS=Amphimedon queenslandica OX=400682 PE=4 SV=1
OG0000103	Acropora_digitifera_adi_v1.12265 adi_v1.12265	Amphimedon_queenslandica_tr_A0A1X7VXX5_A0A1X7VXX5_AMPQE tr_A0A1X7VXX5_A0A1X7VXX5_AMPQE Uncharacterized protein OS=Amphimedon queenslandica OX=400682 PE=4 SV=1
OG0000106	Acropora_digitifera_adi_v1.02115 adi_v1.02115	Amphimedon_queenslandica_tr_A0A1X7UEK5_A0A1X7UEK5_AMPQE tr_A0A1X7UEK5_A0A1X7UEK5_AMPQE Fibronectin type-III domain-containing protein OS=Amphimedon queenslandica OX=400682 GN=109583727 PE=3 SV=1, Amphimedon_queenslandica_tr_A0A1X7UA06_A0A1X7UA06_AMPQE tr_A0A1X7UA06_A0A1X7UA06_AMPQE Fibronectin type-III domain-containing protein OS=Amphimedon queenslandica OX=400682 GN=100640421 PE=3 SV=1
OG0000106	Acropora_digitifera_adi_v1.04595 adi_v1.04595, Acropora_digitifera_adi_v1.12730 adi_v1.12730, Acropora_digitifera_adi_v1.04153 adi_v1.04153, Acropora_digitifera_adi_v1.04157 adi_v1.04157, Acropora_digitifera_adi_v1.04154 adi_v1.04154, Acropora_digitifera_adi_v1.08231 adi_v1.08231	Amphimedon_queenslandica_tr_A0A1X7SFW6_A0A1X7SFW6_AMPQE tr_A0A1X7SFW6_A0A1X7SFW6_AMPQE Fibronectin type-III domain-containing protein OS=Amphimedon queenslandica OX=400682 PE=4 SV=1, Amphimedon_queenslandica_tr_A0A1X7U2T4_A0A1X7U2T4_AMPQE tr_A0A1X7U2T4_A0A1X7U2T4_AMPQE Fibronectin type-III domain-containing protein OS=Amphimedon queenslandica OX=400682 PE=3 SV=1
OG0000112	Acropora_digitifera_adi_v1.23845 adi_v1.23845, Acropora_digitifera_adi_v1.09025 adi_v1.09025	Amphimedon_queenslandica_tr_A0A1X7VRL3_A0A1X7VRL3_AMPQE tr_A0A1X7VRL3_A0A1X7VRL3_AMPQE Uncharacterized protein OS=Amphimedon queenslandica OX=400682 GN=100632989 PE=3 SV=1
OG0000114	Acropora_digitifera_adi_v1.04340 adi_v1.04340	Amphimedon_queenslandica_tr_A0A1X7VKR2_A0A1X7VKR2_AMPQE tr_A0A1X7VKR2_A0A1X7VKR2_AMPQE Fibronectin type-III domain-containing protein OS=Amphimedon queenslandica OX=400682 GN=100639344 PE=4 SV=1
OG0000117	Acropora_digitifera_adi_v1.00663 adi_v1.00663, Acropora_digitifera_adi_v1.03578 adi_v1.03578, Acropora_digitifera_adi_v1.07624 adi_v1.07624, Acropora_digitifera_adi_v1.11902 adi_v1.11902	Amphimedon_queenslandica_tr_A0A1X7UD72_A0A1X7UD72_AMPQE tr_A0A1X7UD72_A0A1X7UD72_AMPQE Uncharacterized protein OS=Amphimedon queenslandica OX=400682 PE=4 SV=1
OG0000121	Acropora_digitifera_adi_v1.07477 adi_v1.07477, Acropora_digitifera_adi_v1.03736 adi_v1.03736	Amphimedon_queenslandica_tr_A0A1X7VNX7_A0A1X7VNX7_AMPQE tr_A0A1X7VNX7_A0A1X7VNX7_AMPQE Uncharacterized protein OS=Amphimedon queenslandica OX=400682 PE=4 SV=1
OG0000131	Acropora_digitifera_adi_v1.13891 adi_v1.13891	Amphimedon_queenslandica_tr_A0A1X7SI22_A0A1X7SI22_AMPQE tr_A0A1X7SI22_A0A1X7SI22_AMPQE Fibronectin type-III domain-containing protein OS=Amphimedon queenslandica OX=400682 PE=4 SV=1, Amphimedon_queenslandica_tr_A0A1X7TPE4_A0A1X7TPE4_AMPQE tr_A0A1X7TPE4_A0A1X7TPE4_AMPQE Fibronectin type-III domain-containing protein OS=Amphimedon queenslandica OX=400682 PE=4 SV=1, Amphimedon_queenslandica_tr_A0A1X7SP49_A0A1X7SP49_AMPQE tr_A0A1X7SP49_A0A1X7SP49_AMPQE Uncharacterized protein OS=Amphimedon queenslandica OX=400682 PE=4 SV=1, Amphimedon_queenslandica_tr_A0A1X7SZ33_A0A1X7SZ33_AMPQE tr_A0A1X7SZ33_A0A1X7SZ33_AMPQE Uncharacterized protein OS=Amphimedon queenslandica OX=400682 PE=4 SV=1, Amphimedon_queenslandica_tr_A0A1X7TBG3_A0A1X7TBG3_AMPQE tr_A0A1X7TBG3_A0A1X7TBG3_AMPQE Uncharacterized protein OS=Amphimedon queenslandica OX=400682 GN=100638404 PE=4 SV=1
OG0000133	Acropora_digitifera_adi_v1.13517 adi_v1.13517	Amphimedon_queenslandica_tr_A0A1X7SQZ0_A0A1X7SQZ0_AMPQE tr_A0A1X7SQZ0_A0A1X7SQZ0_AMPQE Uncharacterized protein OS=Amphimedon queenslandica OX=400682 PE=4 SV=1, Amphimedon_queenslandica_tr_A0A1X7TED1_A0A1X7TED1_AMPQE tr_A0A1X7TED1_A0A1X7TED1_AMPQE Uncharacterized protein OS=Amphimedon queenslandica OX=400682 PE=4 SV=1, Amphimedon_queenslandica_tr_A0A1X7UY43_A0A1X7UY43_AMPQE tr_A0A1X7UY43_A0A1X7UY43_AMPQE Uncharacterized protein OS=Amphimedon queenslandica OX=400682 GN=100631783 PE=4 SV=1
OG0000152	Acropora_digitifera_adi_v1.16224 adi_v1.16224	Amphimedon_queenslandica_tr_A0A1X7V1L2_A0A1X7V1L2_AMPQE tr_A0A1X7V1L2_A0A1X7V1L2_AMPQE Uncharacterized protein OS=Amphimedon queenslandica OX=400682 GN=100638898 PE=3 SV=1
OG0000156	Acropora_digitifera_adi_v1.15791 adi_v1.15791	Amphimedon_queenslandica_tr_A0A1X7V0B9_A0A1X7V0B9_AMPQE tr_A0A1X7V0B9_A0A1X7V0B9_AMPQE MFAP1 domain-containing protein OS=Amphimedon queenslandica OX=400682 GN=105312554 PE=3 SV=1
OG0000159	Acropora_digitifera_adi_v1.12814 adi_v1.12814	Amphimedon_queenslandica_tr_A0A1X7VL05_A0A1X7VL05_AMPQE tr_A0A1X7VL05_A0A1X7VL05_AMPQE Fibronectin type-III domain-containing protein OS=Amphimedon queenslandica OX=400682 PE=4 SV=1
OG0000165	Acropora_digitifera_adi_v1.19692 adi_v1.19692	Amphimedon_queenslandica_tr_A0A1X7UZG8_A0A1X7UZG8_AMPQE tr_A0A1X7UZG8_A0A1X7UZG8_AMPQE Uncharacterized protein OS=Amphimedon queenslandica OX=400682 GN=100635185 PE=4 SV=1
OG0000167	Acropora_digitifera_adi_v1.12020 adi_v1.12020	Amphimedon_queenslandica_tr_A0A1X7VMF1_A0A1X7VMF1_AMPQE tr_A0A1X7VMF1_A0A1X7VMF1_AMPQE Integrin beta OS=Amphimedon queenslandica OX=400682 GN=100633624 PE=3 SV=1, Amphimedon_queenslandica_tr_A0A1X7VV54_A0A1X7VV54_AMPQE tr_A0A1X7VV54_A0A1X7VV54_AMPQE Integrin beta OS=Amphimedon queenslandica OX=400682 GN=100639429 PE=3 SV=1, Amphimedon_queenslandica_tr_A0A1X7UB58_A0A1X7UB58_AMPQE tr_A0A1X7UB58_A0A1X7UB58_AMPQE Integrin beta OS=Amphimedon queenslandica OX=400682 GN=100636291 PE=3 SV=1
OG0000176	Acropora_digitifera_adi_v1.05518 adi_v1.05518	Amphimedon_queenslandica_tr_A0A1X7VU56_A0A1X7VU56_AMPQE tr_A0A1X7VU56_A0A1X7VU56_AMPQE Fibronectin type-III domain-containing protein OS=Amphimedon queenslandica OX=400682 GN=100635339 PE=4 SV=1
OG0000184	Acropora_digitifera_adi_v1.06030 adi_v1.06030, Acropora_digitifera_adi_v1.24014 adi_v1.24014, Acropora_digitifera_adi_v1.18430 adi_v1.18430, Acropora_digitifera_adi_v1.22305 adi_v1.22305, Acropora_digitifera_adi_v1.24432 adi_v1.24432	Amphimedon_queenslandica_tr_A0A1X7VVH3_A0A1X7VVH3_AMPQE tr_A0A1X7VVH3_A0A1X7VVH3_AMPQE CUB domain-containing protein OS=Amphimedon queenslandica OX=400682 GN=109581916 PE=4 SV=1
OG0000193	Acropora_digitifera_adi_v1.08763 adi_v1.08763	Amphimedon_queenslandica_tr_A0A1X7UT99_A0A1X7UT99_AMPQE tr_A0A1X7UT99_A0A1X7UT99_AMPQE Poly_A_-specific ribonuclease OS=Amphimedon queenslandica OX=400682 PE=3 SV=1, Amphimedon_queenslandica_tr_A0A1X7T0L4_A0A1X7T0L4_AMPQE tr_A0A1X7T0L4_A0A1X7T0L4_AMPQE Uncharacterized protein OS=Amphimedon queenslandica OX=400682 PE=4 SV=1
OG0000194	Acropora_digitifera_adi_v1.23856 adi_v1.23856, Acropora_digitifera_adi_v1.00469 adi_v1.00469	Amphimedon_queenslandica_tr_A0A1X7U0I0_A0A1X7U0I0_AMPQE tr_A0A1X7U0I0_A0A1X7U0I0_AMPQE Uncharacterized protein OS=Amphimedon queenslandica OX=400682 PE=4 SV=1
OG0000195	Acropora_digitifera_adi_v1.01290 adi_v1.01290	Amphimedon_queenslandica_tr_A0A1X7ULH5_A0A1X7ULH5_AMPQE tr_A0A1X7ULH5_A0A1X7ULH5_AMPQE Uncharacterized protein OS=Amphimedon queenslandica OX=400682 GN=100637466 PE=4 SV=1
OG0000200	Acropora_digitifera_adi_v1.07516 adi_v1.07516	Amphimedon_queenslandica_tr_A0A1X7V355_A0A1X7V355_AMPQE tr_A0A1X7V355_A0A1X7V355_AMPQE VWFA domain-containing protein OS=Amphimedon queenslandica OX=400682 PE=4 SV=1, Amphimedon_queenslandica_tr_A0A1X7SZ55_A0A1X7SZ55_AMPQE tr_A0A1X7SZ55_A0A1X7SZ55_AMPQE VWFA domain-containing protein OS=Amphimedon queenslandica OX=400682 PE=4 SV=1
OG0000204	Acropora_digitifera_adi_v1.12294 adi_v1.12294	Amphimedon_queenslandica_tr_A0A1X7UD61_A0A1X7UD61_AMPQE tr_A0A1X7UD61_A0A1X7UD61_AMPQE Uncharacterized protein OS=Amphimedon queenslandica OX=400682 GN=100635112 PE=4 SV=1
OG0000209	Acropora_digitifera_adi_v1.07265 adi_v1.07265	Amphimedon_queenslandica_tr_A0A1X7VKV0_A0A1X7VKV0_AMPQE tr_A0A1X7VKV0_A0A1X7VKV0_AMPQE Uncharacterized protein OS=Amphimedon queenslandica OX=400682 PE=4 SV=1
OG0000210	Acropora_digitifera_adi_v1.01691 adi_v1.01691	Amphimedon_queenslandica_tr_A0A1X7UF90_A0A1X7UF90_AMPQE tr_A0A1X7UF90_A0A1X7UF90_AMPQE Uncharacterized protein OS=Amphimedon queenslandica OX=400682 PE=4 SV=1
OG0000219	Acropora_digitifera_adi_v1.15112 adi_v1.15112	Amphimedon_queenslandica_tr_A0A1X7SSC4_A0A1X7SSC4_AMPQE tr_A0A1X7SSC4_A0A1X7SSC4_AMPQE VWFA domain-containing protein OS=Amphimedon queenslandica OX=400682 GN=100635465 PE=4 SV=1, Amphimedon_queenslandica_tr_A0A1X7VWE7_A0A1X7VWE7_AMPQE tr_A0A1X7VWE7_A0A1X7VWE7_AMPQE VWFA domain-containing protein OS=Amphimedon queenslandica OX=400682 PE=4 SV=1
OG0000224	Acropora_digitifera_adi_v1.11457 adi_v1.11457, Acropora_digitifera_adi_v1.06479 adi_v1.06479, Acropora_digitifera_adi_v1.01880 adi_v1.01880, Acropora_digitifera_adi_v1.09875 adi_v1.09875, Acropora_digitifera_adi_v1.08221 adi_v1.08221, Acropora_digitifera_adi_v1.06480 adi_v1.06480, Acropora_digitifera_adi_v1.08220 adi_v1.08220, Acropora_digitifera_adi_v1.01879 adi_v1.01879	Amphimedon_queenslandica_tr_A0A1X7TEP5_A0A1X7TEP5_AMPQE tr_A0A1X7TEP5_A0A1X7TEP5_AMPQE Fibrinogen C-terminal domain-containing protein OS=Amphimedon queenslandica OX=400682 PE=4 SV=1, Amphimedon_queenslandica_tr_A0A1X7TKR3_A0A1X7TKR3_AMPQE tr_A0A1X7TKR3_A0A1X7TKR3_AMPQE Uncharacterized protein OS=Amphimedon queenslandica OX=400682 PE=4 SV=1
OG0000225	Acropora_digitifera_adi_v1.20308 adi_v1.20308, Acropora_digitifera_adi_v1.17669 adi_v1.17669, Acropora_digitifera_adi_v1.19275 adi_v1.19275	Amphimedon_queenslandica_tr_A0A1X7SDV1_A0A1X7SDV1_AMPQE tr_A0A1X7SDV1_A0A1X7SDV1_AMPQE EGF-like domain-containing protein OS=Amphimedon queenslandica OX=400682 PE=4 SV=1
OG0000229	Acropora_digitifera_adi_v1.02366 adi_v1.02366	Amphimedon_queenslandica_tr_A0A1X7VN61_A0A1X7VN61_AMPQE tr_A0A1X7VN61_A0A1X7VN61_AMPQE Uncharacterized protein OS=Amphimedon queenslandica OX=400682 GN=100636187 PE=4 SV=1
OG0000267	Acropora_digitifera_adi_v1.17264 adi_v1.17264	Amphimedon_queenslandica_tr_A0A1X7U8J8_A0A1X7U8J8_AMPQE tr_A0A1X7U8J8_A0A1X7U8J8_AMPQE Uncharacterized protein OS=Amphimedon queenslandica OX=400682 PE=4 SV=1, Amphimedon_queenslandica_tr_A0A1X7SWZ3_A0A1X7SWZ3_AMPQE tr_A0A1X7SWZ3_A0A1X7SWZ3_AMPQE Uncharacterized protein OS=Amphimedon queenslandica OX=400682 PE=4 SV=1, Amphimedon_queenslandica_tr_A0A1X7UBG3_A0A1X7UBG3_AMPQE tr_A0A1X7UBG3_A0A1X7UBG3_AMPQE Uncharacterized protein OS=Amphimedon queenslandica OX=400682 GN=105313653 PE=4 SV=1
OG0000278	Acropora_digitifera_adi_v1.22204 adi_v1.22204, Acropora_digitifera_adi_v1.13778 adi_v1.13778	Amphimedon_queenslandica_tr_A0A1X7T1K5_A0A1X7T1K5_AMPQE tr_A0A1X7T1K5_A0A1X7T1K5_AMPQE VWFA domain-containing protein OS=Amphimedon queenslandica OX=400682 GN=105315443 PE=3 SV=1, Amphimedon_queenslandica_tr_A0A1X7VNW0_A0A1X7VNW0_AMPQE tr_A0A1X7VNW0_A0A1X7VNW0_AMPQE VWFA domain-containing protein OS=Amphimedon queenslandica OX=400682 GN=105316414 PE=3 SV=1
OG0000282	Acropora_digitifera_adi_v1.06060 adi_v1.06060, Acropora_digitifera_adi_v1.20668 adi_v1.20668	Amphimedon_queenslandica_tr_A0A1X7TY91_A0A1X7TY91_AMPQE tr_A0A1X7TY91_A0A1X7TY91_AMPQE B3_4 domain-containing protein OS=Amphimedon queenslandica OX=400682 GN=100638911 PE=4 SV=1
OG0000423	Acropora_digitifera_adi_v1.11014 adi_v1.11014	Amphimedon_queenslandica_tr_A0A1X7V9Y5_A0A1X7V9Y5_AMPQE tr_A0A1X7V9Y5_A0A1X7V9Y5_AMPQE Uncharacterized protein OS=Amphimedon queenslandica OX=400682 PE=4 SV=1
OG0000701	Acropora_digitifera_adi_v1.14455 adi_v1.14455, Acropora_digitifera_adi_v1.24626 adi_v1.24626	Amphimedon_queenslandica_tr_A0A1X7U9W0_A0A1X7U9W0_AMPQE tr_A0A1X7U9W0_A0A1X7U9W0_AMPQE MFS domain-containing protein OS=Amphimedon queenslandica OX=400682 PE=4 SV=1
