Orthogroup	Cnidaria_Anthozoa_Nematostella_vectensis	Cnidaria_Hydrozoa_Clytia_hemispherica
OG0000000	Nematostella_vectensis_NV2t011374001.1 NV2t011374001.1	Clytia_hemispherica_TCONS_00002198-protein TCONS_00002198-protein
OG0000000	Nematostella_vectensis_NV2t017967001.1 NV2t017967001.1	Clytia_hemispherica_TCONS_00047229-protein TCONS_00047229-protein, Clytia_hemispherica_TCONS_00035351-protein TCONS_00035351-protein, Clytia_hemispherica_TCONS_00072749-protein TCONS_00072749-protein, Clytia_hemispherica_TCONS_00060419-protein TCONS_00060419-protein, Clytia_hemispherica_TCONS_00027220-protein TCONS_00027220-protein, Clytia_hemispherica_TCONS_00019639-protein TCONS_00019639-protein, Clytia_hemispherica_TCONS_00041903-protein TCONS_00041903-protein, Clytia_hemispherica_TCONS_00055631-protein TCONS_00055631-protein, Clytia_hemispherica_TCONS_00017249-protein TCONS_00017249-protein, Clytia_hemispherica_TCONS_00071837-protein TCONS_00071837-protein, Clytia_hemispherica_TCONS_00011360-protein TCONS_00011360-protein, Clytia_hemispherica_TCONS_00060455-protein TCONS_00060455-protein, Clytia_hemispherica_TCONS_00032431-protein TCONS_00032431-protein, Clytia_hemispherica_TCONS_00062122-protein TCONS_00062122-protein, Clytia_hemispherica_TCONS_00006663-protein TCONS_00006663-protein, Clytia_hemispherica_TCONS_00015470-protein TCONS_00015470-protein, Clytia_hemispherica_TCONS_00021098-protein TCONS_00021098-protein, Clytia_hemispherica_TCONS_00022251-protein TCONS_00022251-protein, Clytia_hemispherica_TCONS_00031046-protein TCONS_00031046-protein, Clytia_hemispherica_TCONS_00056773-protein TCONS_00056773-protein, Clytia_hemispherica_TCONS_00049966-protein TCONS_00049966-protein
OG0000001	Nematostella_vectensis_NV2t024157001.1 NV2t024157001.1	Clytia_hemispherica_TCONS_00046695-protein TCONS_00046695-protein
OG0000001	Nematostella_vectensis_NV2t001171001.1 NV2t001171001.1	Clytia_hemispherica_TCONS_00002943-protein TCONS_00002943-protein, Clytia_hemispherica_TCONS_00011288-protein TCONS_00011288-protein, Clytia_hemispherica_TCONS_00068399-protein TCONS_00068399-protein
OG0000001	Nematostella_vectensis_NV2t000702003.1 NV2t000702003.1, Nematostella_vectensis_NV2t000702002.1 NV2t000702002.1, Nematostella_vectensis_NV2t000702004.1 NV2t000702004.1, Nematostella_vectensis_NV2t000702005.1 NV2t000702005.1, Nematostella_vectensis_NV2t000702006.1 NV2t000702006.1, Nematostella_vectensis_NV2t000702001.1 NV2t000702001.1	Clytia_hemispherica_TCONS_00065163-protein TCONS_00065163-protein
OG0000001	Nematostella_vectensis_NV2t011797001.1 NV2t011797001.1, Nematostella_vectensis_NV2t012753001.1 NV2t012753001.1, Nematostella_vectensis_NV2t012755001.1 NV2t012755001.1, Nematostella_vectensis_NV2t022551001.1 NV2t022551001.1	Clytia_hemispherica_TCONS_00018494-protein TCONS_00018494-protein, Clytia_hemispherica_TCONS_00018496-protein TCONS_00018496-protein
OG0000001	Nematostella_vectensis_NV2t006892003.1 NV2t006892003.1, Nematostella_vectensis_NV2t006892004.1 NV2t006892004.1, Nematostella_vectensis_NV2t006892002.1 NV2t006892002.1, Nematostella_vectensis_NV2t006892001.1 NV2t006892001.1	Clytia_hemispherica_TCONS_00062616-protein TCONS_00062616-protein
OG0000001	Nematostella_vectensis_NV2t022749001.1 NV2t022749001.1	Clytia_hemispherica_TCONS_00020139-protein TCONS_00020139-protein, Clytia_hemispherica_TCONS_00072631-protein TCONS_00072631-protein
OG0000001	Nematostella_vectensis_NV2t013521001.1 NV2t013521001.1, Nematostella_vectensis_NV2t000743001.1 NV2t000743001.1	Clytia_hemispherica_TCONS_00067910-protein TCONS_00067910-protein, Clytia_hemispherica_TCONS_00055217-protein TCONS_00055217-protein
OG0000001	Nematostella_vectensis_NV2t000570001.1 NV2t000570001.1, Nematostella_vectensis_NV2t021729001.1 NV2t021729001.1, Nematostella_vectensis_NV2t021728001.1 NV2t021728001.1	Clytia_hemispherica_TCONS_00020975-protein TCONS_00020975-protein
OG0000001	Nematostella_vectensis_NV2t010732001.1 NV2t010732001.1	Clytia_hemispherica_TCONS_00026153-protein TCONS_00026153-protein, Clytia_hemispherica_TCONS_00003461-protein TCONS_00003461-protein, Clytia_hemispherica_TCONS_00071725-protein TCONS_00071725-protein
OG0000001	Nematostella_vectensis_NV2t020013001.1 NV2t020013001.1, Nematostella_vectensis_NV2t020013002.1 NV2t020013002.1	Clytia_hemispherica_TCONS_00064310-protein TCONS_00064310-protein
OG0000001	Nematostella_vectensis_NV2t000360001.1 NV2t000360001.1	Clytia_hemispherica_TCONS_00030584-protein TCONS_00030584-protein
OG0000001	Nematostella_vectensis_NV2t025734001.1 NV2t025734001.1	Clytia_hemispherica_TCONS_00064021-protein TCONS_00064021-protein
OG0000001	Nematostella_vectensis_NV2t025732001.1 NV2t025732001.1	Clytia_hemispherica_TCONS_00011362-protein TCONS_00011362-protein
OG0000001	Nematostella_vectensis_NV2t025737001.1 NV2t025737001.1	Clytia_hemispherica_TCONS_00067350-protein TCONS_00067350-protein
OG0000001	Nematostella_vectensis_NV2t024496001.1 NV2t024496001.1, Nematostella_vectensis_NV2t024496003.1 NV2t024496003.1, Nematostella_vectensis_NV2t024496004.1 NV2t024496004.1	Clytia_hemispherica_TCONS_00004794-protein TCONS_00004794-protein
OG0000001	Nematostella_vectensis_NV2t022843001.1 NV2t022843001.1, Nematostella_vectensis_NV2t022840001.1 NV2t022840001.1	Clytia_hemispherica_TCONS_00056933-protein TCONS_00056933-protein
OG0000002	Nematostella_vectensis_NV2t017239001.1 NV2t017239001.1	Clytia_hemispherica_TCONS_00027170-protein TCONS_00027170-protein
OG0000002	Nematostella_vectensis_NV2t023884001.1 NV2t023884001.1, Nematostella_vectensis_NV2t023884002.1 NV2t023884002.1	Clytia_hemispherica_TCONS_00019320-protein TCONS_00019320-protein, Clytia_hemispherica_TCONS_00011479-protein TCONS_00011479-protein
OG0000002	Nematostella_vectensis_NV2t014418001.1 NV2t014418001.1	Clytia_hemispherica_TCONS_00057330-protein TCONS_00057330-protein, Clytia_hemispherica_TCONS_00016953-protein TCONS_00016953-protein
OG0000002	Nematostella_vectensis_NV2t011758001.1 NV2t011758001.1	Clytia_hemispherica_TCONS_00061931-protein TCONS_00061931-protein
OG0000002	Nematostella_vectensis_NV2t022863003.1 NV2t022863003.1, Nematostella_vectensis_NV2t022863001.1 NV2t022863001.1, Nematostella_vectensis_NV2t022863002.1 NV2t022863002.1	Clytia_hemispherica_TCONS_00003803-protein TCONS_00003803-protein
OG0000002	Nematostella_vectensis_NV2t011502001.1 NV2t011502001.1	Clytia_hemispherica_TCONS_00011304-protein TCONS_00011304-protein
OG0000002	Nematostella_vectensis_NV2t007220001.1 NV2t007220001.1	Clytia_hemispherica_TCONS_00055220-protein TCONS_00055220-protein, Clytia_hemispherica_TCONS_00055166-protein TCONS_00055166-protein
OG0000002	Nematostella_vectensis_NV2t010038001.1 NV2t010038001.1	Clytia_hemispherica_TCONS_00032821-protein TCONS_00032821-protein, Clytia_hemispherica_TCONS_00054066-protein TCONS_00054066-protein
OG0000002	Nematostella_vectensis_NV2t011945001.1 NV2t011945001.1	Clytia_hemispherica_TCONS_00006687-protein TCONS_00006687-protein, Clytia_hemispherica_TCONS_00010430-protein TCONS_00010430-protein
OG0000002	Nematostella_vectensis_NV2t014005001.1 NV2t014005001.1	Clytia_hemispherica_TCONS_00010066-protein TCONS_00010066-protein, Clytia_hemispherica_TCONS_00010069-protein TCONS_00010069-protein
OG0000002	Nematostella_vectensis_NV2t013920001.1 NV2t013920001.1, Nematostella_vectensis_NV2t019412001.1 NV2t019412001.1, Nematostella_vectensis_NV2t013919001.1 NV2t013919001.1, Nematostella_vectensis_NV2t024746001.1 NV2t024746001.1	Clytia_hemispherica_TCONS_00022744-protein TCONS_00022744-protein
OG0000003	Nematostella_vectensis_NV2t016335001.1 NV2t016335001.1	Clytia_hemispherica_TCONS_00063447-protein TCONS_00063447-protein, Clytia_hemispherica_TCONS_00021701-protein TCONS_00021701-protein
OG0000003	Nematostella_vectensis_NV2t012859002.1 NV2t012859002.1, Nematostella_vectensis_NV2t012859001.1 NV2t012859001.1	Clytia_hemispherica_TCONS_00059665-protein TCONS_00059665-protein
OG0000003	Nematostella_vectensis_NV2t006897002.1 NV2t006897002.1, Nematostella_vectensis_NV2t013189001.1 NV2t013189001.1, Nematostella_vectensis_NV2t013189002.1 NV2t013189002.1	Clytia_hemispherica_TCONS_00052747-protein TCONS_00052747-protein, Clytia_hemispherica_TCONS_00021064-protein TCONS_00021064-protein
OG0000003	Nematostella_vectensis_NV2t012172001.1 NV2t012172001.1, Nematostella_vectensis_NV2t012165001.1 NV2t012165001.1	Clytia_hemispherica_TCONS_00003294-protein TCONS_00003294-protein
OG0000003	Nematostella_vectensis_NV2t021307001.1 NV2t021307001.1	Clytia_hemispherica_TCONS_00064671-protein TCONS_00064671-protein
OG0000003	Nematostella_vectensis_NV2t018585001.1 NV2t018585001.1, Nematostella_vectensis_NV2t018585002.1 NV2t018585002.1	Clytia_hemispherica_TCONS_00048264-protein TCONS_00048264-protein
OG0000003	Nematostella_vectensis_NV2t010232001.1 NV2t010232001.1	Clytia_hemispherica_TCONS_00038274-protein TCONS_00038274-protein, Clytia_hemispherica_TCONS_00025012-protein TCONS_00025012-protein, Clytia_hemispherica_TCONS_00056350-protein TCONS_00056350-protein, Clytia_hemispherica_TCONS_00063658-protein TCONS_00063658-protein, Clytia_hemispherica_TCONS_00056360-protein TCONS_00056360-protein, Clytia_hemispherica_TCONS_00012031-protein TCONS_00012031-protein, Clytia_hemispherica_TCONS_00000809-protein TCONS_00000809-protein, Clytia_hemispherica_TCONS_00065193-protein TCONS_00065193-protein, Clytia_hemispherica_TCONS_00065170-protein TCONS_00065170-protein, Clytia_hemispherica_TCONS_00065169-protein TCONS_00065169-protein, Clytia_hemispherica_TCONS_00026958-protein TCONS_00026958-protein, Clytia_hemispherica_TCONS_00026645-protein TCONS_00026645-protein
OG0000003	Nematostella_vectensis_NV2t013847001.1 NV2t013847001.1, Nematostella_vectensis_NV2t014543001.1 NV2t014543001.1, Nematostella_vectensis_NV2t025674001.1 NV2t025674001.1, Nematostella_vectensis_NV2t025675002.1 NV2t025675002.1, Nematostella_vectensis_NV2t025675001.1 NV2t025675001.1, Nematostella_vectensis_NV2t010399001.1 NV2t010399001.1, Nematostella_vectensis_NV2t018114001.1 NV2t018114001.1, Nematostella_vectensis_NV2t005984001.1 NV2t005984001.1	Clytia_hemispherica_TCONS_00050531-protein TCONS_00050531-protein
OG0000003	Nematostella_vectensis_NV2t020059001.1 NV2t020059001.1, Nematostella_vectensis_NV2t012173001.1 NV2t012173001.1	Clytia_hemispherica_TCONS_00044056-protein TCONS_00044056-protein, Clytia_hemispherica_TCONS_00006800-protein TCONS_00006800-protein, Clytia_hemispherica_TCONS_00067484-protein TCONS_00067484-protein, Clytia_hemispherica_TCONS_00053707-protein TCONS_00053707-protein, Clytia_hemispherica_TCONS_00018684-protein TCONS_00018684-protein
OG0000003	Nematostella_vectensis_NV2t015872001.1 NV2t015872001.1	Clytia_hemispherica_TCONS_00001968-protein TCONS_00001968-protein
OG0000003	Nematostella_vectensis_NV2t010392001.1 NV2t010392001.1, Nematostella_vectensis_NV2t010392002.1 NV2t010392002.1, Nematostella_vectensis_NV2t010392003.1 NV2t010392003.1, Nematostella_vectensis_NV2t010391001.1 NV2t010391001.1, Nematostella_vectensis_NV2t010390001.1 NV2t010390001.1, Nematostella_vectensis_NV2t010388001.1 NV2t010388001.1, Nematostella_vectensis_NV2t010388002.1 NV2t010388002.1	Clytia_hemispherica_TCONS_00047185-protein TCONS_00047185-protein
OG0000003	Nematostella_vectensis_NV2t025143001.1 NV2t025143001.1	Clytia_hemispherica_TCONS_00020411-protein TCONS_00020411-protein
OG0000003	Nematostella_vectensis_NV2t012181001.1 NV2t012181001.1	Clytia_hemispherica_TCONS_00005662-protein TCONS_00005662-protein, Clytia_hemispherica_TCONS_00036482-protein TCONS_00036482-protein, Clytia_hemispherica_TCONS_00036492-protein TCONS_00036492-protein
OG0000003	Nematostella_vectensis_NV2t007683001.1 NV2t007683001.1	Clytia_hemispherica_TCONS_00060536-protein TCONS_00060536-protein
OG0000004	Nematostella_vectensis_NV2t001610001.1 NV2t001610001.1, Nematostella_vectensis_NV2t001610003.1 NV2t001610003.1	Clytia_hemispherica_TCONS_00048850-protein TCONS_00048850-protein
OG0000004	Nematostella_vectensis_NV2t020957001.1 NV2t020957001.1, Nematostella_vectensis_NV2t020956001.1 NV2t020956001.1, Nematostella_vectensis_NV2t020522006.1 NV2t020522006.1, Nematostella_vectensis_NV2t020522008.1 NV2t020522008.1, Nematostella_vectensis_NV2t020522007.1 NV2t020522007.1, Nematostella_vectensis_NV2t020522003.1 NV2t020522003.1, Nematostella_vectensis_NV2t020522004.1 NV2t020522004.1, Nematostella_vectensis_NV2t020522005.1 NV2t020522005.1, Nematostella_vectensis_NV2t020522002.1 NV2t020522002.1, Nematostella_vectensis_NV2t020522001.1 NV2t020522001.1	Clytia_hemispherica_TCONS_00049030-protein TCONS_00049030-protein
OG0000004	Nematostella_vectensis_NV2t024201001.1 NV2t024201001.1	Clytia_hemispherica_TCONS_00000463-protein TCONS_00000463-protein
OG0000004	Nematostella_vectensis_NV2t023710001.1 NV2t023710001.1, Nematostella_vectensis_NV2t023164002.1 NV2t023164002.1, Nematostella_vectensis_NV2t023164001.1 NV2t023164001.1, Nematostella_vectensis_NV2t024229003.1 NV2t024229003.1, Nematostella_vectensis_NV2t024229001.1 NV2t024229001.1, Nematostella_vectensis_NV2t024229002.1 NV2t024229002.1	Clytia_hemispherica_TCONS_00068905-protein TCONS_00068905-protein, Clytia_hemispherica_TCONS_00014046-protein TCONS_00014046-protein, Clytia_hemispherica_TCONS_00026700-protein TCONS_00026700-protein
OG0000004	Nematostella_vectensis_NV2t014432001.1 NV2t014432001.1, Nematostella_vectensis_NV2t014626001.1 NV2t014626001.1, Nematostella_vectensis_NV2t017029001.1 NV2t017029001.1	Clytia_hemispherica_TCONS_00005832-protein TCONS_00005832-protein
OG0000004	Nematostella_vectensis_NV2t002229001.1 NV2t002229001.1, Nematostella_vectensis_NV2t002228001.1 NV2t002228001.1	Clytia_hemispherica_TCONS_00025069-protein TCONS_00025069-protein
OG0000004	Nematostella_vectensis_NV2t021936001.1 NV2t021936001.1, Nematostella_vectensis_NV2t008980001.1 NV2t008980001.1, Nematostella_vectensis_NV2t008406003.1 NV2t008406003.1, Nematostella_vectensis_NV2t008406002.1 NV2t008406002.1, Nematostella_vectensis_NV2t008406001.1 NV2t008406001.1	Clytia_hemispherica_TCONS_00008136-protein TCONS_00008136-protein, Clytia_hemispherica_TCONS_00059597-protein TCONS_00059597-protein
OG0000004	Nematostella_vectensis_NV2t011625002.1 NV2t011625002.1, Nematostella_vectensis_NV2t011625001.1 NV2t011625001.1, Nematostella_vectensis_NV2t004921001.1 NV2t004921001.1, Nematostella_vectensis_NV2t004715001.1 NV2t004715001.1	Clytia_hemispherica_TCONS_00029812-protein TCONS_00029812-protein
OG0000004	Nematostella_vectensis_NV2t003144001.1 NV2t003144001.1	Clytia_hemispherica_TCONS_00053426-protein TCONS_00053426-protein
OG0000004	Nematostella_vectensis_NV2t008636001.1 NV2t008636001.1, Nematostella_vectensis_NV2t008347001.1 NV2t008347001.1, Nematostella_vectensis_NV2t008347002.1 NV2t008347002.1	Clytia_hemispherica_TCONS_00068125-protein TCONS_00068125-protein, Clytia_hemispherica_TCONS_00059198-protein TCONS_00059198-protein
OG0000004	Nematostella_vectensis_NV2t023594001.1 NV2t023594001.1	Clytia_hemispherica_TCONS_00061976-protein TCONS_00061976-protein
OG0000005	Nematostella_vectensis_NV2t021687001.1 NV2t021687001.1, Nematostella_vectensis_NV2t021684001.1 NV2t021684001.1	Clytia_hemispherica_TCONS_00015258-protein TCONS_00015258-protein, Clytia_hemispherica_TCONS_00020465-protein TCONS_00020465-protein
OG0000005	Nematostella_vectensis_NV2t016729001.1 NV2t016729001.1, Nematostella_vectensis_NV2t016730001.1 NV2t016730001.1, Nematostella_vectensis_NV2t015011001.1 NV2t015011001.1, Nematostella_vectensis_NV2t023859001.1 NV2t023859001.1, Nematostella_vectensis_NV2t013745004.1 NV2t013745004.1, Nematostella_vectensis_NV2t013745003.1 NV2t013745003.1, Nematostella_vectensis_NV2t013745002.1 NV2t013745002.1, Nematostella_vectensis_NV2t013745001.1 NV2t013745001.1, Nematostella_vectensis_NV2t013745005.1 NV2t013745005.1, Nematostella_vectensis_NV2t013749001.1 NV2t013749001.1, Nematostella_vectensis_NV2t023064002.1 NV2t023064002.1, Nematostella_vectensis_NV2t023064001.1 NV2t023064001.1	Clytia_hemispherica_TCONS_00072424-protein TCONS_00072424-protein, Clytia_hemispherica_TCONS_00046799-protein TCONS_00046799-protein, Clytia_hemispherica_TCONS_00059668-protein TCONS_00059668-protein, Clytia_hemispherica_TCONS_00072452-protein TCONS_00072452-protein, Clytia_hemispherica_TCONS_00056619-protein TCONS_00056619-protein, Clytia_hemispherica_TCONS_00035264-protein TCONS_00035264-protein, Clytia_hemispherica_TCONS_00036935-protein TCONS_00036935-protein, Clytia_hemispherica_TCONS_00069650-protein TCONS_00069650-protein, Clytia_hemispherica_TCONS_00011313-protein TCONS_00011313-protein, Clytia_hemispherica_TCONS_00002962-protein TCONS_00002962-protein, Clytia_hemispherica_TCONS_00024366-protein TCONS_00024366-protein, Clytia_hemispherica_TCONS_00057830-protein TCONS_00057830-protein, Clytia_hemispherica_TCONS_00024970-protein TCONS_00024970-protein
OG0000005	Nematostella_vectensis_NV2t011168001.1 NV2t011168001.1, Nematostella_vectensis_NV2t011169001.1 NV2t011169001.1, Nematostella_vectensis_NV2t017332001.1 NV2t017332001.1, Nematostella_vectensis_NV2t017332003.1 NV2t017332003.1, Nematostella_vectensis_NV2t017332002.1 NV2t017332002.1	Clytia_hemispherica_TCONS_00073000-protein TCONS_00073000-protein, Clytia_hemispherica_TCONS_00073053-protein TCONS_00073053-protein
OG0000005	Nematostella_vectensis_NV2t006019001.1 NV2t006019001.1, Nematostella_vectensis_NV2t005698001.1 NV2t005698001.1	Clytia_hemispherica_TCONS_00016883-protein TCONS_00016883-protein, Clytia_hemispherica_TCONS_00057198-protein TCONS_00057198-protein, Clytia_hemispherica_TCONS_00048402-protein TCONS_00048402-protein
OG0000005	Nematostella_vectensis_NV2t015018001.1 NV2t015018001.1, Nematostella_vectensis_NV2t014862004.1 NV2t014862004.1, Nematostella_vectensis_NV2t013368001.1 NV2t013368001.1	Clytia_hemispherica_TCONS_00027231-protein TCONS_00027231-protein
OG0000005	Nematostella_vectensis_NV2t003953001.1 NV2t003953001.1	Clytia_hemispherica_TCONS_00005324-protein TCONS_00005324-protein
OG0000005	Nematostella_vectensis_NV2t002486001.1 NV2t002486001.1	Clytia_hemispherica_TCONS_00018805-protein TCONS_00018805-protein, Clytia_hemispherica_TCONS_00062392-protein TCONS_00062392-protein, Clytia_hemispherica_TCONS_00072115-protein TCONS_00072115-protein
OG0000006	Nematostella_vectensis_NV2t024979002.1 NV2t024979002.1, Nematostella_vectensis_NV2t024979003.1 NV2t024979003.1, Nematostella_vectensis_NV2t024979001.1 NV2t024979001.1, Nematostella_vectensis_NV2t025124001.1 NV2t025124001.1, Nematostella_vectensis_NV2t020926001.1 NV2t020926001.1	Clytia_hemispherica_TCONS_00068279-protein TCONS_00068279-protein
OG0000006	Nematostella_vectensis_NV2t003560001.1 NV2t003560001.1	Clytia_hemispherica_TCONS_00017431-protein TCONS_00017431-protein
OG0000006	Nematostella_vectensis_NV2t003792001.1 NV2t003792001.1, Nematostella_vectensis_NV2t003300001.1 NV2t003300001.1	Clytia_hemispherica_TCONS_00046199-protein TCONS_00046199-protein
OG0000006	Nematostella_vectensis_NV2t025187001.1 NV2t025187001.1	Clytia_hemispherica_TCONS_00042167-protein TCONS_00042167-protein
OG0000006	Nematostella_vectensis_NV2t011255001.1 NV2t011255001.1	Clytia_hemispherica_TCONS_00055514-protein TCONS_00055514-protein, Clytia_hemispherica_TCONS_00001195-protein TCONS_00001195-protein
OG0000007	Nematostella_vectensis_NV2t025186001.1 NV2t025186001.1, Nematostella_vectensis_NV2t023400001.1 NV2t023400001.1	Clytia_hemispherica_TCONS_00064084-protein TCONS_00064084-protein
OG0000007	Nematostella_vectensis_NV2t014812001.1 NV2t014812001.1	Clytia_hemispherica_TCONS_00007902-protein TCONS_00007902-protein
OG0000007	Nematostella_vectensis_NV2t003396003.1 NV2t003396003.1, Nematostella_vectensis_NV2t003396001.1 NV2t003396001.1	Clytia_hemispherica_TCONS_00030157-protein TCONS_00030157-protein
OG0000008	Nematostella_vectensis_NV2t005910001.1 NV2t005910001.1	Clytia_hemispherica_TCONS_00016456-protein TCONS_00016456-protein
OG0000008	Nematostella_vectensis_NV2t005917001.1 NV2t005917001.1	Clytia_hemispherica_TCONS_00059356-protein TCONS_00059356-protein
OG0000008	Nematostella_vectensis_NV2t006441001.1 NV2t006441001.1	Clytia_hemispherica_TCONS_00016471-protein TCONS_00016471-protein
OG0000008	Nematostella_vectensis_NV2t006022001.1 NV2t006022001.1, Nematostella_vectensis_NV2t006021001.1 NV2t006021001.1, Nematostella_vectensis_NV2t005918001.1 NV2t005918001.1, Nematostella_vectensis_NV2t005918002.1 NV2t005918002.1	Clytia_hemispherica_TCONS_00049590-protein TCONS_00049590-protein, Clytia_hemispherica_TCONS_00017168-protein TCONS_00017168-protein, Clytia_hemispherica_TCONS_00017172-protein TCONS_00017172-protein, Clytia_hemispherica_TCONS_00017148-protein TCONS_00017148-protein
OG0000008	Nematostella_vectensis_NV2t005916001.1 NV2t005916001.1	Clytia_hemispherica_TCONS_00009711-protein TCONS_00009711-protein
OG0000008	Nematostella_vectensis_NV2t024543001.1 NV2t024543001.1, Nematostella_vectensis_NV2t021526001.1 NV2t021526001.1, Nematostella_vectensis_NV2t003407001.1 NV2t003407001.1	Clytia_hemispherica_TCONS_00052901-protein TCONS_00052901-protein, Clytia_hemispherica_TCONS_00025445-protein TCONS_00025445-protein
OG0000008	Nematostella_vectensis_NV2t025661003.1 NV2t025661003.1, Nematostella_vectensis_NV2t025661002.1 NV2t025661002.1, Nematostella_vectensis_NV2t025659003.1 NV2t025659003.1, Nematostella_vectensis_NV2t025659001.1 NV2t025659001.1, Nematostella_vectensis_NV2t025659004.1 NV2t025659004.1, Nematostella_vectensis_NV2t025659002.1 NV2t025659002.1, Nematostella_vectensis_NV2t025658001.1 NV2t025658001.1	Clytia_hemispherica_TCONS_00024185-protein TCONS_00024185-protein
OG0000008	Nematostella_vectensis_NV2t022145001.1 NV2t022145001.1, Nematostella_vectensis_NV2t006034001.1 NV2t006034001.1	Clytia_hemispherica_TCONS_00071623-protein TCONS_00071623-protein
OG0000008	Nematostella_vectensis_NV2t010370001.1 NV2t010370001.1, Nematostella_vectensis_NV2t010398001.1 NV2t010398001.1, Nematostella_vectensis_NV2t010398002.1 NV2t010398002.1	Clytia_hemispherica_TCONS_00073668-protein TCONS_00073668-protein
OG0000008	Nematostella_vectensis_NV2t010371001.1 NV2t010371001.1	Clytia_hemispherica_TCONS_00070167-protein TCONS_00070167-protein
OG0000009	Nematostella_vectensis_NV2t021954001.1 NV2t021954001.1	Clytia_hemispherica_TCONS_00055242-protein TCONS_00055242-protein
OG0000009	Nematostella_vectensis_NV2t014830001.1 NV2t014830001.1, Nematostella_vectensis_NV2t014830002.1 NV2t014830002.1, Nematostella_vectensis_NV2t014356001.1 NV2t014356001.1	Clytia_hemispherica_TCONS_00053164-protein TCONS_00053164-protein
OG0000009	Nematostella_vectensis_NV2t003026001.1 NV2t003026001.1, Nematostella_vectensis_NV2t002825001.1 NV2t002825001.1	Clytia_hemispherica_TCONS_00004070-protein TCONS_00004070-protein
OG0000009	Nematostella_vectensis_NV2t016314001.1 NV2t016314001.1, Nematostella_vectensis_NV2t016315002.1 NV2t016315002.1, Nematostella_vectensis_NV2t016315001.1 NV2t016315001.1	Clytia_hemispherica_TCONS_00044068-protein TCONS_00044068-protein, Clytia_hemispherica_TCONS_00008272-protein TCONS_00008272-protein
OG0000009	Nematostella_vectensis_NV2t003625001.1 NV2t003625001.1, Nematostella_vectensis_NV2t005224001.1 NV2t005224001.1, Nematostella_vectensis_NV2t002814001.1 NV2t002814001.1, Nematostella_vectensis_NV2t003167001.1 NV2t003167001.1, Nematostella_vectensis_NV2t003167002.1 NV2t003167002.1, Nematostella_vectensis_NV2t003698001.1 NV2t003698001.1, Nematostella_vectensis_NV2t003699001.1 NV2t003699001.1, Nematostella_vectensis_NV2t003699002.1 NV2t003699002.1, Nematostella_vectensis_NV2t003699003.1 NV2t003699003.1, Nematostella_vectensis_NV2t014373001.1 NV2t014373001.1	Clytia_hemispherica_TCONS_00071034-protein TCONS_00071034-protein
OG0000009	Nematostella_vectensis_NV2t001391003.1 NV2t001391003.1, Nematostella_vectensis_NV2t001391002.1 NV2t001391002.1, Nematostella_vectensis_NV2t001391001.1 NV2t001391001.1	Clytia_hemispherica_TCONS_00067570-protein TCONS_00067570-protein
OG0000010	Nematostella_vectensis_NV2t014905001.1 NV2t014905001.1, Nematostella_vectensis_NV2t014905002.1 NV2t014905002.1, Nematostella_vectensis_NV2t014905003.1 NV2t014905003.1	Clytia_hemispherica_TCONS_00011086-protein TCONS_00011086-protein
OG0000010	Nematostella_vectensis_NV2t021353001.1 NV2t021353001.1, Nematostella_vectensis_NV2t021353003.1 NV2t021353003.1	Clytia_hemispherica_TCONS_00068957-protein TCONS_00068957-protein
OG0000010	Nematostella_vectensis_NV2t022783003.1 NV2t022783003.1, Nematostella_vectensis_NV2t022783004.1 NV2t022783004.1, Nematostella_vectensis_NV2t022783001.1 NV2t022783001.1, Nematostella_vectensis_NV2t022783005.1 NV2t022783005.1, Nematostella_vectensis_NV2t022783002.1 NV2t022783002.1, Nematostella_vectensis_NV2t022081001.1 NV2t022081001.1	Clytia_hemispherica_TCONS_00036457-protein TCONS_00036457-protein
OG0000010	Nematostella_vectensis_NV2t006047001.1 NV2t006047001.1	Clytia_hemispherica_TCONS_00073670-protein TCONS_00073670-protein, Clytia_hemispherica_TCONS_00073671-protein TCONS_00073671-protein
OG0000010	Nematostella_vectensis_NV2t023832001.1 NV2t023832001.1	Clytia_hemispherica_TCONS_00009152-protein TCONS_00009152-protein
OG0000012	Nematostella_vectensis_NV2t012902001.1 NV2t012902001.1	Clytia_hemispherica_TCONS_00069193-protein TCONS_00069193-protein
OG0000012	Nematostella_vectensis_NV2t016210001.1 NV2t016210001.1	Clytia_hemispherica_TCONS_00044696-protein TCONS_00044696-protein
OG0000012	Nematostella_vectensis_NV2t012730001.1 NV2t012730001.1	Clytia_hemispherica_TCONS_00003443-protein TCONS_00003443-protein
OG0000013	Nematostella_vectensis_NV2t023407003.1 NV2t023407003.1, Nematostella_vectensis_NV2t023407002.1 NV2t023407002.1, Nematostella_vectensis_NV2t023407001.1 NV2t023407001.1	Clytia_hemispherica_TCONS_00012270-protein TCONS_00012270-protein
OG0000013	Nematostella_vectensis_NV2t011033001.1 NV2t011033001.1	Clytia_hemispherica_TCONS_00056741-protein TCONS_00056741-protein
OG0000013	Nematostella_vectensis_NV2t012225001.1 NV2t012225001.1	Clytia_hemispherica_TCONS_00027333-protein TCONS_00027333-protein, Clytia_hemispherica_TCONS_00027371-protein TCONS_00027371-protein
OG0000013	Nematostella_vectensis_NV2t012463001.1 NV2t012463001.1	Clytia_hemispherica_TCONS_00003473-protein TCONS_00003473-protein
OG0000013	Nematostella_vectensis_NV2t022664005.1 NV2t022664005.1, Nematostella_vectensis_NV2t022664004.1 NV2t022664004.1, Nematostella_vectensis_NV2t022664001.1 NV2t022664001.1, Nematostella_vectensis_NV2t022664003.1 NV2t022664003.1, Nematostella_vectensis_NV2t022664006.1 NV2t022664006.1, Nematostella_vectensis_NV2t022664002.1 NV2t022664002.1	Clytia_hemispherica_TCONS_00005153-protein TCONS_00005153-protein
OG0000013	Nematostella_vectensis_NV2t003168003.1 NV2t003168003.1, Nematostella_vectensis_NV2t003168001.1 NV2t003168001.1, Nematostella_vectensis_NV2t003168002.1 NV2t003168002.1	Clytia_hemispherica_TCONS_00050019-protein TCONS_00050019-protein
OG0000013	Nematostella_vectensis_NV2t003689001.1 NV2t003689001.1, Nematostella_vectensis_NV2t004522001.1 NV2t004522001.1, Nematostella_vectensis_NV2t005661001.1 NV2t005661001.1	Clytia_hemispherica_TCONS_00073720-protein TCONS_00073720-protein
OG0000014	Nematostella_vectensis_NV2t022999001.1 NV2t022999001.1	Clytia_hemispherica_TCONS_00022833-protein TCONS_00022833-protein
OG0000014	Nematostella_vectensis_NV2t023275001.1 NV2t023275001.1	Clytia_hemispherica_TCONS_00008326-protein TCONS_00008326-protein
OG0000014	Nematostella_vectensis_NV2t020821001.1 NV2t020821001.1	Clytia_hemispherica_TCONS_00055972-protein TCONS_00055972-protein
OG0000014	Nematostella_vectensis_NV2t000087001.1 NV2t000087001.1	Clytia_hemispherica_TCONS_00024369-protein TCONS_00024369-protein
OG0000014	Nematostella_vectensis_NV2t025184002.1 NV2t025184002.1, Nematostella_vectensis_NV2t025184001.1 NV2t025184001.1	Clytia_hemispherica_TCONS_00004887-protein TCONS_00004887-protein
OG0000014	Nematostella_vectensis_NV2t017494001.1 NV2t017494001.1	Clytia_hemispherica_TCONS_00006273-protein TCONS_00006273-protein
OG0000014	Nematostella_vectensis_NV2t022459002.1 NV2t022459002.1, Nematostella_vectensis_NV2t022459001.1 NV2t022459001.1, Nematostella_vectensis_NV2t021229001.1 NV2t021229001.1, Nematostella_vectensis_NV2t022465001.1 NV2t022465001.1, Nematostella_vectensis_NV2t021631001.1 NV2t021631001.1, Nematostella_vectensis_NV2t021630001.1 NV2t021630001.1, Nematostella_vectensis_NV2t021635001.1 NV2t021635001.1, Nematostella_vectensis_NV2t021636001.1 NV2t021636001.1, Nematostella_vectensis_NV2t021230001.1 NV2t021230001.1, Nematostella_vectensis_NV2t021638002.1 NV2t021638002.1, Nematostella_vectensis_NV2t021638001.1 NV2t021638001.1, Nematostella_vectensis_NV2t001124001.1 NV2t001124001.1, Nematostella_vectensis_NV2t001120001.1 NV2t001120001.1, Nematostella_vectensis_NV2t001123004.1 NV2t001123004.1, Nematostella_vectensis_NV2t001123002.1 NV2t001123002.1, Nematostella_vectensis_NV2t001123005.1 NV2t001123005.1, Nematostella_vectensis_NV2t001123003.1 NV2t001123003.1, Nematostella_vectensis_NV2t024070001.1 NV2t024070001.1	Clytia_hemispherica_TCONS_00000234-protein TCONS_00000234-protein
OG0000014	Nematostella_vectensis_NV2t009914001.1 NV2t009914001.1	Clytia_hemispherica_TCONS_00049460-protein TCONS_00049460-protein, Clytia_hemispherica_TCONS_00053160-protein TCONS_00053160-protein
OG0000015	Nematostella_vectensis_NV2t012183001.1 NV2t012183001.1, Nematostella_vectensis_NV2t011069001.1 NV2t011069001.1, Nematostella_vectensis_NV2t011632001.1 NV2t011632001.1, Nematostella_vectensis_NV2t011345005.1 NV2t011345005.1, Nematostella_vectensis_NV2t011345001.1 NV2t011345001.1, Nematostella_vectensis_NV2t011345002.1 NV2t011345002.1, Nematostella_vectensis_NV2t011345004.1 NV2t011345004.1, Nematostella_vectensis_NV2t011345003.1 NV2t011345003.1	Clytia_hemispherica_TCONS_00071047-protein TCONS_00071047-protein
OG0000016	Nematostella_vectensis_NV2t019146002.1 NV2t019146002.1, Nematostella_vectensis_NV2t019146001.1 NV2t019146001.1	Clytia_hemispherica_TCONS_00015027-protein TCONS_00015027-protein, Clytia_hemispherica_TCONS_00066227-protein TCONS_00066227-protein
OG0000016	Nematostella_vectensis_NV2t020475001.1 NV2t020475001.1	Clytia_hemispherica_TCONS_00068527-protein TCONS_00068527-protein, Clytia_hemispherica_TCONS_00055310-protein TCONS_00055310-protein, Clytia_hemispherica_TCONS_00029219-protein TCONS_00029219-protein, Clytia_hemispherica_TCONS_00070408-protein TCONS_00070408-protein
OG0000016	Nematostella_vectensis_NV2t018121001.1 NV2t018121001.1	Clytia_hemispherica_TCONS_00071584-protein TCONS_00071584-protein
OG0000016	Nematostella_vectensis_NV2t002700001.1 NV2t002700001.1	Clytia_hemispherica_TCONS_00016718-protein TCONS_00016718-protein
OG0000016	Nematostella_vectensis_NV2t014820001.1 NV2t014820001.1, Nematostella_vectensis_NV2t014297001.1 NV2t014297001.1, Nematostella_vectensis_NV2t019316003.1 NV2t019316003.1, Nematostella_vectensis_NV2t019316002.1 NV2t019316002.1, Nematostella_vectensis_NV2t010833003.1 NV2t010833003.1, Nematostella_vectensis_NV2t010833002.1 NV2t010833002.1, Nematostella_vectensis_NV2t010833001.1 NV2t010833001.1, Nematostella_vectensis_NV2t008027001.1 NV2t008027001.1, Nematostella_vectensis_NV2t008027002.1 NV2t008027002.1, Nematostella_vectensis_NV2t003582001.1 NV2t003582001.1, Nematostella_vectensis_NV2t001647001.1 NV2t001647001.1, Nematostella_vectensis_NV2t003581001.1 NV2t003581001.1, Nematostella_vectensis_NV2t008375002.1 NV2t008375002.1, Nematostella_vectensis_NV2t008375001.1 NV2t008375001.1, Nematostella_vectensis_NV2t000808002.1 NV2t000808002.1, Nematostella_vectensis_NV2t000807001.1 NV2t000807001.1	Clytia_hemispherica_TCONS_00023824-protein TCONS_00023824-protein, Clytia_hemispherica_TCONS_00010506-protein TCONS_00010506-protein
OG0000018	Nematostella_vectensis_NV2t019165001.1 NV2t019165001.1, Nematostella_vectensis_NV2t019165003.1 NV2t019165003.1, Nematostella_vectensis_NV2t019165002.1 NV2t019165002.1, Nematostella_vectensis_NV2t019166001.1 NV2t019166001.1	Clytia_hemispherica_TCONS_00019092-protein TCONS_00019092-protein, Clytia_hemispherica_TCONS_00038451-protein TCONS_00038451-protein, Clytia_hemispherica_TCONS_00053338-protein TCONS_00053338-protein, Clytia_hemispherica_TCONS_00066533-protein TCONS_00066533-protein
OG0000019	Nematostella_vectensis_NV2t006269003.1 NV2t006269003.1, Nematostella_vectensis_NV2t006269002.1 NV2t006269002.1, Nematostella_vectensis_NV2t006269001.1 NV2t006269001.1	Clytia_hemispherica_TCONS_00010860-protein TCONS_00010860-protein
OG0000019	Nematostella_vectensis_NV2t019847002.1 NV2t019847002.1, Nematostella_vectensis_NV2t019847001.1 NV2t019847001.1	Clytia_hemispherica_TCONS_00032606-protein TCONS_00032606-protein
OG0000019	Nematostella_vectensis_NV2t006489001.1 NV2t006489001.1	Clytia_hemispherica_TCONS_00000118-protein TCONS_00000118-protein
OG0000020	Nematostella_vectensis_NV2t012027001.1 NV2t012027001.1	Clytia_hemispherica_TCONS_00047700-protein TCONS_00047700-protein
OG0000020	Nematostella_vectensis_NV2t011872001.1 NV2t011872001.1, Nematostella_vectensis_NV2t011872002.1 NV2t011872002.1, Nematostella_vectensis_NV2t012159001.1 NV2t012159001.1	Clytia_hemispherica_TCONS_00061671-protein TCONS_00061671-protein, Clytia_hemispherica_TCONS_00046920-protein TCONS_00046920-protein, Clytia_hemispherica_TCONS_00046924-protein TCONS_00046924-protein, Clytia_hemispherica_TCONS_00003321-protein TCONS_00003321-protein
OG0000020	Nematostella_vectensis_NV2t024535002.1 NV2t024535002.1, Nematostella_vectensis_NV2t024535001.1 NV2t024535001.1	Clytia_hemispherica_TCONS_00006265-protein TCONS_00006265-protein
OG0000021	Nematostella_vectensis_NV2t020722001.1 NV2t020722001.1, Nematostella_vectensis_NV2t020722002.1 NV2t020722002.1, Nematostella_vectensis_NV2t020722003.1 NV2t020722003.1	Clytia_hemispherica_TCONS_00006428-protein TCONS_00006428-protein
OG0000021	Nematostella_vectensis_NV2t009849002.1 NV2t009849002.1, Nematostella_vectensis_NV2t009849001.1 NV2t009849001.1	Clytia_hemispherica_TCONS_00024883-protein TCONS_00024883-protein
OG0000021	Nematostella_vectensis_NV2t001337001.1 NV2t001337001.1	Clytia_hemispherica_TCONS_00061561-protein TCONS_00061561-protein
OG0000021	Nematostella_vectensis_NV2t012147001.1 NV2t012147001.1	Clytia_hemispherica_TCONS_00059183-protein TCONS_00059183-protein
OG0000022	Nematostella_vectensis_NV2t009562002.1 NV2t009562002.1, Nematostella_vectensis_NV2t009562001.1 NV2t009562001.1	Clytia_hemispherica_TCONS_00055551-protein TCONS_00055551-protein
OG0000023	Nematostella_vectensis_NV2t018385002.1 NV2t018385002.1, Nematostella_vectensis_NV2t018385001.1 NV2t018385001.1	Clytia_hemispherica_TCONS_00023962-protein TCONS_00023962-protein, Clytia_hemispherica_TCONS_00030285-protein TCONS_00030285-protein
OG0000024	Nematostella_vectensis_NV2t000107001.1 NV2t000107001.1, Nematostella_vectensis_NV2t000107002.1 NV2t000107002.1	Clytia_hemispherica_TCONS_00051917-protein TCONS_00051917-protein
OG0000024	Nematostella_vectensis_NV2t003372003.1 NV2t003372003.1, Nematostella_vectensis_NV2t003372002.1 NV2t003372002.1, Nematostella_vectensis_NV2t003372001.1 NV2t003372001.1	Clytia_hemispherica_TCONS_00018835-protein TCONS_00018835-protein
OG0000024	Nematostella_vectensis_NV2t003373001.1 NV2t003373001.1, Nematostella_vectensis_NV2t003373002.1 NV2t003373002.1, Nematostella_vectensis_NV2t003373003.1 NV2t003373003.1	Clytia_hemispherica_TCONS_00055942-protein TCONS_00055942-protein
OG0000027	Nematostella_vectensis_NV2t007036001.1 NV2t007036001.1	Clytia_hemispherica_TCONS_00004998-protein TCONS_00004998-protein
OG0000027	Nematostella_vectensis_NV2t018257001.1 NV2t018257001.1, Nematostella_vectensis_NV2t020778003.1 NV2t020778003.1, Nematostella_vectensis_NV2t020778002.1 NV2t020778002.1, Nematostella_vectensis_NV2t020778001.1 NV2t020778001.1	Clytia_hemispherica_TCONS_00008404-protein TCONS_00008404-protein
OG0000028	Nematostella_vectensis_NV2t021411001.1 NV2t021411001.1	Clytia_hemispherica_TCONS_00014070-protein TCONS_00014070-protein
OG0000029	Nematostella_vectensis_NV2t004704001.1 NV2t004704001.1	Clytia_hemispherica_TCONS_00066649-protein TCONS_00066649-protein
OG0000029	Nematostella_vectensis_NV2t004683002.1 NV2t004683002.1, Nematostella_vectensis_NV2t004683001.1 NV2t004683001.1	Clytia_hemispherica_TCONS_00003166-protein TCONS_00003166-protein
OG0000029	Nematostella_vectensis_NV2t009601003.1 NV2t009601003.1, Nematostella_vectensis_NV2t009601002.1 NV2t009601002.1, Nematostella_vectensis_NV2t009601001.1 NV2t009601001.1, Nematostella_vectensis_NV2t011326001.1 NV2t011326001.1, Nematostella_vectensis_NV2t011326002.1 NV2t011326002.1, Nematostella_vectensis_NV2t011326003.1 NV2t011326003.1, Nematostella_vectensis_NV2t011326004.1 NV2t011326004.1	Clytia_hemispherica_TCONS_00010654-protein TCONS_00010654-protein, Clytia_hemispherica_TCONS_00010652-protein TCONS_00010652-protein
OG0000030	Nematostella_vectensis_NV2t006771001.1 NV2t006771001.1, Nematostella_vectensis_NV2t006771002.1 NV2t006771002.1	Clytia_hemispherica_TCONS_00007497-protein TCONS_00007497-protein, Clytia_hemispherica_TCONS_00007500-protein TCONS_00007500-protein
OG0000030	Nematostella_vectensis_NV2t013893003.1 NV2t013893003.1, Nematostella_vectensis_NV2t013893002.1 NV2t013893002.1	Clytia_hemispherica_TCONS_00004356-protein TCONS_00004356-protein
OG0000030	Nematostella_vectensis_NV2t024729009.1 NV2t024729009.1, Nematostella_vectensis_NV2t024729016.1 NV2t024729016.1, Nematostella_vectensis_NV2t024729018.1 NV2t024729018.1, Nematostella_vectensis_NV2t024729004.1 NV2t024729004.1, Nematostella_vectensis_NV2t024729015.1 NV2t024729015.1, Nematostella_vectensis_NV2t024729005.1 NV2t024729005.1, Nematostella_vectensis_NV2t024729010.1 NV2t024729010.1, Nematostella_vectensis_NV2t024729008.1 NV2t024729008.1, Nematostella_vectensis_NV2t024729007.1 NV2t024729007.1, Nematostella_vectensis_NV2t024729006.1 NV2t024729006.1	Clytia_hemispherica_TCONS_00028602-protein TCONS_00028602-protein
OG0000032	Nematostella_vectensis_NV2t007899001.1 NV2t007899001.1	Clytia_hemispherica_TCONS_00034838-protein TCONS_00034838-protein
OG0000032	Nematostella_vectensis_NV2t008834002.1 NV2t008834002.1	Clytia_hemispherica_TCONS_00051558-protein TCONS_00051558-protein
OG0000033	Nematostella_vectensis_NV2t005041001.1 NV2t005041001.1, Nematostella_vectensis_NV2t002667001.1 NV2t002667001.1	Clytia_hemispherica_TCONS_00050100-protein TCONS_00050100-protein, Clytia_hemispherica_TCONS_00060254-protein TCONS_00060254-protein, Clytia_hemispherica_TCONS_00060270-protein TCONS_00060270-protein, Clytia_hemispherica_TCONS_00063125-protein TCONS_00063125-protein, Clytia_hemispherica_TCONS_00053701-protein TCONS_00053701-protein, Clytia_hemispherica_TCONS_00039900-protein TCONS_00039900-protein, Clytia_hemispherica_TCONS_00023261-protein TCONS_00023261-protein, Clytia_hemispherica_TCONS_00023250-protein TCONS_00023250-protein, Clytia_hemispherica_TCONS_00025608-protein TCONS_00025608-protein
OG0000034	Nematostella_vectensis_NV2t018302001.1 NV2t018302001.1	Clytia_hemispherica_TCONS_00051590-protein TCONS_00051590-protein
OG0000034	Nematostella_vectensis_NV2t014163001.1 NV2t014163001.1, Nematostella_vectensis_NV2t014162001.1 NV2t014162001.1	Clytia_hemispherica_TCONS_00055927-protein TCONS_00055927-protein
OG0000034	Nematostella_vectensis_NV2t021926001.1 NV2t021926001.1	Clytia_hemispherica_TCONS_00048912-protein TCONS_00048912-protein, Clytia_hemispherica_TCONS_00057683-protein TCONS_00057683-protein
OG0000035	Nematostella_vectensis_NV2t010387001.1 NV2t010387001.1	Clytia_hemispherica_TCONS_00058995-protein TCONS_00058995-protein
OG0000036	Nematostella_vectensis_NV2t025171002.1 NV2t025171002.1, Nematostella_vectensis_NV2t025171001.1 NV2t025171001.1, Nematostella_vectensis_NV2t022153002.1 NV2t022153002.1, Nematostella_vectensis_NV2t022153001.1 NV2t022153001.1	Clytia_hemispherica_TCONS_00001698-protein TCONS_00001698-protein
OG0000036	Nematostella_vectensis_NV2t025188001.1 NV2t025188001.1, Nematostella_vectensis_NV2t017270001.1 NV2t017270001.1, Nematostella_vectensis_NV2t025193001.1 NV2t025193001.1	Clytia_hemispherica_TCONS_00048163-protein TCONS_00048163-protein
OG0000039	Nematostella_vectensis_NV2t023271001.1 NV2t023271001.1, Nematostella_vectensis_NV2t023270001.1 NV2t023270001.1, Nematostella_vectensis_NV2t023497001.1 NV2t023497001.1, Nematostella_vectensis_NV2t023274001.1 NV2t023274001.1	Clytia_hemispherica_TCONS_00014774-protein TCONS_00014774-protein
OG0000040	Nematostella_vectensis_NV2t010172001.1 NV2t010172001.1, Nematostella_vectensis_NV2t010172003.1 NV2t010172003.1, Nematostella_vectensis_NV2t010172002.1 NV2t010172002.1, Nematostella_vectensis_NV2t010172004.1 NV2t010172004.1	Clytia_hemispherica_TCONS_00002499-protein TCONS_00002499-protein
OG0000040	Nematostella_vectensis_NV2t021870001.1 NV2t021870001.1	Clytia_hemispherica_TCONS_00011389-protein TCONS_00011389-protein
OG0000040	Nematostella_vectensis_NV2t013801001.1 NV2t013801001.1	Clytia_hemispherica_TCONS_00015477-protein TCONS_00015477-protein
OG0000041	Nematostella_vectensis_NV2t008369001.1 NV2t008369001.1	Clytia_hemispherica_TCONS_00059541-protein TCONS_00059541-protein
OG0000042	Nematostella_vectensis_NV2t019653001.1 NV2t019653001.1	Clytia_hemispherica_TCONS_00005412-protein TCONS_00005412-protein, Clytia_hemispherica_TCONS_00059228-protein TCONS_00059228-protein, Clytia_hemispherica_TCONS_00007470-protein TCONS_00007470-protein
OG0000042	Nematostella_vectensis_NV2t017038001.1 NV2t017038001.1, Nematostella_vectensis_NV2t016569001.1 NV2t016569001.1, Nematostella_vectensis_NV2t017107001.1 NV2t017107001.1, Nematostella_vectensis_NV2t016567001.1 NV2t016567001.1, Nematostella_vectensis_NV2t017148001.1 NV2t017148001.1	Clytia_hemispherica_TCONS_00066637-protein TCONS_00066637-protein, Clytia_hemispherica_TCONS_00072911-protein TCONS_00072911-protein
OG0000044	Nematostella_vectensis_NV2t009869001.1 NV2t009869001.1, Nematostella_vectensis_NV2t010348003.1 NV2t010348003.1, Nematostella_vectensis_NV2t010348004.1 NV2t010348004.1, Nematostella_vectensis_NV2t010348002.1 NV2t010348002.1, Nematostella_vectensis_NV2t010348007.1 NV2t010348007.1, Nematostella_vectensis_NV2t010348005.1 NV2t010348005.1, Nematostella_vectensis_NV2t010348010.1 NV2t010348010.1, Nematostella_vectensis_NV2t010348008.1 NV2t010348008.1	Clytia_hemispherica_TCONS_00053572-protein TCONS_00053572-protein, Clytia_hemispherica_TCONS_00062853-protein TCONS_00062853-protein, Clytia_hemispherica_TCONS_00033083-protein TCONS_00033083-protein
OG0000045	Nematostella_vectensis_NV2t017119001.1 NV2t017119001.1	Clytia_hemispherica_TCONS_00002813-protein TCONS_00002813-protein
OG0000045	Nematostella_vectensis_NV2t015818001.1 NV2t015818001.1	Clytia_hemispherica_TCONS_00036447-protein TCONS_00036447-protein, Clytia_hemispherica_TCONS_00064868-protein TCONS_00064868-protein, Clytia_hemispherica_TCONS_00064836-protein TCONS_00064836-protein, Clytia_hemispherica_TCONS_00043175-protein TCONS_00043175-protein
OG0000046	Nematostella_vectensis_NV2t015588001.1 NV2t015588001.1, Nematostella_vectensis_NV2t007283001.1 NV2t007283001.1, Nematostella_vectensis_NV2t007282001.1 NV2t007282001.1, Nematostella_vectensis_NV2t011749001.1 NV2t011749001.1, Nematostella_vectensis_NV2t011749002.1 NV2t011749002.1, Nematostella_vectensis_NV2t011749003.1 NV2t011749003.1, Nematostella_vectensis_NV2t007825001.1 NV2t007825001.1, Nematostella_vectensis_NV2t022910001.1 NV2t022910001.1, Nematostella_vectensis_NV2t024719001.1 NV2t024719001.1, Nematostella_vectensis_NV2t001979001.1 NV2t001979001.1, Nematostella_vectensis_NV2t000566001.1 NV2t000566001.1, Nematostella_vectensis_NV2t001244001.1 NV2t001244001.1, Nematostella_vectensis_NV2t002698002.1 NV2t002698002.1, Nematostella_vectensis_NV2t002698001.1 NV2t002698001.1, Nematostella_vectensis_NV2t002696001.1 NV2t002696001.1, Nematostella_vectensis_NV2t025688001.1 NV2t025688001.1, Nematostella_vectensis_NV2t004753001.1 NV2t004753001.1, Nematostella_vectensis_NV2t012033003.1 NV2t012033003.1, Nematostella_vectensis_NV2t012033004.1 NV2t012033004.1, Nematostella_vectensis_NV2t012033005.1 NV2t012033005.1, Nematostella_vectensis_NV2t012036001.1 NV2t012036001.1, Nematostella_vectensis_NV2t001129001.1 NV2t001129001.1, Nematostella_vectensis_NV2t000399001.1 NV2t000399001.1	Clytia_hemispherica_TCONS_00050883-protein TCONS_00050883-protein, Clytia_hemispherica_TCONS_00065761-protein TCONS_00065761-protein, Clytia_hemispherica_TCONS_00072914-protein TCONS_00072914-protein, Clytia_hemispherica_TCONS_00003192-protein TCONS_00003192-protein, Clytia_hemispherica_TCONS_00000570-protein TCONS_00000570-protein, Clytia_hemispherica_TCONS_00043112-protein TCONS_00043112-protein, Clytia_hemispherica_TCONS_00043709-protein TCONS_00043709-protein
OG0000049	Nematostella_vectensis_NV2t002812001.1 NV2t002812001.1	Clytia_hemispherica_TCONS_00064915-protein TCONS_00064915-protein
OG0000051	Nematostella_vectensis_NV2t000903001.1 NV2t000903001.1, Nematostella_vectensis_NV2t000907002.1 NV2t000907002.1, Nematostella_vectensis_NV2t000903002.1 NV2t000903002.1, Nematostella_vectensis_NV2t000907001.1 NV2t000907001.1, Nematostella_vectensis_NV2t000903003.1 NV2t000903003.1	Clytia_hemispherica_TCONS_00024466-protein TCONS_00024466-protein, Clytia_hemispherica_TCONS_00037794-protein TCONS_00037794-protein
OG0000051	Nematostella_vectensis_NV2t003042004.1 NV2t003042004.1	Clytia_hemispherica_TCONS_00046933-protein TCONS_00046933-protein, Clytia_hemispherica_TCONS_00065253-protein TCONS_00065253-protein
OG0000053	Nematostella_vectensis_NV2t012441001.1 NV2t012441001.1	Clytia_hemispherica_TCONS_00069010-protein TCONS_00069010-protein
OG0000054	Nematostella_vectensis_NV2t000638001.1 NV2t000638001.1	Clytia_hemispherica_TCONS_00029751-protein TCONS_00029751-protein
OG0000054	Nematostella_vectensis_NV2t005524014.1 NV2t005524014.1, Nematostella_vectensis_NV2t005524013.1 NV2t005524013.1, Nematostella_vectensis_NV2t005524012.1 NV2t005524012.1	Clytia_hemispherica_TCONS_00036167-protein TCONS_00036167-protein
OG0000056	Nematostella_vectensis_NV2t020283001.1 NV2t020283001.1	Clytia_hemispherica_TCONS_00054179-protein TCONS_00054179-protein
OG0000061	Nematostella_vectensis_NV2t004625001.1 NV2t004625001.1	Clytia_hemispherica_TCONS_00050243-protein TCONS_00050243-protein
OG0000061	Nematostella_vectensis_NV2t000137001.1 NV2t000137001.1, Nematostella_vectensis_NV2t000137003.1 NV2t000137003.1, Nematostella_vectensis_NV2t000137002.1 NV2t000137002.1	Clytia_hemispherica_TCONS_00002099-protein TCONS_00002099-protein, Clytia_hemispherica_TCONS_00005277-protein TCONS_00005277-protein, Clytia_hemispherica_TCONS_00040450-protein TCONS_00040450-protein, Clytia_hemispherica_TCONS_00005276-protein TCONS_00005276-protein
OG0000062	Nematostella_vectensis_NV2t020618001.1 NV2t020618001.1	Clytia_hemispherica_TCONS_00052771-protein TCONS_00052771-protein, Clytia_hemispherica_TCONS_00023638-protein TCONS_00023638-protein
OG0000063	Nematostella_vectensis_NV2t000128002.1 NV2t000128002.1, Nematostella_vectensis_NV2t000128001.1 NV2t000128001.1, Nematostella_vectensis_NV2t000128004.1 NV2t000128004.1, Nematostella_vectensis_NV2t000128003.1 NV2t000128003.1, Nematostella_vectensis_NV2t010760002.1 NV2t010760002.1, Nematostella_vectensis_NV2t010760001.1 NV2t010760001.1, Nematostella_vectensis_NV2t006480001.1 NV2t006480001.1, Nematostella_vectensis_NV2t023188001.1 NV2t023188001.1	Clytia_hemispherica_TCONS_00002634-protein TCONS_00002634-protein, Clytia_hemispherica_TCONS_00002631-protein TCONS_00002631-protein
OG0000064	Nematostella_vectensis_NV2t022930001.1 NV2t022930001.1	Clytia_hemispherica_TCONS_00067923-protein TCONS_00067923-protein
OG0000074	Nematostella_vectensis_NV2t010243002.1 NV2t010243002.1	Clytia_hemispherica_TCONS_00028190-protein TCONS_00028190-protein
OG0000075	Nematostella_vectensis_NV2t002755001.1 NV2t002755001.1	Clytia_hemispherica_TCONS_00018308-protein TCONS_00018308-protein, Clytia_hemispherica_TCONS_00054794-protein TCONS_00054794-protein
OG0000075	Nematostella_vectensis_NV2t013338003.1 NV2t013338003.1, Nematostella_vectensis_NV2t013338002.1 NV2t013338002.1, Nematostella_vectensis_NV2t013338001.1 NV2t013338001.1, Nematostella_vectensis_NV2t003202001.1 NV2t003202001.1	Clytia_hemispherica_TCONS_00047980-protein TCONS_00047980-protein
OG0000080	Nematostella_vectensis_NV2t017964001.1 NV2t017964001.1, Nematostella_vectensis_NV2t003669001.1 NV2t003669001.1, Nematostella_vectensis_NV2t003671001.1 NV2t003671001.1	Clytia_hemispherica_TCONS_00070986-protein TCONS_00070986-protein
OG0000081	Nematostella_vectensis_NV2t010636001.1 NV2t010636001.1, Nematostella_vectensis_NV2t010636002.1 NV2t010636002.1	Clytia_hemispherica_TCONS_00053462-protein TCONS_00053462-protein
OG0000081	Nematostella_vectensis_NV2t001170001.1 NV2t001170001.1	Clytia_hemispherica_TCONS_00006563-protein TCONS_00006563-protein
OG0000082	Nematostella_vectensis_NV2t009511001.1 NV2t009511001.1, Nematostella_vectensis_NV2t020881001.1 NV2t020881001.1, Nematostella_vectensis_NV2t016343001.1 NV2t016343001.1	Clytia_hemispherica_TCONS_00001201-protein TCONS_00001201-protein
OG0000084	Nematostella_vectensis_NV2t011420001.1 NV2t011420001.1	Clytia_hemispherica_TCONS_00057688-protein TCONS_00057688-protein
OG0000084	Nematostella_vectensis_NV2t011417001.1 NV2t011417001.1	Clytia_hemispherica_TCONS_00006263-protein TCONS_00006263-protein
OG0000086	Nematostella_vectensis_NV2t001985001.1 NV2t001985001.1	Clytia_hemispherica_TCONS_00039485-protein TCONS_00039485-protein, Clytia_hemispherica_TCONS_00061995-protein TCONS_00061995-protein, Clytia_hemispherica_TCONS_00068191-protein TCONS_00068191-protein
OG0000087	Nematostella_vectensis_NV2t015454001.1 NV2t015454001.1	Clytia_hemispherica_TCONS_00024126-protein TCONS_00024126-protein
OG0000089	Nematostella_vectensis_NV2t022735001.1 NV2t022735001.1	Clytia_hemispherica_TCONS_00004749-protein TCONS_00004749-protein
OG0000092	Nematostella_vectensis_NV2t003067001.1 NV2t003067001.1, Nematostella_vectensis_NV2t003067002.1 NV2t003067002.1, Nematostella_vectensis_NV2t003067003.1 NV2t003067003.1, Nematostella_vectensis_NV2t001288001.1 NV2t001288001.1, Nematostella_vectensis_NV2t001288002.1 NV2t001288002.1, Nematostella_vectensis_NV2t001288003.1 NV2t001288003.1	Clytia_hemispherica_TCONS_00018221-protein TCONS_00018221-protein, Clytia_hemispherica_TCONS_00006966-protein TCONS_00006966-protein, Clytia_hemispherica_TCONS_00006964-protein TCONS_00006964-protein, Clytia_hemispherica_TCONS_00006967-protein TCONS_00006967-protein, Clytia_hemispherica_TCONS_00054784-protein TCONS_00054784-protein, Clytia_hemispherica_TCONS_00007479-protein TCONS_00007479-protein
OG0000094	Nematostella_vectensis_NV2t021528002.1 NV2t021528002.1, Nematostella_vectensis_NV2t021528001.1 NV2t021528001.1	Clytia_hemispherica_TCONS_00019291-protein TCONS_00019291-protein
OG0000099	Nematostella_vectensis_NV2t012418001.1 NV2t012418001.1	Clytia_hemispherica_TCONS_00015994-protein TCONS_00015994-protein, Clytia_hemispherica_TCONS_00016000-protein TCONS_00016000-protein, Clytia_hemispherica_TCONS_00015967-protein TCONS_00015967-protein, Clytia_hemispherica_TCONS_00064088-protein TCONS_00064088-protein, Clytia_hemispherica_TCONS_00065037-protein TCONS_00065037-protein
OG0000100	Nematostella_vectensis_NV2t005196004.1 NV2t005196004.1, Nematostella_vectensis_NV2t005199001.1 NV2t005199001.1, Nematostella_vectensis_NV2t005199002.1 NV2t005199002.1, Nematostella_vectensis_NV2t005196003.1 NV2t005196003.1, Nematostella_vectensis_NV2t005196001.1 NV2t005196001.1, Nematostella_vectensis_NV2t005196002.1 NV2t005196002.1	Clytia_hemispherica_TCONS_00062227-protein TCONS_00062227-protein
OG0000100	Nematostella_vectensis_NV2t005200001.1 NV2t005200001.1	Clytia_hemispherica_TCONS_00062230-protein TCONS_00062230-protein
OG0000100	Nematostella_vectensis_NV2t005188001.1 NV2t005188001.1, Nematostella_vectensis_NV2t005188002.1 NV2t005188002.1	Clytia_hemispherica_TCONS_00024080-protein TCONS_00024080-protein
OG0000101	Nematostella_vectensis_NV2t022495005.1 NV2t022495005.1, Nematostella_vectensis_NV2t022495004.1 NV2t022495004.1, Nematostella_vectensis_NV2t022495006.1 NV2t022495006.1, Nematostella_vectensis_NV2t022495007.1 NV2t022495007.1, Nematostella_vectensis_NV2t022495002.1 NV2t022495002.1, Nematostella_vectensis_NV2t022495001.1 NV2t022495001.1, Nematostella_vectensis_NV2t022495003.1 NV2t022495003.1	Clytia_hemispherica_TCONS_00021549-protein TCONS_00021549-protein
OG0000103	Nematostella_vectensis_NV2t024079004.1 NV2t024079004.1, Nematostella_vectensis_NV2t024079001.1 NV2t024079001.1, Nematostella_vectensis_NV2t024079007.1 NV2t024079007.1, Nematostella_vectensis_NV2t024079002.1 NV2t024079002.1, Nematostella_vectensis_NV2t024079005.1 NV2t024079005.1, Nematostella_vectensis_NV2t024079003.1 NV2t024079003.1, Nematostella_vectensis_NV2t024079006.1 NV2t024079006.1	Clytia_hemispherica_TCONS_00012064-protein TCONS_00012064-protein
OG0000108	Nematostella_vectensis_NV2t016607001.1 NV2t016607001.1, Nematostella_vectensis_NV2t010551001.1 NV2t010551001.1, Nematostella_vectensis_NV2t010983001.1 NV2t010983001.1, Nematostella_vectensis_NV2t009553001.1 NV2t009553001.1, Nematostella_vectensis_NV2t020559001.1 NV2t020559001.1, Nematostella_vectensis_NV2t019715001.1 NV2t019715001.1, Nematostella_vectensis_NV2t010019001.1 NV2t010019001.1, Nematostella_vectensis_NV2t010018001.1 NV2t010018001.1, Nematostella_vectensis_NV2t010017001.1 NV2t010017001.1, Nematostella_vectensis_NV2t020560001.1 NV2t020560001.1	Clytia_hemispherica_TCONS_00000465-protein TCONS_00000465-protein
OG0000111	Nematostella_vectensis_NV2t018220001.1 NV2t018220001.1, Nematostella_vectensis_NV2t007958001.1 NV2t007958001.1, Nematostella_vectensis_NV2t017350001.1 NV2t017350001.1	Clytia_hemispherica_TCONS_00064231-protein TCONS_00064231-protein
OG0000112	Nematostella_vectensis_NV2t018651001.1 NV2t018651001.1, Nematostella_vectensis_NV2t017717001.1 NV2t017717001.1	Clytia_hemispherica_TCONS_00062070-protein TCONS_00062070-protein
OG0000113	Nematostella_vectensis_NV2t022291001.1 NV2t022291001.1	Clytia_hemispherica_TCONS_00049955-protein TCONS_00049955-protein
OG0000116	Nematostella_vectensis_NV2t021902003.1 NV2t021902003.1, Nematostella_vectensis_NV2t021902008.1 NV2t021902008.1, Nematostella_vectensis_NV2t021902002.1 NV2t021902002.1, Nematostella_vectensis_NV2t021902009.1 NV2t021902009.1, Nematostella_vectensis_NV2t021902006.1 NV2t021902006.1, Nematostella_vectensis_NV2t021902001.1 NV2t021902001.1, Nematostella_vectensis_NV2t021902010.1 NV2t021902010.1, Nematostella_vectensis_NV2t021902005.1 NV2t021902005.1, Nematostella_vectensis_NV2t021902007.1 NV2t021902007.1, Nematostella_vectensis_NV2t021902004.1 NV2t021902004.1, Nematostella_vectensis_NV2t021924001.1 NV2t021924001.1	Clytia_hemispherica_TCONS_00053845-protein TCONS_00053845-protein
OG0000120	Nematostella_vectensis_NV2t006659001.1 NV2t006659001.1	Clytia_hemispherica_TCONS_00010938-protein TCONS_00010938-protein
OG0000121	Nematostella_vectensis_NV2t005949001.1 NV2t005949001.1	Clytia_hemispherica_TCONS_00000040-protein TCONS_00000040-protein
OG0000121	Nematostella_vectensis_NV2t022155001.1 NV2t022155001.1, Nematostella_vectensis_NV2t022155002.1 NV2t022155002.1	Clytia_hemispherica_TCONS_00020121-protein TCONS_00020121-protein
OG0000122	Nematostella_vectensis_NV2t006810001.1 NV2t006810001.1	Clytia_hemispherica_TCONS_00013994-protein TCONS_00013994-protein
OG0000123	Nematostella_vectensis_NV2t003768001.1 NV2t003768001.1	Clytia_hemispherica_TCONS_00053461-protein TCONS_00053461-protein, Clytia_hemispherica_TCONS_00053464-protein TCONS_00053464-protein
OG0000126	Nematostella_vectensis_NV2t000074001.1 NV2t000074001.1, Nematostella_vectensis_NV2t001922003.1 NV2t001922003.1, Nematostella_vectensis_NV2t001922004.1 NV2t001922004.1, Nematostella_vectensis_NV2t001922001.1 NV2t001922001.1, Nematostella_vectensis_NV2t001922005.1 NV2t001922005.1	Clytia_hemispherica_TCONS_00014329-protein TCONS_00014329-protein, Clytia_hemispherica_TCONS_00069894-protein TCONS_00069894-protein
OG0000130	Nematostella_vectensis_NV2t003951001.1 NV2t003951001.1, Nematostella_vectensis_NV2t003946001.1 NV2t003946001.1, Nematostella_vectensis_NV2t003946002.1 NV2t003946002.1, Nematostella_vectensis_NV2t003951002.1 NV2t003951002.1, Nematostella_vectensis_NV2t003157001.1 NV2t003157001.1	Clytia_hemispherica_TCONS_00055222-protein TCONS_00055222-protein
OG0000131	Nematostella_vectensis_NV2t019864001.1 NV2t019864001.1, Nematostella_vectensis_NV2t019863002.1 NV2t019863002.1, Nematostella_vectensis_NV2t013270001.1 NV2t013270001.1	Clytia_hemispherica_TCONS_00002425-protein TCONS_00002425-protein, Clytia_hemispherica_TCONS_00002495-protein TCONS_00002495-protein
OG0000133	Nematostella_vectensis_NV2t005944001.1 NV2t005944001.1	Clytia_hemispherica_TCONS_00000171-protein TCONS_00000171-protein
OG0000134	Nematostella_vectensis_NV2t019051002.1 NV2t019051002.1, Nematostella_vectensis_NV2t019051001.1 NV2t019051001.1	Clytia_hemispherica_TCONS_00009201-protein TCONS_00009201-protein
OG0000150	Nematostella_vectensis_NV2t025633001.1 NV2t025633001.1, Nematostella_vectensis_NV2t025632001.1 NV2t025632001.1	Clytia_hemispherica_TCONS_00003726-protein TCONS_00003726-protein
OG0000152	Nematostella_vectensis_NV2t015243001.1 NV2t015243001.1	Clytia_hemispherica_TCONS_00060223-protein TCONS_00060223-protein
OG0000155	Nematostella_vectensis_NV2t017827003.1 NV2t017827003.1, Nematostella_vectensis_NV2t017827002.1 NV2t017827002.1, Nematostella_vectensis_NV2t017827001.1 NV2t017827001.1, Nematostella_vectensis_NV2t017517001.1 NV2t017517001.1	Clytia_hemispherica_TCONS_00008215-protein TCONS_00008215-protein
OG0000156	Nematostella_vectensis_NV2t013515001.1 NV2t013515001.1	Clytia_hemispherica_TCONS_00025665-protein TCONS_00025665-protein
OG0000158	Nematostella_vectensis_NV2t016600002.1 NV2t016600002.1, Nematostella_vectensis_NV2t016600001.1 NV2t016600001.1	Clytia_hemispherica_TCONS_00065605-protein TCONS_00065605-protein
OG0000160	Nematostella_vectensis_NV2t011287001.1 NV2t011287001.1, Nematostella_vectensis_NV2t000851001.1 NV2t000851001.1, Nematostella_vectensis_NV2t001272001.1 NV2t001272001.1	Clytia_hemispherica_TCONS_00064739-protein TCONS_00064739-protein
OG0000160	Nematostella_vectensis_NV2t016585002.1 NV2t016585002.1, Nematostella_vectensis_NV2t016585001.1 NV2t016585001.1	Clytia_hemispherica_TCONS_00024235-protein TCONS_00024235-protein
OG0000171	Nematostella_vectensis_NV2t012417001.1 NV2t012417001.1	Clytia_hemispherica_TCONS_00013906-protein TCONS_00013906-protein
OG0000176	Nematostella_vectensis_NV2t007812002.1 NV2t007812002.1, Nematostella_vectensis_NV2t007812003.1 NV2t007812003.1, Nematostella_vectensis_NV2t007812001.1 NV2t007812001.1	Clytia_hemispherica_TCONS_00050730-protein TCONS_00050730-protein
OG0000177	Nematostella_vectensis_NV2t013212001.1 NV2t013212001.1	Clytia_hemispherica_TCONS_00003500-protein TCONS_00003500-protein
OG0000178	Nematostella_vectensis_NV2t006547001.1 NV2t006547001.1, Nematostella_vectensis_NV2t007463001.1 NV2t007463001.1	Clytia_hemispherica_TCONS_00050084-protein TCONS_00050084-protein
OG0000182	Nematostella_vectensis_NV2t006820001.1 NV2t006820001.1	Clytia_hemispherica_TCONS_00059231-protein TCONS_00059231-protein
OG0000187	Nematostella_vectensis_NV2t005309001.1 NV2t005309001.1, Nematostella_vectensis_NV2t005308001.1 NV2t005308001.1, Nematostella_vectensis_NV2t005309002.1 NV2t005309002.1	Clytia_hemispherica_TCONS_00003206-protein TCONS_00003206-protein
OG0000188	Nematostella_vectensis_NV2t014070001.1 NV2t014070001.1, Nematostella_vectensis_NV2t000856001.1 NV2t000856001.1, Nematostella_vectensis_NV2t014087001.1 NV2t014087001.1, Nematostella_vectensis_NV2t014076001.1 NV2t014076001.1, Nematostella_vectensis_NV2t014089001.1 NV2t014089001.1	Clytia_hemispherica_TCONS_00060278-protein TCONS_00060278-protein, Clytia_hemispherica_TCONS_00060280-protein TCONS_00060280-protein
OG0000192	Nematostella_vectensis_NV2t007835001.1 NV2t007835001.1, Nematostella_vectensis_NV2t007835002.1 NV2t007835002.1, Nematostella_vectensis_NV2t007835003.1 NV2t007835003.1	Clytia_hemispherica_TCONS_00014937-protein TCONS_00014937-protein
OG0000193	Nematostella_vectensis_NV2t009771001.1 NV2t009771001.1	Clytia_hemispherica_TCONS_00053692-protein TCONS_00053692-protein
OG0000194	Nematostella_vectensis_NV2t011108001.1 NV2t011108001.1, Nematostella_vectensis_NV2t011108002.1 NV2t011108002.1	Clytia_hemispherica_TCONS_00071632-protein TCONS_00071632-protein, Clytia_hemispherica_TCONS_00030436-protein TCONS_00030436-protein
OG0000195	Nematostella_vectensis_NV2t011142001.1 NV2t011142001.1	Clytia_hemispherica_TCONS_00066994-protein TCONS_00066994-protein
OG0000197	Nematostella_vectensis_NV2t013381001.1 NV2t013381001.1, Nematostella_vectensis_NV2t015283001.1 NV2t015283001.1	Clytia_hemispherica_TCONS_00051925-protein TCONS_00051925-protein
OG0000199	Nematostella_vectensis_NV2t017578001.1 NV2t017578001.1	Clytia_hemispherica_TCONS_00047808-protein TCONS_00047808-protein
OG0000200	Nematostella_vectensis_NV2t002853001.1 NV2t002853001.1	Clytia_hemispherica_TCONS_00023146-protein TCONS_00023146-protein
OG0000201	Nematostella_vectensis_NV2t000988005.1 NV2t000988005.1, Nematostella_vectensis_NV2t000988003.1 NV2t000988003.1, Nematostella_vectensis_NV2t000988004.1 NV2t000988004.1, Nematostella_vectensis_NV2t000988001.1 NV2t000988001.1, Nematostella_vectensis_NV2t000988002.1 NV2t000988002.1	Clytia_hemispherica_TCONS_00051608-protein TCONS_00051608-protein
OG0000203	Nematostella_vectensis_NV2t022236001.1 NV2t022236001.1	Clytia_hemispherica_TCONS_00002252-protein TCONS_00002252-protein
OG0000204	Nematostella_vectensis_NV2t003725001.1 NV2t003725001.1	Clytia_hemispherica_TCONS_00063679-protein TCONS_00063679-protein
OG0000209	Nematostella_vectensis_NV2t022763001.1 NV2t022763001.1	Clytia_hemispherica_TCONS_00065263-protein TCONS_00065263-protein
OG0000210	Nematostella_vectensis_NV2t021186001.1 NV2t021186001.1, Nematostella_vectensis_NV2t019015002.1 NV2t019015002.1	Clytia_hemispherica_TCONS_00052810-protein TCONS_00052810-protein
OG0000211	Nematostella_vectensis_NV2t025670003.1 NV2t025670003.1, Nematostella_vectensis_NV2t025670006.1 NV2t025670006.1	Clytia_hemispherica_TCONS_00064022-protein TCONS_00064022-protein
OG0000231	Nematostella_vectensis_NV2t012221001.1 NV2t012221001.1	Clytia_hemispherica_TCONS_00061987-protein TCONS_00061987-protein
OG0000237	Nematostella_vectensis_NV2t022294001.1 NV2t022294001.1	Clytia_hemispherica_TCONS_00028314-protein TCONS_00028314-protein
OG0000240	Nematostella_vectensis_NV2t019924001.1 NV2t019924001.1	Clytia_hemispherica_TCONS_00008587-protein TCONS_00008587-protein
OG0000242	Nematostella_vectensis_NV2t024863002.1 NV2t024863002.1, Nematostella_vectensis_NV2t017446001.1 NV2t017446001.1	Clytia_hemispherica_TCONS_00026328-protein TCONS_00026328-protein, Clytia_hemispherica_TCONS_00014381-protein TCONS_00014381-protein, Clytia_hemispherica_TCONS_00045470-protein TCONS_00045470-protein
OG0000248	Nematostella_vectensis_NV2t006365001.1 NV2t006365001.1	Clytia_hemispherica_TCONS_00073674-protein TCONS_00073674-protein
OG0000253	Nematostella_vectensis_NV2t014946001.1 NV2t014946001.1	Clytia_hemispherica_TCONS_00003407-protein TCONS_00003407-protein
OG0000267	Nematostella_vectensis_NV2t024051001.1 NV2t024051001.1	Clytia_hemispherica_TCONS_00024032-protein TCONS_00024032-protein
OG0000272	Nematostella_vectensis_NV2t013883004.1 NV2t013883004.1, Nematostella_vectensis_NV2t013883001.1 NV2t013883001.1, Nematostella_vectensis_NV2t013883003.1 NV2t013883003.1, Nematostella_vectensis_NV2t013883002.1 NV2t013883002.1	Clytia_hemispherica_TCONS_00030863-protein TCONS_00030863-protein
OG0000280	Nematostella_vectensis_NV2t000161001.1 NV2t000161001.1	Clytia_hemispherica_TCONS_00056421-protein TCONS_00056421-protein
OG0000282	Nematostella_vectensis_NV2t010745001.1 NV2t010745001.1	Clytia_hemispherica_TCONS_00000534-protein TCONS_00000534-protein
OG0000285	Nematostella_vectensis_NV2t021271001.1 NV2t021271001.1, Nematostella_vectensis_NV2t021271002.1 NV2t021271002.1	Clytia_hemispherica_TCONS_00002465-protein TCONS_00002465-protein
OG0000286	Nematostella_vectensis_NV2t009055002.1 NV2t009055002.1, Nematostella_vectensis_NV2t009055003.1 NV2t009055003.1, Nematostella_vectensis_NV2t009055001.1 NV2t009055001.1	Clytia_hemispherica_TCONS_00061110-protein TCONS_00061110-protein
OG0000303	Nematostella_vectensis_NV2t018394001.1 NV2t018394001.1, Nematostella_vectensis_NV2t018394004.1 NV2t018394004.1, Nematostella_vectensis_NV2t018394003.1 NV2t018394003.1, Nematostella_vectensis_NV2t018394005.1 NV2t018394005.1, Nematostella_vectensis_NV2t018394002.1 NV2t018394002.1	Clytia_hemispherica_TCONS_00065051-protein TCONS_00065051-protein
OG0000309	Nematostella_vectensis_NV2t023330001.1 NV2t023330001.1	Clytia_hemispherica_TCONS_00026216-protein TCONS_00026216-protein
OG0000314	Nematostella_vectensis_NV2t007515002.1 NV2t007515002.1, Nematostella_vectensis_NV2t007515003.1 NV2t007515003.1	Clytia_hemispherica_TCONS_00070109-protein TCONS_00070109-protein
OG0000330	Nematostella_vectensis_NV2t012621001.1 NV2t012621001.1, Nematostella_vectensis_NV2t012623001.1 NV2t012623001.1	Clytia_hemispherica_TCONS_00068879-protein TCONS_00068879-protein
OG0000349	Nematostella_vectensis_NV2t007560001.1 NV2t007560001.1	Clytia_hemispherica_TCONS_00070117-protein TCONS_00070117-protein
OG0000357	Nematostella_vectensis_NV2t012344001.1 NV2t012344001.1	Clytia_hemispherica_TCONS_00022277-protein TCONS_00022277-protein
OG0000364	Nematostella_vectensis_NV2t006373001.1 NV2t006373001.1	Clytia_hemispherica_TCONS_00009511-protein TCONS_00009511-protein
OG0000439	Nematostella_vectensis_NV2t006438001.1 NV2t006438001.1	Clytia_hemispherica_TCONS_00009709-protein TCONS_00009709-protein
OG0000476	Nematostella_vectensis_NV2t008265001.1 NV2t008265001.1	Clytia_hemispherica_TCONS_00053396-protein TCONS_00053396-protein
OG0000482	Nematostella_vectensis_NV2t009497003.1 NV2t009497003.1, Nematostella_vectensis_NV2t009497002.1 NV2t009497002.1, Nematostella_vectensis_NV2t009497001.1 NV2t009497001.1	Clytia_hemispherica_TCONS_00072325-protein TCONS_00072325-protein
OG0000713	Nematostella_vectensis_NV2t024371001.1 NV2t024371001.1	Clytia_hemispherica_TCONS_00005356-protein TCONS_00005356-protein
OG0000971	Nematostella_vectensis_NV2t021898001.1 NV2t021898001.1	Clytia_hemispherica_TCONS_00053810-protein TCONS_00053810-protein
OG0001173	Nematostella_vectensis_NV2t003066002.1 NV2t003066002.1, Nematostella_vectensis_NV2t003066001.1 NV2t003066001.1	Clytia_hemispherica_TCONS_00028858-protein TCONS_00028858-protein
